INSERT INTO "City" ("City_ID", "Name", "Country") VALUES (1, 'Warszawa', 'Poland');
INSERT INTO "City" ("City_ID", "Name", "Country") VALUES (2, 'Kraków', 'Poland');
INSERT INTO "City" ("City_ID", "Name", "Country") VALUES (3, 'Łódź', 'Poland');
INSERT INTO "City" ("City_ID", "Name", "Country") VALUES (4, 'Wrocław', 'Poland');
INSERT INTO "City" ("City_ID", "Name", "Country") VALUES (5, 'Poznań', 'Poland');
INSERT INTO "City" ("City_ID", "Name", "Country") VALUES (6, 'Gdańsk', 'Poland');
INSERT INTO "City" ("City_ID", "Name", "Country") VALUES (7, 'Szczecin', 'Poland');
INSERT INTO "City" ("City_ID", "Name", "Country") VALUES (8, 'Bydgoszcz', 'Poland');
INSERT INTO "City" ("City_ID", "Name", "Country") VALUES (9, 'Lublin', 'Poland');
INSERT INTO "City" ("City_ID", "Name", "Country") VALUES (10, 'Białystok', 'Poland');
INSERT INTO "City" ("City_ID", "Name", "Country") VALUES (11, 'Berlin', 'Germany');
INSERT INTO "City" ("City_ID", "Name", "Country") VALUES (12, 'München', 'Germany');
INSERT INTO "City" ("City_ID", "Name", "Country") VALUES (13, 'Hamburg', 'Germany');
INSERT INTO "City" ("City_ID", "Name", "Country") VALUES (14, 'Köln', 'Germany');
INSERT INTO "City" ("City_ID", "Name", "Country") VALUES (15, 'Frankfurt am Main', 'Germany');
INSERT INTO "City" ("City_ID", "Name", "Country") VALUES (16, 'Stuttgart', 'Germany');
INSERT INTO "City" ("City_ID", "Name", "Country") VALUES (17, 'Düsseldorf', 'Germany');
INSERT INTO "City" ("City_ID", "Name", "Country") VALUES (18, 'Dresden', 'Germany');
INSERT INTO "City" ("City_ID", "Name", "Country") VALUES (19, 'Leipzig', 'Germany');
INSERT INTO "City" ("City_ID", "Name", "Country") VALUES (20, 'Hannover', 'Germany');
INSERT INTO "City" ("City_ID", "Name", "Country") VALUES (21, 'Paris', 'France');
INSERT INTO "City" ("City_ID", "Name", "Country") VALUES (22, 'Marseille', 'France');
INSERT INTO "City" ("City_ID", "Name", "Country") VALUES (23, 'Lyon', 'France');
INSERT INTO "City" ("City_ID", "Name", "Country") VALUES (24, 'Toulouse', 'France');
INSERT INTO "City" ("City_ID", "Name", "Country") VALUES (25, 'Nice', 'France');
INSERT INTO "City" ("City_ID", "Name", "Country") VALUES (26, 'Nantes', 'France');
INSERT INTO "City" ("City_ID", "Name", "Country") VALUES (27, 'Strasbourg', 'France');
INSERT INTO "City" ("City_ID", "Name", "Country") VALUES (28, 'Montpellier', 'France');
INSERT INTO "City" ("City_ID", "Name", "Country") VALUES (29, 'Bordeaux', 'France');
INSERT INTO "City" ("City_ID", "Name", "Country") VALUES (30, 'Lille', 'France');
INSERT INTO "City" ("City_ID", "Name", "Country") VALUES (31, 'London', 'United Kingdom');
INSERT INTO "City" ("City_ID", "Name", "Country") VALUES (32, 'Birmingham', 'United Kingdom');
INSERT INTO "City" ("City_ID", "Name", "Country") VALUES (33, 'Manchester', 'United Kingdom');
INSERT INTO "City" ("City_ID", "Name", "Country") VALUES (34, 'Glasgow', 'United Kingdom');
INSERT INTO "City" ("City_ID", "Name", "Country") VALUES (35, 'Leeds', 'United Kingdom');
INSERT INTO "City" ("City_ID", "Name", "Country") VALUES (36, 'Liverpool', 'United Kingdom');
INSERT INTO "City" ("City_ID", "Name", "Country") VALUES (37, 'Bristol', 'United Kingdom');
INSERT INTO "City" ("City_ID", "Name", "Country") VALUES (38, 'Edinburgh', 'United Kingdom');
INSERT INTO "City" ("City_ID", "Name", "Country") VALUES (39, 'Sheffield', 'United Kingdom');
INSERT INTO "City" ("City_ID", "Name", "Country") VALUES (40, 'Cardiff', 'United Kingdom');
INSERT INTO "City" ("City_ID", "Name", "Country") VALUES (41, 'Roma', 'Italy');
INSERT INTO "City" ("City_ID", "Name", "Country") VALUES (42, 'Milano', 'Italy');
INSERT INTO "City" ("City_ID", "Name", "Country") VALUES (43, 'Napoli', 'Italy');
INSERT INTO "City" ("City_ID", "Name", "Country") VALUES (44, 'Torino', 'Italy');
INSERT INTO "City" ("City_ID", "Name", "Country") VALUES (45, 'Palermo', 'Italy');
INSERT INTO "City" ("City_ID", "Name", "Country") VALUES (46, 'Genova', 'Italy');
INSERT INTO "City" ("City_ID", "Name", "Country") VALUES (47, 'Bologna', 'Italy');
INSERT INTO "City" ("City_ID", "Name", "Country") VALUES (48, 'Firenze', 'Italy');
INSERT INTO "City" ("City_ID", "Name", "Country") VALUES (49, 'Bari', 'Italy');
INSERT INTO "City" ("City_ID", "Name", "Country") VALUES (50, 'Catania', 'Italy');
INSERT INTO "City" ("City_ID", "Name", "Country") VALUES (51, 'Madrid', 'Spain');
INSERT INTO "City" ("City_ID", "Name", "Country") VALUES (52, 'Barcelona', 'Spain');
INSERT INTO "City" ("City_ID", "Name", "Country") VALUES (53, 'Valencia', 'Spain');
INSERT INTO "City" ("City_ID", "Name", "Country") VALUES (54, 'Sevilla', 'Spain');
INSERT INTO "City" ("City_ID", "Name", "Country") VALUES (55, 'Zaragoza', 'Spain');
INSERT INTO "City" ("City_ID", "Name", "Country") VALUES (56, 'Málaga', 'Spain');
INSERT INTO "City" ("City_ID", "Name", "Country") VALUES (57, 'Murcia', 'Spain');
INSERT INTO "City" ("City_ID", "Name", "Country") VALUES (58, 'Palma', 'Spain');
INSERT INTO "City" ("City_ID", "Name", "Country") VALUES (59, 'Bilbao', 'Spain');
INSERT INTO "City" ("City_ID", "Name", "Country") VALUES (60, 'Alicante', 'Spain');
INSERT INTO "Address" ("Address_ID", "Postcode", "Street", "Street_number", "City_ID") VALUES (1, '40119', 'Regent Street', 22, 31);
INSERT INTO "Address" ("Address_ID", "Postcode", "Street", "Street_number", "City_ID") VALUES (2, '25370', 'Avenida de la Constitución', 37, 54);
INSERT INTO "Address" ("Address_ID", "Postcode", "Street", "Street_number", "City_ID") VALUES (3, '61746', 'Abbeydale Road', 72, 39);
INSERT INTO "Address" ("Address_ID", "Postcode", "Street", "Street_number", "City_ID") VALUES (4, '57704', 'Calle Castaños', 23, 60);
INSERT INTO "Address" ("Address_ID", "Postcode", "Street", "Street_number", "City_ID") VALUES (5, '55303', 'Rue de Rome', 36, 22);
INSERT INTO "Address" ("Address_ID", "Postcode", "Street", "Street_number", "City_ID") VALUES (6, '45293', 'Calle Mayor', 62, 51);
INSERT INTO "Address" ("Address_ID", "Postcode", "Street", "Street_number", "City_ID") VALUES (7, '95572', 'Piccadilly', 55, 31);
INSERT INTO "Address" ("Address_ID", "Postcode", "Street", "Street_number", "City_ID") VALUES (8, '15259', 'Sauchiehall Street', 37, 34);
INSERT INTO "Address" ("Address_ID", "Postcode", "Street", "Street_number", "City_ID") VALUES (9, '48135', 'La Rambla', 94, 52);
INSERT INTO "Address" ("Address_ID", "Postcode", "Street", "Street_number", "City_ID") VALUES (10, '80148', 'Albertstraße', 47, 18);
INSERT INTO "Address" ("Address_ID", "Postcode", "Street", "Street_number", "City_ID") VALUES (11, '14378', 'Borgo degli Albizi', 14, 48);
INSERT INTO "Address" ("Address_ID", "Postcode", "Street", "Street_number", "City_ID") VALUES (12, '59656', 'Rue Judaïque', 13, 29);
INSERT INTO "Address" ("Address_ID", "Postcode", "Street", "Street_number", "City_ID") VALUES (13, '67236', 'Rue de Rome', 43, 22);
INSERT INTO "Address" ("Address_ID", "Postcode", "Street", "Street_number", "City_ID") VALUES (14, '96857', 'Rue du Molinel', 51, 30);
INSERT INTO "Address" ("Address_ID", "Postcode", "Street", "Street_number", "City_ID") VALUES (15, '19800', 'Via Torino', 1, 42);
INSERT INTO "Address" ("Address_ID", "Postcode", "Street", "Street_number", "City_ID") VALUES (16, '27782', 'Corso Vittorio Emanuele', 77, 45);
INSERT INTO "Address" ("Address_ID", "Postcode", "Street", "Street_number", "City_ID") VALUES (17, '20780', 'Portland Street', 65, 33);
INSERT INTO "Address" ("Address_ID", "Postcode", "Street", "Street_number", "City_ID") VALUES (18, '69850', 'Cowbridge Road East', 75, 40);
INSERT INTO "Address" ("Address_ID", "Postcode", "Street", "Street_number", "City_ID") VALUES (19, '83912', 'Bath Street', 96, 34);
INSERT INTO "Address" ("Address_ID", "Postcode", "Street", "Street_number", "City_ID") VALUES (20, '30372', 'Princes Street', 31, 38);
INSERT INTO "Address" ("Address_ID", "Postcode", "Street", "Street_number", "City_ID") VALUES (21, '18930', 'Corneliusstraße', 87, 17);
INSERT INTO "Address" ("Address_ID", "Postcode", "Street", "Street_number", "City_ID") VALUES (22, '19238', 'Brienner Straße', 85, 12);
INSERT INTO "Address" ("Address_ID", "Postcode", "Street", "Street_number", "City_ID") VALUES (23, '42627', 'ul. Krzywoustego', 9, 7);
INSERT INTO "Address" ("Address_ID", "Postcode", "Street", "Street_number", "City_ID") VALUES (24, '22071', 'Rue Léon Gambetta', 24, 30);
INSERT INTO "Address" ("Address_ID", "Postcode", "Street", "Street_number", "City_ID") VALUES (25, '79772', 'Via Etnea', 11, 50);
INSERT INTO "Address" ("Address_ID", "Postcode", "Street", "Street_number", "City_ID") VALUES (26, '68844', 'Piccadilly', 17, 31);
INSERT INTO "Address" ("Address_ID", "Postcode", "Street", "Street_number", "City_ID") VALUES (27, '21259', 'George Street', 57, 38);
INSERT INTO "Address" ("Address_ID", "Postcode", "Street", "Street_number", "City_ID") VALUES (28, '41690', 'Avinguda de Jaume III', 21, 58);
INSERT INTO "Address" ("Address_ID", "Postcode", "Street", "Street_number", "City_ID") VALUES (29, '11752', 'Via Manzoni', 21, 49);
INSERT INTO "Address" ("Address_ID", "Postcode", "Street", "Street_number", "City_ID") VALUES (30, '10592', 'ul. Długa', 74, 2);
INSERT INTO "Car_condition" ("Car_condition_ID", "Condition") VALUES (1, 'New');
INSERT INTO "Car_condition" ("Car_condition_ID", "Condition") VALUES (2, 'Used');
INSERT INTO "Car_condition" ("Car_condition_ID", "Condition") VALUES (3, 'Damaged');
INSERT INTO "Car_dealer" ("Car_dealer_ID", "Name", "Address_ID") VALUES (1, 'Velocity Cars', 18);
INSERT INTO "Car_dealer" ("Car_dealer_ID", "Name", "Address_ID") VALUES (2, 'Horizon Auto Hub', 1);
INSERT INTO "Car_dealer" ("Car_dealer_ID", "Name", "Address_ID") VALUES (3, 'RoadStar Dealers', 27);
INSERT INTO "Car_dealer" ("Car_dealer_ID", "Name", "Address_ID") VALUES (4, 'Prestige Auto Haus', 21);
INSERT INTO "Car_dealer" ("Car_dealer_ID", "Name", "Address_ID") VALUES (5, 'CityRide Dealership', 15);
INSERT INTO "Car_dealer" ("Car_dealer_ID", "Name", "Address_ID") VALUES (6, 'Platinum Auto Group', 29);
INSERT INTO "Car_dealer" ("Car_dealer_ID", "Name", "Address_ID") VALUES (7, 'WestEnd Motors', 19);
INSERT INTO "Car_dealer" ("Car_dealer_ID", "Name", "Address_ID") VALUES (8, 'MotorHouse Select', 22);
INSERT INTO "Car_dealer" ("Car_dealer_ID", "Name", "Address_ID") VALUES (9, 'Galaxy Auto Group', 16);
INSERT INTO "Car_dealer" ("Car_dealer_ID", "Name", "Address_ID") VALUES (10, 'Zenith Car Sales', 11);
INSERT INTO "Car_dealer" ("Car_dealer_ID", "Name", "Address_ID") VALUES (11, 'Speedline Motors', 8);
INSERT INTO "Car_dealer" ("Car_dealer_ID", "Name", "Address_ID") VALUES (12, 'Metro Car Exchange', 3);
INSERT INTO "Car_dealer" ("Car_dealer_ID", "Name", "Address_ID") VALUES (13, 'AutoNova', 5);
INSERT INTO "Car_dealer" ("Car_dealer_ID", "Name", "Address_ID") VALUES (14, 'TrueCar Hub', 6);
INSERT INTO "Car_dealer" ("Car_dealer_ID", "Name", "Address_ID") VALUES (15, 'Eagle Motors', 26);
INSERT INTO "Car_dealer" ("Car_dealer_ID", "Name", "Address_ID") VALUES (16, 'Infinity Drive', 13);
INSERT INTO "Car_dealer" ("Car_dealer_ID", "Name", "Address_ID") VALUES (17, 'Summit Auto Sales', 17);
INSERT INTO "Car_dealer" ("Car_dealer_ID", "Name", "Address_ID") VALUES (18, 'Vantage Drive', 30);
INSERT INTO "Car_dealer" ("Car_dealer_ID", "Name", "Address_ID") VALUES (19, 'AutoCraft Showroom', 28);
INSERT INTO "Car_dealer" ("Car_dealer_ID", "Name", "Address_ID") VALUES (20, 'DriveTime Motors', 23);
INSERT INTO "Car_dealer" ("Car_dealer_ID", "Name", "Address_ID") VALUES (21, 'Titan Auto Center', 20);
INSERT INTO "Car_dealer" ("Car_dealer_ID", "Name", "Address_ID") VALUES (22, 'TopGear Motors', 2);
INSERT INTO "Car_dealer" ("Car_dealer_ID", "Name", "Address_ID") VALUES (23, 'Prime Wheels', 24);
INSERT INTO "Car_dealer" ("Car_dealer_ID", "Name", "Address_ID") VALUES (24, 'Autobahn Traders', 4);
INSERT INTO "Car_dealer" ("Car_dealer_ID", "Name", "Address_ID") VALUES (25, 'Phoenix Auto Spot', 25);
INSERT INTO "Car_dealer" ("Car_dealer_ID", "Name", "Address_ID") VALUES (26, 'FairDeal Cars', 7);
INSERT INTO "Car_dealer" ("Car_dealer_ID", "Name", "Address_ID") VALUES (27, 'Highway Motors', 14);
INSERT INTO "Car_dealer" ("Car_dealer_ID", "Name", "Address_ID") VALUES (28, 'Royal Ride Dealers', 10);
INSERT INTO "Car_dealer" ("Car_dealer_ID", "Name", "Address_ID") VALUES (29, 'Apex Auto Mall', 12);
INSERT INTO "Car_dealer" ("Car_dealer_ID", "Name", "Address_ID") VALUES (30, 'AutoKingz', 9);
INSERT INTO "Employee_status" ("Employee_status_ID", "Status_name") VALUES (1, 'Active');
INSERT INTO "Employee_status" ("Employee_status_ID", "Status_name") VALUES (2, 'On Leave');
INSERT INTO "Login_credentials" ("Login_credentials_ID", "Login", "Password") VALUES (1, 'ySYIBIXpZN', 'gW8pVW5Ohl');
INSERT INTO "Login_credentials" ("Login_credentials_ID", "Login", "Password") VALUES (2, 'lFcCPq', 'SUMaeMTczHBP05uc');
INSERT INTO "Login_credentials" ("Login_credentials_ID", "Login", "Password") VALUES (3, 'fFizdmqkP', 'ZU7oA9VUYu05A');
INSERT INTO "Login_credentials" ("Login_credentials_ID", "Login", "Password") VALUES (4, 'bYoQb', 'UC1C861i63ZH');
INSERT INTO "Login_credentials" ("Login_credentials_ID", "Login", "Password") VALUES (5, 'uHFOwOMwmg', 'pCLkAFt4GUnhubdN');
INSERT INTO "Login_credentials" ("Login_credentials_ID", "Login", "Password") VALUES (6, 'ccMlzEgq', 'IgnceqdIYHGB133');
INSERT INTO "Login_credentials" ("Login_credentials_ID", "Login", "Password") VALUES (7, 'dEdhNav', '0TfLmWIRrBBswac');
INSERT INTO "Login_credentials" ("Login_credentials_ID", "Login", "Password") VALUES (8, 'VqoTDpK', 'nnwEt85ZD');
INSERT INTO "Login_credentials" ("Login_credentials_ID", "Login", "Password") VALUES (9, 'irpdse', '8dIzkR6mLN');
INSERT INTO "Login_credentials" ("Login_credentials_ID", "Login", "Password") VALUES (10, 'UnHisXEo', 'm1xnq0YDo');
INSERT INTO "Login_credentials" ("Login_credentials_ID", "Login", "Password") VALUES (11, 'bUvGjaY', 'vrP7OASU');
INSERT INTO "Login_credentials" ("Login_credentials_ID", "Login", "Password") VALUES (12, 'WEgQKS', 'qovRTZfj7Um');
INSERT INTO "Login_credentials" ("Login_credentials_ID", "Login", "Password") VALUES (13, 'TJnGgR', 'S8u2ykh94R');
INSERT INTO "Login_credentials" ("Login_credentials_ID", "Login", "Password") VALUES (14, 'vnJoX', 'BsUrc6MPl4Nx7');
INSERT INTO "Login_credentials" ("Login_credentials_ID", "Login", "Password") VALUES (15, 'qoNQWL', 'Zdnt2IB1QJcDZ');
INSERT INTO "Login_credentials" ("Login_credentials_ID", "Login", "Password") VALUES (16, 'KHciBFNR', '3vp2WVqU91p');
INSERT INTO "Login_credentials" ("Login_credentials_ID", "Login", "Password") VALUES (17, 'nmuaOySVa', 'Hutd8xrJfxMk');
INSERT INTO "Login_credentials" ("Login_credentials_ID", "Login", "Password") VALUES (18, 'eWZGL', 'znbYrwleJrwdCOk');
INSERT INTO "Login_credentials" ("Login_credentials_ID", "Login", "Password") VALUES (19, 'MPUbL', 'grMcUXyz6wjDnMG');
INSERT INTO "Login_credentials" ("Login_credentials_ID", "Login", "Password") VALUES (20, 'FstPvj', 'ZaOCCNOz');
INSERT INTO "Login_credentials" ("Login_credentials_ID", "Login", "Password") VALUES (21, 'gfnjxAMo', 'IlihXArwnlyJNoU');
INSERT INTO "Login_credentials" ("Login_credentials_ID", "Login", "Password") VALUES (22, 'LjWYWc', 'Y29s0B8Mg7ji2j9c');
INSERT INTO "Login_credentials" ("Login_credentials_ID", "Login", "Password") VALUES (23, 'gICDphdOo', 'OODVHaurLU3');
INSERT INTO "Login_credentials" ("Login_credentials_ID", "Login", "Password") VALUES (24, 'cnIEijLyY', 'frK82Zr8CcHbiaEW');
INSERT INTO "Login_credentials" ("Login_credentials_ID", "Login", "Password") VALUES (25, 'tjRIx', 'alkW8ldgH');
INSERT INTO "Login_credentials" ("Login_credentials_ID", "Login", "Password") VALUES (26, 'WCdrwospA', 'kbOnYLZNxQCwG');
INSERT INTO "Login_credentials" ("Login_credentials_ID", "Login", "Password") VALUES (27, 'iKVNfYZ', 'wQtrsQA5');
INSERT INTO "Login_credentials" ("Login_credentials_ID", "Login", "Password") VALUES (28, 'kSarGmC', 'vLOenH6hMMV8h');
INSERT INTO "Login_credentials" ("Login_credentials_ID", "Login", "Password") VALUES (29, 'BIPXk', 'kUEcncnMcfKdSBX');
INSERT INTO "Login_credentials" ("Login_credentials_ID", "Login", "Password") VALUES (30, 'EsRdBlF', 'kIIS6QmJb48yB');
INSERT INTO "Login_credentials" ("Login_credentials_ID", "Login", "Password") VALUES (31, 'ITxlUmuHAC', 'qFhVlUFqSSZC');
INSERT INTO "Login_credentials" ("Login_credentials_ID", "Login", "Password") VALUES (32, 'GOWnHfKV', 'zql2iHttTEEtrw');
INSERT INTO "Login_credentials" ("Login_credentials_ID", "Login", "Password") VALUES (33, 'dhRwxyqN', 'MWddK29ZD3Aez');
INSERT INTO "Login_credentials" ("Login_credentials_ID", "Login", "Password") VALUES (34, 'fUZwQtUw', 'lCzFZjqqVwC');
INSERT INTO "Login_credentials" ("Login_credentials_ID", "Login", "Password") VALUES (35, 'douzJ', 'dlIPcymk8wMU');
INSERT INTO "Login_credentials" ("Login_credentials_ID", "Login", "Password") VALUES (36, 'ClzUhw', 'wfyGzH4wDZRBV0w');
INSERT INTO "Login_credentials" ("Login_credentials_ID", "Login", "Password") VALUES (37, 'sYtaSxvZHU', 'd6xGecDoPkjGLM0');
INSERT INTO "Login_credentials" ("Login_credentials_ID", "Login", "Password") VALUES (38, 'WnRpU', '5ISgggc6ziQmX04');
INSERT INTO "Login_credentials" ("Login_credentials_ID", "Login", "Password") VALUES (39, 'irwlhkCssg', 'GVehI5tHd9J');
INSERT INTO "Login_credentials" ("Login_credentials_ID", "Login", "Password") VALUES (40, 'pQejqSef', 'g3ZQc6a9lfubL');
INSERT INTO "Login_credentials" ("Login_credentials_ID", "Login", "Password") VALUES (41, 'riIztKWz', 'Sz6dHor3l');
INSERT INTO "Login_credentials" ("Login_credentials_ID", "Login", "Password") VALUES (42, 'uHYrNN', 'wN4YyKlUFrQjl5');
INSERT INTO "Login_credentials" ("Login_credentials_ID", "Login", "Password") VALUES (43, 'jQqAY', 'Rn6kt4d5Rw');
INSERT INTO "Login_credentials" ("Login_credentials_ID", "Login", "Password") VALUES (44, 'YbtrNdKhW', 'YmrDHhXVyA');
INSERT INTO "Login_credentials" ("Login_credentials_ID", "Login", "Password") VALUES (45, 'SjfDZrleZJ', 'C6cXa6jSxim7cXii');
INSERT INTO "Login_credentials" ("Login_credentials_ID", "Login", "Password") VALUES (46, 'CgFdz', 'h9USivpH');
INSERT INTO "Login_credentials" ("Login_credentials_ID", "Login", "Password") VALUES (47, 'SOXAYS', 'RDAGN2MISd2BrM');
INSERT INTO "Login_credentials" ("Login_credentials_ID", "Login", "Password") VALUES (48, 'YIxJqi', 'Kam60o8lb2pit');
INSERT INTO "Login_credentials" ("Login_credentials_ID", "Login", "Password") VALUES (49, 'bROjLjM', 'jZ9sSr12Xp');
INSERT INTO "Login_credentials" ("Login_credentials_ID", "Login", "Password") VALUES (50, 'gyZEJO', 'sJHsZLCAUkaXyoc');
INSERT INTO "Login_credentials" ("Login_credentials_ID", "Login", "Password") VALUES (51, 'FVfYSZi', 'FPimYmxTR6i');
INSERT INTO "Login_credentials" ("Login_credentials_ID", "Login", "Password") VALUES (52, 'wBtTY', 'MwNi44YdIx9');
INSERT INTO "Login_credentials" ("Login_credentials_ID", "Login", "Password") VALUES (53, 'prbwtnTrYy', 'FpL8ecCW');
INSERT INTO "Login_credentials" ("Login_credentials_ID", "Login", "Password") VALUES (54, 'LcpNeLz', 'mNQGXtbOu');
INSERT INTO "Login_credentials" ("Login_credentials_ID", "Login", "Password") VALUES (55, 'OngFzTHfX', 'bIyIVFjZwIt7');
INSERT INTO "Login_credentials" ("Login_credentials_ID", "Login", "Password") VALUES (56, 'BcJYyk', 'Ulrf56YbAo6G482');
INSERT INTO "Login_credentials" ("Login_credentials_ID", "Login", "Password") VALUES (57, 'NUmkaxJo', 'qAdq8cmAjQp');
INSERT INTO "Login_credentials" ("Login_credentials_ID", "Login", "Password") VALUES (58, 'jWFScpekhD', '02RqKmz7Xmm');
INSERT INTO "Login_credentials" ("Login_credentials_ID", "Login", "Password") VALUES (59, 'tJELDbD', 'mBGeuNfHW');
INSERT INTO "Login_credentials" ("Login_credentials_ID", "Login", "Password") VALUES (60, 'GUhdh', 'L1oE2NIclzAKaPf');
INSERT INTO "Login_credentials" ("Login_credentials_ID", "Login", "Password") VALUES (61, 'eSjeKwRPyi', 'LDTi99NhOsan');
INSERT INTO "Login_credentials" ("Login_credentials_ID", "Login", "Password") VALUES (62, 'wfBSGVhFI', 'lGBy2biPfJaib6g');
INSERT INTO "Login_credentials" ("Login_credentials_ID", "Login", "Password") VALUES (63, 'ArbuUs', 'm26aPr25vN');
INSERT INTO "Login_credentials" ("Login_credentials_ID", "Login", "Password") VALUES (64, 'brrvKitL', 'pF8XCXWHIqZ');
INSERT INTO "Login_credentials" ("Login_credentials_ID", "Login", "Password") VALUES (65, 'eUcYhNERqK', '9HDkSKgvIXn0Bf');
INSERT INTO "Login_credentials" ("Login_credentials_ID", "Login", "Password") VALUES (66, 'QsHroFkBg', 'Tv9fhjJi3eoJuX');
INSERT INTO "Login_credentials" ("Login_credentials_ID", "Login", "Password") VALUES (67, 'uqozFsBE', 'icEzFRBFEKSdj');
INSERT INTO "Login_credentials" ("Login_credentials_ID", "Login", "Password") VALUES (68, 'qytbpi', '8LJqZS3EUo');
INSERT INTO "Login_credentials" ("Login_credentials_ID", "Login", "Password") VALUES (69, 'XJnBiLNnaN', 'a3EzrdqqO7');
INSERT INTO "Login_credentials" ("Login_credentials_ID", "Login", "Password") VALUES (70, 'ogJmrfBcp', 'ArJJqo9G');
INSERT INTO "Login_credentials" ("Login_credentials_ID", "Login", "Password") VALUES (71, 'FqSgIqC', 'TvrrBLwruvODQJ');
INSERT INTO "Login_credentials" ("Login_credentials_ID", "Login", "Password") VALUES (72, 'xeMqYwj', '5pYAUaIrR9S');
INSERT INTO "Login_credentials" ("Login_credentials_ID", "Login", "Password") VALUES (73, 'gJSVIBcaq', 'A4W7evc1eHA');
INSERT INTO "Login_credentials" ("Login_credentials_ID", "Login", "Password") VALUES (74, 'KfhmU', 'fc9Dtzo00dnu');
INSERT INTO "Login_credentials" ("Login_credentials_ID", "Login", "Password") VALUES (75, 'TQIdgAaxVn', 'djab1lHFJX');
INSERT INTO "Login_credentials" ("Login_credentials_ID", "Login", "Password") VALUES (76, 'xPcaYASxqe', '8TUZCutnLJk');
INSERT INTO "Login_credentials" ("Login_credentials_ID", "Login", "Password") VALUES (77, 'rXbUcpyp', 'cSxml5PyLC1HwZ');
INSERT INTO "Login_credentials" ("Login_credentials_ID", "Login", "Password") VALUES (78, 'gqwtZEM', 'tBK5brnZShmG2GA');
INSERT INTO "Login_credentials" ("Login_credentials_ID", "Login", "Password") VALUES (79, 'qlwwWJd', '3AHGtgSuofZ');
INSERT INTO "Login_credentials" ("Login_credentials_ID", "Login", "Password") VALUES (80, 'mSopHpvWdk', 'wQHfxrtwNoWFJki');
INSERT INTO "Login_credentials" ("Login_credentials_ID", "Login", "Password") VALUES (81, 'gqPWdannKy', '76H81FYyIjDb');
INSERT INTO "Login_credentials" ("Login_credentials_ID", "Login", "Password") VALUES (82, 'SLPQvfT', '81jZ60ZNLQ');
INSERT INTO "Login_credentials" ("Login_credentials_ID", "Login", "Password") VALUES (83, 'iObKyUToCE', 'OIxZvUdJ7ECU1r');
INSERT INTO "Login_credentials" ("Login_credentials_ID", "Login", "Password") VALUES (84, 'ExqaunQWE', 'zS6SZ4NUJrx6peF7');
INSERT INTO "Login_credentials" ("Login_credentials_ID", "Login", "Password") VALUES (85, 'DRaGy', 'j2ypmUtLoATBIvOW');
INSERT INTO "Login_credentials" ("Login_credentials_ID", "Login", "Password") VALUES (86, 'AuHqi', 'n5HrC3PUuLCeZA');
INSERT INTO "Login_credentials" ("Login_credentials_ID", "Login", "Password") VALUES (87, 'LzkbSlpGGa', 'Tm7zgMkAyWTcKhm3');
INSERT INTO "Login_credentials" ("Login_credentials_ID", "Login", "Password") VALUES (88, 'IvdPIse', 'jJWo6U1It3Mb');
INSERT INTO "Login_credentials" ("Login_credentials_ID", "Login", "Password") VALUES (89, 'ndvvKizn', 'aX1IRCRb');
INSERT INTO "Login_credentials" ("Login_credentials_ID", "Login", "Password") VALUES (90, 'xyJLBBbLYK', 'ay65LvpAcaOxmjq');
INSERT INTO "Login_credentials" ("Login_credentials_ID", "Login", "Password") VALUES (91, 'AZqIYIqeib', 'xcbIYKaKzt');
INSERT INTO "Login_credentials" ("Login_credentials_ID", "Login", "Password") VALUES (92, 'vocMFxBZ', 'IfiUK2zxPdvVSp');
INSERT INTO "Login_credentials" ("Login_credentials_ID", "Login", "Password") VALUES (93, 'nUmCnLr', 'lEEDxkjIObXCYZ');
INSERT INTO "Login_credentials" ("Login_credentials_ID", "Login", "Password") VALUES (94, 'gtqCTeq', 'e78iJoMCNFK1Hd');
INSERT INTO "Login_credentials" ("Login_credentials_ID", "Login", "Password") VALUES (95, 'hiNkxHLFCD', 'WmUSTiLDu3');
INSERT INTO "Login_credentials" ("Login_credentials_ID", "Login", "Password") VALUES (96, 'TkcJTawB', 'KGHNBTadGd722');
INSERT INTO "Login_credentials" ("Login_credentials_ID", "Login", "Password") VALUES (97, 'NyHUv', 'yft3e9Wi4WQmk36n');
INSERT INTO "Login_credentials" ("Login_credentials_ID", "Login", "Password") VALUES (98, 'sMolfF', '5O9sOEqo');
INSERT INTO "Login_credentials" ("Login_credentials_ID", "Login", "Password") VALUES (99, 'jNeQd', 'Y6vFdLdrcDh');
INSERT INTO "Login_credentials" ("Login_credentials_ID", "Login", "Password") VALUES (100, 'iOexlKfQW', 'on3pqEPvAGhi');
INSERT INTO "Position" ("Position_ID", "Name", "Min_salary", "Max_salary") VALUES (1, 'Salesperson', 13488, 16190);
INSERT INTO "Position" ("Position_ID", "Name", "Min_salary", "Max_salary") VALUES (2, 'Manager', 8687, 8961);
INSERT INTO "Position" ("Position_ID", "Name", "Min_salary", "Max_salary") VALUES (3, 'Technician', 14927, 15523);
INSERT INTO "Employee" ("Employee_ID", "Name", "Surname", "Gender", "Salary", "Date_of_birth", "Phone_number", "Employee_status_ID", "Car_dealer_ID", "Login_credentials_ID") VALUES (1, 'Brooks', 'Patterson', 'M', NULL, '1957-09-30', '508989342', 1, 10, 61);
INSERT INTO "Employee" ("Employee_ID", "Name", "Surname", "Gender", "Salary", "Date_of_birth", "Phone_number", "Employee_status_ID", "Car_dealer_ID", "Login_credentials_ID") VALUES (2, 'Esme', 'Osborne', 'F', NULL, '1989-01-10', '137534480', 2, 13, 4);
INSERT INTO "Employee" ("Employee_ID", "Name", "Surname", "Gender", "Salary", "Date_of_birth", "Phone_number", "Employee_status_ID", "Car_dealer_ID", "Login_credentials_ID") VALUES (3, 'Madelyn', 'Barnes', 'F', NULL, '1968-06-02', '382143528', 2, 6, 60);
INSERT INTO "Employee" ("Employee_ID", "Name", "Surname", "Gender", "Salary", "Date_of_birth", "Phone_number", "Employee_status_ID", "Car_dealer_ID", "Login_credentials_ID") VALUES (4, 'Kora', 'Zimmerman', 'F', NULL, '1975-04-30', '369296257', 1, 14, 29);
INSERT INTO "Employee" ("Employee_ID", "Name", "Surname", "Gender", "Salary", "Date_of_birth", "Phone_number", "Employee_status_ID", "Car_dealer_ID", "Login_credentials_ID") VALUES (5, 'Makayla', 'Andrews', 'F', NULL, '1988-05-04', '430286660', 1, 23, 66);
INSERT INTO "Employee" ("Employee_ID", "Name", "Surname", "Gender", "Salary", "Date_of_birth", "Phone_number", "Employee_status_ID", "Car_dealer_ID", "Login_credentials_ID") VALUES (6, 'Delilah', 'Jenkins', 'F', NULL, '1957-10-08', '232924373', 1, 27, 88);
INSERT INTO "Employee" ("Employee_ID", "Name", "Surname", "Gender", "Salary", "Date_of_birth", "Phone_number", "Employee_status_ID", "Car_dealer_ID", "Login_credentials_ID") VALUES (7, 'Quinn', 'Gonzales', 'F', NULL, '1977-12-24', '146761852', 2, 20, 82);
INSERT INTO "Employee" ("Employee_ID", "Name", "Surname", "Gender", "Salary", "Date_of_birth", "Phone_number", "Employee_status_ID", "Car_dealer_ID", "Login_credentials_ID") VALUES (8, 'Jessica', 'Lawson', 'F', NULL, '1996-07-10', '908144301', 1, 21, 87);
INSERT INTO "Employee" ("Employee_ID", "Name", "Surname", "Gender", "Salary", "Date_of_birth", "Phone_number", "Employee_status_ID", "Car_dealer_ID", "Login_credentials_ID") VALUES (9, 'Ariana', 'Gray', 'F', NULL, '1957-12-02', '262545415', 2, 26, 81);
INSERT INTO "Employee" ("Employee_ID", "Name", "Surname", "Gender", "Salary", "Date_of_birth", "Phone_number", "Employee_status_ID", "Car_dealer_ID", "Login_credentials_ID") VALUES (10, 'Frank', 'Todd', 'M', NULL, '1987-12-07', '739470893', 2, 6, 18);
INSERT INTO "Employee" ("Employee_ID", "Name", "Surname", "Gender", "Salary", "Date_of_birth", "Phone_number", "Employee_status_ID", "Car_dealer_ID", "Login_credentials_ID") VALUES (11, 'Dominic', 'Pratt', 'M', NULL, '1981-03-18', '275171263', 1, 2, 79);
INSERT INTO "Employee" ("Employee_ID", "Name", "Surname", "Gender", "Salary", "Date_of_birth", "Phone_number", "Employee_status_ID", "Car_dealer_ID", "Login_credentials_ID") VALUES (12, 'Liliana', 'Washington', 'F', NULL, '1976-01-03', '773957433', 1, 21, 75);
INSERT INTO "Employee" ("Employee_ID", "Name", "Surname", "Gender", "Salary", "Date_of_birth", "Phone_number", "Employee_status_ID", "Car_dealer_ID", "Login_credentials_ID") VALUES (13, 'Theo', 'Perkins', 'M', NULL, '2000-11-07', '601250187', 2, 2, 20);
INSERT INTO "Employee" ("Employee_ID", "Name", "Surname", "Gender", "Salary", "Date_of_birth", "Phone_number", "Employee_status_ID", "Car_dealer_ID", "Login_credentials_ID") VALUES (14, 'Oakley', 'Barber', 'F', NULL, '2005-05-10', '314472144', 1, 4, 55);
INSERT INTO "Employee" ("Employee_ID", "Name", "Surname", "Gender", "Salary", "Date_of_birth", "Phone_number", "Employee_status_ID", "Car_dealer_ID", "Login_credentials_ID") VALUES (15, 'Peyton', 'Henderson', 'F', NULL, '1982-07-09', '474875516', 2, 27, 90);
INSERT INTO "Employee" ("Employee_ID", "Name", "Surname", "Gender", "Salary", "Date_of_birth", "Phone_number", "Employee_status_ID", "Car_dealer_ID", "Login_credentials_ID") VALUES (16, 'Logan', 'White', 'M', NULL, '1993-06-30', '526752425', 1, 9, 58);
INSERT INTO "Employee" ("Employee_ID", "Name", "Surname", "Gender", "Salary", "Date_of_birth", "Phone_number", "Employee_status_ID", "Car_dealer_ID", "Login_credentials_ID") VALUES (17, 'Bella', 'Collins', 'F', NULL, '1969-12-01', '573076648', 2, 21, 93);
INSERT INTO "Employee" ("Employee_ID", "Name", "Surname", "Gender", "Salary", "Date_of_birth", "Phone_number", "Employee_status_ID", "Car_dealer_ID", "Login_credentials_ID") VALUES (18, 'Daisy', 'Elliott', 'F', NULL, '1993-05-21', '543249292', 1, 18, 48);
INSERT INTO "Employee" ("Employee_ID", "Name", "Surname", "Gender", "Salary", "Date_of_birth", "Phone_number", "Employee_status_ID", "Car_dealer_ID", "Login_credentials_ID") VALUES (19, 'Caleb', 'Cook', 'M', NULL, '1972-06-26', '974599548', 1, 16, 26);
INSERT INTO "Employee" ("Employee_ID", "Name", "Surname", "Gender", "Salary", "Date_of_birth", "Phone_number", "Employee_status_ID", "Car_dealer_ID", "Login_credentials_ID") VALUES (20, 'Bryson', 'Lane', 'M', NULL, '1987-05-21', '280566795', 2, 29, 64);
INSERT INTO "Employee" ("Employee_ID", "Name", "Surname", "Gender", "Salary", "Date_of_birth", "Phone_number", "Employee_status_ID", "Car_dealer_ID", "Login_credentials_ID") VALUES (21, 'Emmett', 'Myers', 'M', NULL, '2001-11-02', '907714647', 2, 13, 85);
INSERT INTO "Employee" ("Employee_ID", "Name", "Surname", "Gender", "Salary", "Date_of_birth", "Phone_number", "Employee_status_ID", "Car_dealer_ID", "Login_credentials_ID") VALUES (22, 'Ezekiel', 'Howard', 'M', NULL, '1981-10-12', '346683429', 1, 7, 68);
INSERT INTO "Employee" ("Employee_ID", "Name", "Surname", "Gender", "Salary", "Date_of_birth", "Phone_number", "Employee_status_ID", "Car_dealer_ID", "Login_credentials_ID") VALUES (23, 'Claire', 'Edwards', 'F', NULL, '1988-10-28', '983310851', 2, 16, 27);
INSERT INTO "Employee" ("Employee_ID", "Name", "Surname", "Gender", "Salary", "Date_of_birth", "Phone_number", "Employee_status_ID", "Car_dealer_ID", "Login_credentials_ID") VALUES (24, 'Nolan', 'Rivera', 'M', NULL, '1956-07-29', '958323083', 2, 17, 37);
INSERT INTO "Employee" ("Employee_ID", "Name", "Surname", "Gender", "Salary", "Date_of_birth", "Phone_number", "Employee_status_ID", "Car_dealer_ID", "Login_credentials_ID") VALUES (25, 'Kayleigh', 'Steele', 'F', NULL, '1981-02-03', '873173592', 1, 7, 49);
INSERT INTO "Employee" ("Employee_ID", "Name", "Surname", "Gender", "Salary", "Date_of_birth", "Phone_number", "Employee_status_ID", "Car_dealer_ID", "Login_credentials_ID") VALUES (26, 'Evelyn', 'Moore', 'F', NULL, '1980-07-18', '910998180', 2, 29, 45);
INSERT INTO "Employee" ("Employee_ID", "Name", "Surname", "Gender", "Salary", "Date_of_birth", "Phone_number", "Employee_status_ID", "Car_dealer_ID", "Login_credentials_ID") VALUES (27, 'William', 'Garcia', 'M', NULL, '1959-07-10', '734095942', 2, 2, 54);
INSERT INTO "Employee" ("Employee_ID", "Name", "Surname", "Gender", "Salary", "Date_of_birth", "Phone_number", "Employee_status_ID", "Car_dealer_ID", "Login_credentials_ID") VALUES (28, 'Luke', 'Wright', 'M', NULL, '1977-10-20', '153956153', 1, 29, 32);
INSERT INTO "Employee" ("Employee_ID", "Name", "Surname", "Gender", "Salary", "Date_of_birth", "Phone_number", "Employee_status_ID", "Car_dealer_ID", "Login_credentials_ID") VALUES (29, 'Martin', 'Chandler', 'M', NULL, '1998-09-23', '792988700', 2, 2, 44);
INSERT INTO "Employee" ("Employee_ID", "Name", "Surname", "Gender", "Salary", "Date_of_birth", "Phone_number", "Employee_status_ID", "Car_dealer_ID", "Login_credentials_ID") VALUES (30, 'Fatima', 'Brady', 'F', NULL, '1963-08-09', '350248308', 1, 17, 14);
INSERT INTO "Employee" ("Employee_ID", "Name", "Surname", "Gender", "Salary", "Date_of_birth", "Phone_number", "Employee_status_ID", "Car_dealer_ID", "Login_credentials_ID") VALUES (31, 'Miles', 'Murphy', 'M', NULL, '1959-09-05', '711869711', 1, 27, 2);
INSERT INTO "Employee" ("Employee_ID", "Name", "Surname", "Gender", "Salary", "Date_of_birth", "Phone_number", "Employee_status_ID", "Car_dealer_ID", "Login_credentials_ID") VALUES (32, 'Bryce', 'Cross', 'M', NULL, '1987-10-09', '113497594', 2, 5, 80);
INSERT INTO "Employee" ("Employee_ID", "Name", "Surname", "Gender", "Salary", "Date_of_birth", "Phone_number", "Employee_status_ID", "Car_dealer_ID", "Login_credentials_ID") VALUES (33, 'Jalen', 'Hardy', 'M', NULL, '1981-04-24', '375801647', 1, 1, 67);
INSERT INTO "Employee" ("Employee_ID", "Name", "Surname", "Gender", "Salary", "Date_of_birth", "Phone_number", "Employee_status_ID", "Car_dealer_ID", "Login_credentials_ID") VALUES (34, 'Cameron', 'Cox', 'M', NULL, '1977-01-25', '680632939', 2, 23, 98);
INSERT INTO "Employee" ("Employee_ID", "Name", "Surname", "Gender", "Salary", "Date_of_birth", "Phone_number", "Employee_status_ID", "Car_dealer_ID", "Login_credentials_ID") VALUES (35, 'Emmanuel', 'Hamilton', 'M', NULL, '1979-03-07', '756386984', 2, 29, 52);
INSERT INTO "Employee" ("Employee_ID", "Name", "Surname", "Gender", "Salary", "Date_of_birth", "Phone_number", "Employee_status_ID", "Car_dealer_ID", "Login_credentials_ID") VALUES (36, 'Dylan', 'Roberts', 'M', NULL, '1985-04-29', '206731901', 2, 14, 31);
INSERT INTO "Employee" ("Employee_ID", "Name", "Surname", "Gender", "Salary", "Date_of_birth", "Phone_number", "Employee_status_ID", "Car_dealer_ID", "Login_credentials_ID") VALUES (37, 'Benjamin', 'Miller', 'M', NULL, '1962-02-01', '310544910', 1, 23, 74);
INSERT INTO "Employee" ("Employee_ID", "Name", "Surname", "Gender", "Salary", "Date_of_birth", "Phone_number", "Employee_status_ID", "Car_dealer_ID", "Login_credentials_ID") VALUES (38, 'Santiago', 'James', 'M', NULL, '1979-03-12', '827545678', 2, 3, 69);
INSERT INTO "Employee" ("Employee_ID", "Name", "Surname", "Gender", "Salary", "Date_of_birth", "Phone_number", "Employee_status_ID", "Car_dealer_ID", "Login_credentials_ID") VALUES (39, 'Isabella', 'Brown', 'F', NULL, '1994-07-06', '631403115', 1, 18, 6);
INSERT INTO "Employee" ("Employee_ID", "Name", "Surname", "Gender", "Salary", "Date_of_birth", "Phone_number", "Employee_status_ID", "Car_dealer_ID", "Login_credentials_ID") VALUES (40, 'Maria', 'Simmons', 'F', NULL, '1984-03-07', '890664868', 1, 17, 40);
INSERT INTO "Employee" ("Employee_ID", "Name", "Surname", "Gender", "Salary", "Date_of_birth", "Phone_number", "Employee_status_ID", "Car_dealer_ID", "Login_credentials_ID") VALUES (41, 'Bianca', 'Roy', 'F', NULL, '2000-08-21', '808332937', 1, 29, 3);
INSERT INTO "Employee" ("Employee_ID", "Name", "Surname", "Gender", "Salary", "Date_of_birth", "Phone_number", "Employee_status_ID", "Car_dealer_ID", "Login_credentials_ID") VALUES (42, 'Isla', 'Butler', 'F', NULL, '1981-10-19', '447859718', 1, 19, 35);
INSERT INTO "Employee" ("Employee_ID", "Name", "Surname", "Gender", "Salary", "Date_of_birth", "Phone_number", "Employee_status_ID", "Car_dealer_ID", "Login_credentials_ID") VALUES (43, 'Remington', 'Berry', 'M', NULL, '1993-10-09', '982550123', 2, 22, 7);
INSERT INTO "Employee" ("Employee_ID", "Name", "Surname", "Gender", "Salary", "Date_of_birth", "Phone_number", "Employee_status_ID", "Car_dealer_ID", "Login_credentials_ID") VALUES (44, 'Micah', 'Washington', 'M', NULL, '1964-10-06', '188518772', 1, 11, 62);
INSERT INTO "Employee" ("Employee_ID", "Name", "Surname", "Gender", "Salary", "Date_of_birth", "Phone_number", "Employee_status_ID", "Car_dealer_ID", "Login_credentials_ID") VALUES (45, 'Louis', 'Hunter', 'M', NULL, '1994-02-01', '967648663', 2, 22, 15);
INSERT INTO "Employee" ("Employee_ID", "Name", "Surname", "Gender", "Salary", "Date_of_birth", "Phone_number", "Employee_status_ID", "Car_dealer_ID", "Login_credentials_ID") VALUES (46, 'Spencer', 'Matthews', 'M', NULL, '1993-09-26', '333077345', 1, 18, 56);
INSERT INTO "Employee" ("Employee_ID", "Name", "Surname", "Gender", "Salary", "Date_of_birth", "Phone_number", "Employee_status_ID", "Car_dealer_ID", "Login_credentials_ID") VALUES (47, 'Jameson', 'Sullivan', 'M', NULL, '1979-09-21', '192269500', 2, 5, 47);
INSERT INTO "Employee" ("Employee_ID", "Name", "Surname", "Gender", "Salary", "Date_of_birth", "Phone_number", "Employee_status_ID", "Car_dealer_ID", "Login_credentials_ID") VALUES (48, 'Marley', 'Morales', 'F', NULL, '1963-11-20', '738702447', 1, 12, 92);
INSERT INTO "Employee" ("Employee_ID", "Name", "Surname", "Gender", "Salary", "Date_of_birth", "Phone_number", "Employee_status_ID", "Car_dealer_ID", "Login_credentials_ID") VALUES (49, 'Peter', 'Daniels', 'M', NULL, '1990-08-21', '326148841', 2, 17, 1);
INSERT INTO "Employee" ("Employee_ID", "Name", "Surname", "Gender", "Salary", "Date_of_birth", "Phone_number", "Employee_status_ID", "Car_dealer_ID", "Login_credentials_ID") VALUES (50, 'Brooklynn', 'Riley', 'F', NULL, '1960-08-13', '958605446', 2, 12, 99);
INSERT INTO "Employee" ("Employee_ID", "Name", "Surname", "Gender", "Salary", "Date_of_birth", "Phone_number", "Employee_status_ID", "Car_dealer_ID", "Login_credentials_ID") VALUES (51, 'Theodore', 'Lewis', 'M', NULL, '1957-07-31', '992238152', 1, 29, 36);
INSERT INTO "Employee" ("Employee_ID", "Name", "Surname", "Gender", "Salary", "Date_of_birth", "Phone_number", "Employee_status_ID", "Car_dealer_ID", "Login_credentials_ID") VALUES (52, 'Skye', 'Barrett', 'F', NULL, '1990-03-04', '629384113', 1, 30, 100);
INSERT INTO "Employee" ("Employee_ID", "Name", "Surname", "Gender", "Salary", "Date_of_birth", "Phone_number", "Employee_status_ID", "Car_dealer_ID", "Login_credentials_ID") VALUES (53, 'Julia', 'Ross', 'F', NULL, '1985-12-19', '171786113', 2, 12, 72);
INSERT INTO "Employee" ("Employee_ID", "Name", "Surname", "Gender", "Salary", "Date_of_birth", "Phone_number", "Employee_status_ID", "Car_dealer_ID", "Login_credentials_ID") VALUES (54, 'Michaela', 'Blake', 'F', NULL, '1994-07-05', '265868638', 2, 14, 83);
INSERT INTO "Employee" ("Employee_ID", "Name", "Surname", "Gender", "Salary", "Date_of_birth", "Phone_number", "Employee_status_ID", "Car_dealer_ID", "Login_credentials_ID") VALUES (55, 'Gabriella', 'James', 'F', NULL, '1964-03-04', '405644897', 2, 7, 70);
INSERT INTO "Employee" ("Employee_ID", "Name", "Surname", "Gender", "Salary", "Date_of_birth", "Phone_number", "Employee_status_ID", "Car_dealer_ID", "Login_credentials_ID") VALUES (56, 'Grayson', 'Green', 'M', NULL, '2002-07-18', '479552383', 1, 10, 59);
INSERT INTO "Employee" ("Employee_ID", "Name", "Surname", "Gender", "Salary", "Date_of_birth", "Phone_number", "Employee_status_ID", "Car_dealer_ID", "Login_credentials_ID") VALUES (57, 'Ellie', 'Turner', 'F', NULL, '1984-03-04', '187748159', 1, 3, 65);
INSERT INTO "Employee" ("Employee_ID", "Name", "Surname", "Gender", "Salary", "Date_of_birth", "Phone_number", "Employee_status_ID", "Car_dealer_ID", "Login_credentials_ID") VALUES (58, 'Tatum', 'Wells', 'F', NULL, '1972-04-04', '455855887', 2, 26, 53);
INSERT INTO "Employee" ("Employee_ID", "Name", "Surname", "Gender", "Salary", "Date_of_birth", "Phone_number", "Employee_status_ID", "Car_dealer_ID", "Login_credentials_ID") VALUES (59, 'Malachi', 'Henry', 'M', NULL, '2003-02-13', '937169860', 1, 9, 51);
INSERT INTO "Employee" ("Employee_ID", "Name", "Surname", "Gender", "Salary", "Date_of_birth", "Phone_number", "Employee_status_ID", "Car_dealer_ID", "Login_credentials_ID") VALUES (60, 'Kali', 'Norton', 'F', NULL, '2000-10-18', '450691527', 2, 23, 23);
INSERT INTO "Employee" ("Employee_ID", "Name", "Surname", "Gender", "Salary", "Date_of_birth", "Phone_number", "Employee_status_ID", "Car_dealer_ID", "Login_credentials_ID") VALUES (61, 'Isaiah', 'Stewart', 'M', NULL, '1969-01-07', '462138637', 1, 17, 17);
INSERT INTO "Employee" ("Employee_ID", "Name", "Surname", "Gender", "Salary", "Date_of_birth", "Phone_number", "Employee_status_ID", "Car_dealer_ID", "Login_credentials_ID") VALUES (62, 'Andres', 'Arnold', 'M', NULL, '1980-08-08', '464752235', 2, 16, 9);
INSERT INTO "Employee" ("Employee_ID", "Name", "Surname", "Gender", "Salary", "Date_of_birth", "Phone_number", "Employee_status_ID", "Car_dealer_ID", "Login_credentials_ID") VALUES (63, 'Rowan', 'Brewer', 'M', NULL, '1990-04-05', '227540735', 2, 15, 94);
INSERT INTO "Employee" ("Employee_ID", "Name", "Surname", "Gender", "Salary", "Date_of_birth", "Phone_number", "Employee_status_ID", "Car_dealer_ID", "Login_credentials_ID") VALUES (64, 'Juliette', 'Perkins', 'F', NULL, '1987-02-19', '679109452', 1, 16, 13);
INSERT INTO "Employee" ("Employee_ID", "Name", "Surname", "Gender", "Salary", "Date_of_birth", "Phone_number", "Employee_status_ID", "Car_dealer_ID", "Login_credentials_ID") VALUES (65, 'Alayah', 'Wolfe', 'F', NULL, '1988-05-09', '408388119', 2, 23, 96);
INSERT INTO "Employee" ("Employee_ID", "Name", "Surname", "Gender", "Salary", "Date_of_birth", "Phone_number", "Employee_status_ID", "Car_dealer_ID", "Login_credentials_ID") VALUES (66, 'Harmony', 'Stone', 'F', NULL, '1964-08-28', '887296766', 1, 28, 38);
INSERT INTO "Employee" ("Employee_ID", "Name", "Surname", "Gender", "Salary", "Date_of_birth", "Phone_number", "Employee_status_ID", "Car_dealer_ID", "Login_credentials_ID") VALUES (67, 'Cecilia', 'Rowe', 'F', NULL, '1981-02-07', '780595043', 2, 18, 39);
INSERT INTO "Employee" ("Employee_ID", "Name", "Surname", "Gender", "Salary", "Date_of_birth", "Phone_number", "Employee_status_ID", "Car_dealer_ID", "Login_credentials_ID") VALUES (68, 'Tatum', 'Cobb', 'M', NULL, '1993-08-05', '381049461', 2, 11, 34);
INSERT INTO "Employee" ("Employee_ID", "Name", "Surname", "Gender", "Salary", "Date_of_birth", "Phone_number", "Employee_status_ID", "Car_dealer_ID", "Login_credentials_ID") VALUES (69, 'Ricardo', 'Keller', 'M', NULL, '2000-06-18', '643662835', 2, 23, 76);
INSERT INTO "Employee" ("Employee_ID", "Name", "Surname", "Gender", "Salary", "Date_of_birth", "Phone_number", "Employee_status_ID", "Car_dealer_ID", "Login_credentials_ID") VALUES (70, 'Cyrus', 'Barrett', 'M', NULL, '1963-02-15', '379793673', 1, 13, 21);
INSERT INTO "Employee" ("Employee_ID", "Name", "Surname", "Gender", "Salary", "Date_of_birth", "Phone_number", "Employee_status_ID", "Car_dealer_ID", "Login_credentials_ID") VALUES (71, 'Rachel', 'Sullivan', 'F', NULL, '1992-06-20', '154745649', 2, 21, 63);
INSERT INTO "Employee" ("Employee_ID", "Name", "Surname", "Gender", "Salary", "Date_of_birth", "Phone_number", "Employee_status_ID", "Car_dealer_ID", "Login_credentials_ID") VALUES (72, 'Kobe', 'Rowe', 'M', NULL, '2001-02-18', '103220177', 1, 7, 86);
INSERT INTO "Employee" ("Employee_ID", "Name", "Surname", "Gender", "Salary", "Date_of_birth", "Phone_number", "Employee_status_ID", "Car_dealer_ID", "Login_credentials_ID") VALUES (73, 'Joseph', 'Hall', 'M', NULL, '1992-01-01', '964927923', 1, 28, 22);
INSERT INTO "Employee" ("Employee_ID", "Name", "Surname", "Gender", "Salary", "Date_of_birth", "Phone_number", "Employee_status_ID", "Car_dealer_ID", "Login_credentials_ID") VALUES (74, 'Matilda', 'Todd', 'F', NULL, '1957-11-27', '750499147', 1, 10, 73);
INSERT INTO "Employee" ("Employee_ID", "Name", "Surname", "Gender", "Salary", "Date_of_birth", "Phone_number", "Employee_status_ID", "Car_dealer_ID", "Login_credentials_ID") VALUES (75, 'Rosalie', 'Bush', 'F', NULL, '1995-08-31', '121367557', 1, 25, 5);
INSERT INTO "Employee" ("Employee_ID", "Name", "Surname", "Gender", "Salary", "Date_of_birth", "Phone_number", "Employee_status_ID", "Car_dealer_ID", "Login_credentials_ID") VALUES (76, 'Elizabeth', 'Jackson', 'F', NULL, '1990-06-09', '466565241', 2, 18, 28);
INSERT INTO "Employee" ("Employee_ID", "Name", "Surname", "Gender", "Salary", "Date_of_birth", "Phone_number", "Employee_status_ID", "Car_dealer_ID", "Login_credentials_ID") VALUES (77, 'Callie', 'Matthews', 'F', NULL, '1999-10-05', '538994322', 2, 17, 8);
INSERT INTO "Employee" ("Employee_ID", "Name", "Surname", "Gender", "Salary", "Date_of_birth", "Phone_number", "Employee_status_ID", "Car_dealer_ID", "Login_credentials_ID") VALUES (78, 'Skylar', 'Parker', 'F', NULL, '1999-10-31', '630507677', 2, 10, 84);
INSERT INTO "Employee" ("Employee_ID", "Name", "Surname", "Gender", "Salary", "Date_of_birth", "Phone_number", "Employee_status_ID", "Car_dealer_ID", "Login_credentials_ID") VALUES (79, 'Silas', 'Long', 'M', NULL, '1983-06-17', '968945544', 2, 26, 19);
INSERT INTO "Employee" ("Employee_ID", "Name", "Surname", "Gender", "Salary", "Date_of_birth", "Phone_number", "Employee_status_ID", "Car_dealer_ID", "Login_credentials_ID") VALUES (80, 'Sydney', 'Chapman', 'F', NULL, '2000-11-09', '304202145', 1, 23, 77);
INSERT INTO "Employee" ("Employee_ID", "Name", "Surname", "Gender", "Salary", "Date_of_birth", "Phone_number", "Employee_status_ID", "Car_dealer_ID", "Login_credentials_ID") VALUES (81, 'Tessa', 'Mason', 'F', NULL, '1970-07-06', '202134662', 1, 21, 41);
INSERT INTO "Employee" ("Employee_ID", "Name", "Surname", "Gender", "Salary", "Date_of_birth", "Phone_number", "Employee_status_ID", "Car_dealer_ID", "Login_credentials_ID") VALUES (82, 'Adelyn', 'Ray', 'F', NULL, '1972-04-15', '291214044', 2, 10, 16);
INSERT INTO "Employee" ("Employee_ID", "Name", "Surname", "Gender", "Salary", "Date_of_birth", "Phone_number", "Employee_status_ID", "Car_dealer_ID", "Login_credentials_ID") VALUES (83, 'Eliza', 'Kelly', 'F', NULL, '1989-08-10', '794616253', 1, 7, 12);
INSERT INTO "Employee" ("Employee_ID", "Name", "Surname", "Gender", "Salary", "Date_of_birth", "Phone_number", "Employee_status_ID", "Car_dealer_ID", "Login_credentials_ID") VALUES (84, 'Katie', 'Graham', 'F', NULL, '1973-01-16', '599367356', 2, 12, 33);
INSERT INTO "Employee" ("Employee_ID", "Name", "Surname", "Gender", "Salary", "Date_of_birth", "Phone_number", "Employee_status_ID", "Car_dealer_ID", "Login_credentials_ID") VALUES (85, 'Cora', 'Peterson', 'F', NULL, '1972-11-10', '341360976', 2, 18, 11);
INSERT INTO "Employee" ("Employee_ID", "Name", "Surname", "Gender", "Salary", "Date_of_birth", "Phone_number", "Employee_status_ID", "Car_dealer_ID", "Login_credentials_ID") VALUES (86, 'Riley', 'Walker', 'F', NULL, '1979-06-01', '907902405', 2, 5, 24);
INSERT INTO "Employee" ("Employee_ID", "Name", "Surname", "Gender", "Salary", "Date_of_birth", "Phone_number", "Employee_status_ID", "Car_dealer_ID", "Login_credentials_ID") VALUES (87, 'Nora', 'Young', 'F', NULL, '1985-04-02', '526178190', 2, 8, 42);
INSERT INTO "Employee" ("Employee_ID", "Name", "Surname", "Gender", "Salary", "Date_of_birth", "Phone_number", "Employee_status_ID", "Car_dealer_ID", "Login_credentials_ID") VALUES (88, 'Zane', 'Paul', 'M', NULL, '1991-12-04', '601710187', 2, 1, 78);
INSERT INTO "Employee" ("Employee_ID", "Name", "Surname", "Gender", "Salary", "Date_of_birth", "Phone_number", "Employee_status_ID", "Car_dealer_ID", "Login_credentials_ID") VALUES (89, 'Paul', 'Bishop', 'M', NULL, '1989-01-18', '408731530', 1, 17, 89);
INSERT INTO "Employee" ("Employee_ID", "Name", "Surname", "Gender", "Salary", "Date_of_birth", "Phone_number", "Employee_status_ID", "Car_dealer_ID", "Login_credentials_ID") VALUES (90, 'Lucia', 'Pratt', 'F', NULL, '1990-12-02', '422434257', 1, 4, 10);
INSERT INTO "Employee" ("Employee_ID", "Name", "Surname", "Gender", "Salary", "Date_of_birth", "Phone_number", "Employee_status_ID", "Car_dealer_ID", "Login_credentials_ID") VALUES (91, 'Jacob', 'Jackson', 'M', NULL, '1995-05-08', '848920530', 1, 30, 46);
INSERT INTO "Employee" ("Employee_ID", "Name", "Surname", "Gender", "Salary", "Date_of_birth", "Phone_number", "Employee_status_ID", "Car_dealer_ID", "Login_credentials_ID") VALUES (92, 'Alan', 'Holland', 'M', NULL, '1978-05-02', '561515149', 2, 1, 50);
INSERT INTO "Employee" ("Employee_ID", "Name", "Surname", "Gender", "Salary", "Date_of_birth", "Phone_number", "Employee_status_ID", "Car_dealer_ID", "Login_credentials_ID") VALUES (93, 'Aria', 'Robinson', 'F', NULL, '1972-05-12', '431389442', 2, 3, 43);
INSERT INTO "Employee" ("Employee_ID", "Name", "Surname", "Gender", "Salary", "Date_of_birth", "Phone_number", "Employee_status_ID", "Car_dealer_ID", "Login_credentials_ID") VALUES (94, 'Jack', 'Clark', 'M', NULL, '1982-06-25', '138515027', 1, 19, 91);
INSERT INTO "Employee" ("Employee_ID", "Name", "Surname", "Gender", "Salary", "Date_of_birth", "Phone_number", "Employee_status_ID", "Car_dealer_ID", "Login_credentials_ID") VALUES (95, 'Katherine', 'Bennett', 'F', NULL, '1962-04-05', '136258291', 1, 15, 97);
INSERT INTO "Employee" ("Employee_ID", "Name", "Surname", "Gender", "Salary", "Date_of_birth", "Phone_number", "Employee_status_ID", "Car_dealer_ID", "Login_credentials_ID") VALUES (96, 'Hannah', 'Lopez', 'F', NULL, '1977-04-19', '746439923', 1, 15, 95);
INSERT INTO "Employee" ("Employee_ID", "Name", "Surname", "Gender", "Salary", "Date_of_birth", "Phone_number", "Employee_status_ID", "Car_dealer_ID", "Login_credentials_ID") VALUES (97, 'Catalina', 'Bradley', 'F', NULL, '1971-10-25', '456128862', 2, 23, 25);
INSERT INTO "Employee" ("Employee_ID", "Name", "Surname", "Gender", "Salary", "Date_of_birth", "Phone_number", "Employee_status_ID", "Car_dealer_ID", "Login_credentials_ID") VALUES (98, 'Olivia', 'Smith', 'F', NULL, '1974-12-09', '624581959', 1, 30, 57);
INSERT INTO "Employee" ("Employee_ID", "Name", "Surname", "Gender", "Salary", "Date_of_birth", "Phone_number", "Employee_status_ID", "Car_dealer_ID", "Login_credentials_ID") VALUES (99, 'Nylah', 'Tyler', 'F', NULL, '1971-03-14', '272494322', 2, 22, 71);
INSERT INTO "Employee" ("Employee_ID", "Name", "Surname", "Gender", "Salary", "Date_of_birth", "Phone_number", "Employee_status_ID", "Car_dealer_ID", "Login_credentials_ID") VALUES (100, 'Mia', 'Miller', 'F', NULL, '1982-05-12', '862061694', 2, 17, 30);
INSERT INTO "Client" ("Client_ID", "Name", "Surname", "Gender", "Mail", "Phone") VALUES (1, 'Charles', 'Campbell', 'M', 'Charles.Campbell@outlook.com', '850469940');
INSERT INTO "Client" ("Client_ID", "Name", "Surname", "Gender", "Mail", "Phone") VALUES (2, 'Zion', 'Johnston', 'M', 'Zion.Johnston@protonmail.com', '782968680');
INSERT INTO "Client" ("Client_ID", "Name", "Surname", "Gender", "Mail", "Phone") VALUES (3, 'Karter', 'Hicks', 'M', 'Karter.Hicks@aol.com', '515923306');
INSERT INTO "Client" ("Client_ID", "Name", "Surname", "Gender", "Mail", "Phone") VALUES (4, 'Morgan', 'Carr', 'F', 'Morgan.Carr@outlook.com', '902658131');
INSERT INTO "Client" ("Client_ID", "Name", "Surname", "Gender", "Mail", "Phone") VALUES (5, 'Anastasia', 'Gibbs', 'F', 'Anastasia.Gibbs@hotmail.com', '501058312');
INSERT INTO "Client" ("Client_ID", "Name", "Surname", "Gender", "Mail", "Phone") VALUES (6, 'Kylie', 'Kennedy', 'F', 'Kylie.Kennedy@protonmail.com', '354162511');
INSERT INTO "Client" ("Client_ID", "Name", "Surname", "Gender", "Mail", "Phone") VALUES (7, 'Vivian', 'Powell', 'F', 'Vivian.Powell@hotmail.com', '357871654');
INSERT INTO "Client" ("Client_ID", "Name", "Surname", "Gender", "Mail", "Phone") VALUES (8, 'Maximus', 'Diaz', 'M', 'Maximus.Diaz@aol.com', '129464415');
INSERT INTO "Client" ("Client_ID", "Name", "Surname", "Gender", "Mail", "Phone") VALUES (9, 'Zoe', 'Mitchell', 'F', 'Zoe.Mitchell@gmail.com', '379743475');
INSERT INTO "Client" ("Client_ID", "Name", "Surname", "Gender", "Mail", "Phone") VALUES (10, 'Adeline', 'Hunter', 'F', 'Adeline.Hunter@yahoo.com', '462311847');
INSERT INTO "Client" ("Client_ID", "Name", "Surname", "Gender", "Mail", "Phone") VALUES (11, 'Abigail', 'Taylor', 'F', 'Abigail.Taylor@outlook.com', '697333374');
INSERT INTO "Client" ("Client_ID", "Name", "Surname", "Gender", "Mail", "Phone") VALUES (12, 'Emily', 'Thomas', 'F', 'Emily.Thomas@protonmail.com', '623302092');
INSERT INTO "Client" ("Client_ID", "Name", "Surname", "Gender", "Mail", "Phone") VALUES (13, 'Avery', 'White', 'F', 'Avery.White@hotmail.com', '854870841');
INSERT INTO "Client" ("Client_ID", "Name", "Surname", "Gender", "Mail", "Phone") VALUES (14, 'Ryan', 'Morgan', 'M', 'Ryan.Morgan@protonmail.com', '486407087');
INSERT INTO "Client" ("Client_ID", "Name", "Surname", "Gender", "Mail", "Phone") VALUES (15, 'Ezra', 'Turner', 'M', 'Ezra.Turner@aol.com', '986013328');
INSERT INTO "Client" ("Client_ID", "Name", "Surname", "Gender", "Mail", "Phone") VALUES (16, 'Everett', 'Graham', 'M', 'Everett.Graham@hotmail.com', '803868659');
INSERT INTO "Client" ("Client_ID", "Name", "Surname", "Gender", "Mail", "Phone") VALUES (17, 'Sophia', 'Jones', 'F', 'Sophia.Jones@yahoo.com', '221147077');
INSERT INTO "Client" ("Client_ID", "Name", "Surname", "Gender", "Mail", "Phone") VALUES (18, 'Timothy', 'West', 'M', 'Timothy.West@yahoo.com', '993607538');
INSERT INTO "Client" ("Client_ID", "Name", "Surname", "Gender", "Mail", "Phone") VALUES (19, 'Jake', 'Freeman', 'M', 'Jake.Freeman@protonmail.com', '817143652');
INSERT INTO "Client" ("Client_ID", "Name", "Surname", "Gender", "Mail", "Phone") VALUES (20, 'Carter', 'Hill', 'M', 'Carter.Hill@protonmail.com', '883934902');
INSERT INTO "Client" ("Client_ID", "Name", "Surname", "Gender", "Mail", "Phone") VALUES (21, 'Beau', 'Alexander', 'M', 'Beau.Alexander@gmail.com', '694939033');
INSERT INTO "Client" ("Client_ID", "Name", "Surname", "Gender", "Mail", "Phone") VALUES (22, 'Ophelia', 'Fleming', 'F', 'Ophelia.Fleming@outlook.com', '643531496');
INSERT INTO "Client" ("Client_ID", "Name", "Surname", "Gender", "Mail", "Phone") VALUES (23, 'Erick', 'Steele', 'M', 'Erick.Steele@protonmail.com', '235778885');
INSERT INTO "Client" ("Client_ID", "Name", "Surname", "Gender", "Mail", "Phone") VALUES (24, 'Tobias', 'Duncan', 'M', 'Tobias.Duncan@gmail.com', '129122931');
INSERT INTO "Client" ("Client_ID", "Name", "Surname", "Gender", "Mail", "Phone") VALUES (25, 'Oscar', 'Pierce', 'M', 'Oscar.Pierce@gmail.com', '991215918');
INSERT INTO "Client" ("Client_ID", "Name", "Surname", "Gender", "Mail", "Phone") VALUES (26, 'Annabelle', 'Hampton', 'F', 'Annabelle.Hampton@outlook.com', '624676041');
INSERT INTO "Client" ("Client_ID", "Name", "Surname", "Gender", "Mail", "Phone") VALUES (27, 'Alaina', 'Chapman', 'F', 'Alaina.Chapman@yahoo.com', '335769800');
INSERT INTO "Client" ("Client_ID", "Name", "Surname", "Gender", "Mail", "Phone") VALUES (28, 'Isaac', 'Nelson', 'M', 'Isaac.Nelson@outlook.com', '895720373');
INSERT INTO "Client" ("Client_ID", "Name", "Surname", "Gender", "Mail", "Phone") VALUES (29, 'Lauren', 'Spencer', 'F', 'Lauren.Spencer@protonmail.com', '741385450');
INSERT INTO "Client" ("Client_ID", "Name", "Surname", "Gender", "Mail", "Phone") VALUES (30, 'Henry', 'Wilson', 'M', 'Henry.Wilson@hotmail.com', '422034051');
INSERT INTO "Client" ("Client_ID", "Name", "Surname", "Gender", "Mail", "Phone") VALUES (31, 'Aniyah', 'Hawkins', 'F', 'Aniyah.Hawkins@protonmail.com', '930416470');
INSERT INTO "Client" ("Client_ID", "Name", "Surname", "Gender", "Mail", "Phone") VALUES (32, 'Maisie', 'Barrett', 'F', 'Maisie.Barrett@gmail.com', '761447090');
INSERT INTO "Client" ("Client_ID", "Name", "Surname", "Gender", "Mail", "Phone") VALUES (33, 'Jayce', 'Drake', 'M', 'Jayce.Drake@gmail.com', '740098723');
INSERT INTO "Client" ("Client_ID", "Name", "Surname", "Gender", "Mail", "Phone") VALUES (34, 'Malik', 'Bishop', 'M', 'Malik.Bishop@yahoo.com', '189733637');
INSERT INTO "Client" ("Client_ID", "Name", "Surname", "Gender", "Mail", "Phone") VALUES (35, 'Jesse', 'Franklin', 'M', 'Jesse.Franklin@protonmail.com', '918444473');
INSERT INTO "Client" ("Client_ID", "Name", "Surname", "Gender", "Mail", "Phone") VALUES (36, 'June', 'Wallace', 'F', 'June.Wallace@hotmail.com', '283013226');
INSERT INTO "Client" ("Client_ID", "Name", "Surname", "Gender", "Mail", "Phone") VALUES (37, 'Gideon', 'Fleming', 'M', 'Gideon.Fleming@gmail.com', '921012308');
INSERT INTO "Client" ("Client_ID", "Name", "Surname", "Gender", "Mail", "Phone") VALUES (38, 'Owen', 'Rodriguez', 'M', 'Owen.Rodriguez@outlook.com', '426839096');
INSERT INTO "Client" ("Client_ID", "Name", "Surname", "Gender", "Mail", "Phone") VALUES (39, 'Sebastian', 'Thompson', 'M', 'Sebastian.Thompson@protonmail.com', '936834996');
INSERT INTO "Client" ("Client_ID", "Name", "Surname", "Gender", "Mail", "Phone") VALUES (40, 'James', 'Jones', 'M', 'James.Jones@protonmail.com', '425217404');
INSERT INTO "Client" ("Client_ID", "Name", "Surname", "Gender", "Mail", "Phone") VALUES (41, 'Giovanni', 'Bryant', 'M', 'Giovanni.Bryant@aol.com', '365158626');
INSERT INTO "Client" ("Client_ID", "Name", "Surname", "Gender", "Mail", "Phone") VALUES (42, 'Kayden', 'Powell', 'M', 'Kayden.Powell@gmail.com', '671108139');
INSERT INTO "Client" ("Client_ID", "Name", "Surname", "Gender", "Mail", "Phone") VALUES (43, 'Colin', 'Arnold', 'M', 'Colin.Arnold@yahoo.com', '180507772');
INSERT INTO "Client" ("Client_ID", "Name", "Surname", "Gender", "Mail", "Phone") VALUES (44, 'Cassidy', 'Brewer', 'F', 'Cassidy.Brewer@protonmail.com', '484729054');
INSERT INTO "Client" ("Client_ID", "Name", "Surname", "Gender", "Mail", "Phone") VALUES (45, 'Genesis', 'Cook', 'F', 'Genesis.Cook@yahoo.com', '316684359');
INSERT INTO "Client" ("Client_ID", "Name", "Surname", "Gender", "Mail", "Phone") VALUES (46, 'Darius', 'Bishop', 'M', 'Darius.Bishop@outlook.com', '943877295');
INSERT INTO "Client" ("Client_ID", "Name", "Surname", "Gender", "Mail", "Phone") VALUES (47, 'Trinity', 'Simmons', 'F', 'Trinity.Simmons@gmail.com', '711137798');
INSERT INTO "Client" ("Client_ID", "Name", "Surname", "Gender", "Mail", "Phone") VALUES (48, 'Elijah', 'Brown', 'M', 'Elijah.Brown@aol.com', '831447722');
INSERT INTO "Client" ("Client_ID", "Name", "Surname", "Gender", "Mail", "Phone") VALUES (49, 'Anthony', 'Mitchell', 'M', 'Anthony.Mitchell@hotmail.com', '358030082');
INSERT INTO "Client" ("Client_ID", "Name", "Surname", "Gender", "Mail", "Phone") VALUES (50, 'Joy', 'Thornton', 'F', 'Joy.Thornton@outlook.com', '379491868');
INSERT INTO "Client" ("Client_ID", "Name", "Surname", "Gender", "Mail", "Phone") VALUES (51, 'Lydia', 'Wood', 'F', 'Lydia.Wood@protonmail.com', '938150250');
INSERT INTO "Client" ("Client_ID", "Name", "Surname", "Gender", "Mail", "Phone") VALUES (52, 'Jayden', 'Baker', 'M', 'Jayden.Baker@protonmail.com', '695317425');
INSERT INTO "Client" ("Client_ID", "Name", "Surname", "Gender", "Mail", "Phone") VALUES (53, 'Christopher', 'Parker', 'M', 'Christopher.Parker@outlook.com', '697969740');
INSERT INTO "Client" ("Client_ID", "Name", "Surname", "Gender", "Mail", "Phone") VALUES (54, 'Marshall', 'Lamb', 'M', 'Marshall.Lamb@outlook.com', '514338471');
INSERT INTO "Client" ("Client_ID", "Name", "Surname", "Gender", "Mail", "Phone") VALUES (55, 'Levi', 'Martin', 'M', 'Levi.Martin@yahoo.com', '207865513');
INSERT INTO "Client" ("Client_ID", "Name", "Surname", "Gender", "Mail", "Phone") VALUES (56, 'Brianna', 'Cross', 'F', 'Brianna.Cross@protonmail.com', '104840523');
INSERT INTO "Client" ("Client_ID", "Name", "Surname", "Gender", "Mail", "Phone") VALUES (57, 'Jackson', 'Harris', 'M', 'Jackson.Harris@gmail.com', '912120253');
INSERT INTO "Client" ("Client_ID", "Name", "Surname", "Gender", "Mail", "Phone") VALUES (58, 'Camille', 'Boone', 'F', 'Camille.Boone@gmail.com', '949644447');
INSERT INTO "Client" ("Client_ID", "Name", "Surname", "Gender", "Mail", "Phone") VALUES (59, 'Brielle', 'Griffin', 'F', 'Brielle.Griffin@gmail.com', '728774276');
INSERT INTO "Client" ("Client_ID", "Name", "Surname", "Gender", "Mail", "Phone") VALUES (60, 'Amber', 'Phelps', 'F', 'Amber.Phelps@hotmail.com', '329749647');
INSERT INTO "Client" ("Client_ID", "Name", "Surname", "Gender", "Mail", "Phone") VALUES (61, 'Josiah', 'Collins', 'M', 'Josiah.Collins@outlook.com', '596236549');
INSERT INTO "Client" ("Client_ID", "Name", "Surname", "Gender", "Mail", "Phone") VALUES (62, 'Lucy', 'Sanchez', 'F', 'Lucy.Sanchez@gmail.com', '842100688');
INSERT INTO "Client" ("Client_ID", "Name", "Surname", "Gender", "Mail", "Phone") VALUES (63, 'Ryker', 'Griffin', 'M', 'Ryker.Griffin@outlook.com', '723104016');
INSERT INTO "Client" ("Client_ID", "Name", "Surname", "Gender", "Mail", "Phone") VALUES (64, 'Mckenna', 'Arnold', 'F', 'Mckenna.Arnold@hotmail.com', '224644450');
INSERT INTO "Client" ("Client_ID", "Name", "Surname", "Gender", "Mail", "Phone") VALUES (65, 'Hailey', 'Richardson', 'F', 'Hailey.Richardson@aol.com', '383355263');
INSERT INTO "Client" ("Client_ID", "Name", "Surname", "Gender", "Mail", "Phone") VALUES (66, 'Maggie', 'Moss', 'F', 'Maggie.Moss@protonmail.com', '305243234');
INSERT INTO "Client" ("Client_ID", "Name", "Surname", "Gender", "Mail", "Phone") VALUES (67, 'Lincoln', 'Carter', 'M', 'Lincoln.Carter@protonmail.com', '377182349');
INSERT INTO "Client" ("Client_ID", "Name", "Surname", "Gender", "Mail", "Phone") VALUES (68, 'Autumn', 'Cooper', 'F', 'Autumn.Cooper@hotmail.com', '692365604');
INSERT INTO "Client" ("Client_ID", "Name", "Surname", "Gender", "Mail", "Phone") VALUES (69, 'Angela', 'Ford', 'F', 'Angela.Ford@yahoo.com', '973415456');
INSERT INTO "Client" ("Client_ID", "Name", "Surname", "Gender", "Mail", "Phone") VALUES (70, 'Max', 'Gibbs', 'M', 'Max.Gibbs@yahoo.com', '122789586');
INSERT INTO "Client" ("Client_ID", "Name", "Surname", "Gender", "Mail", "Phone") VALUES (71, 'Abel', 'Parks', 'M', 'Abel.Parks@gmail.com', '732484601');
INSERT INTO "Client" ("Client_ID", "Name", "Surname", "Gender", "Mail", "Phone") VALUES (72, 'Desmond', 'Farmer', 'M', 'Desmond.Farmer@aol.com', '719736974');
INSERT INTO "Client" ("Client_ID", "Name", "Surname", "Gender", "Mail", "Phone") VALUES (73, 'Alaia', 'Foster', 'F', 'Alaia.Foster@outlook.com', '420619760');
INSERT INTO "Client" ("Client_ID", "Name", "Surname", "Gender", "Mail", "Phone") VALUES (74, 'Nicolas', 'Harper', 'M', 'Nicolas.Harper@aol.com', '109336975');
INSERT INTO "Client" ("Client_ID", "Name", "Surname", "Gender", "Mail", "Phone") VALUES (75, 'Brayden', 'Sanders', 'M', 'Brayden.Sanders@yahoo.com', '647714702');
INSERT INTO "Client" ("Client_ID", "Name", "Surname", "Gender", "Mail", "Phone") VALUES (76, 'Grace', 'Clark', 'F', 'Grace.Clark@outlook.com', '711675689');
INSERT INTO "Client" ("Client_ID", "Name", "Surname", "Gender", "Mail", "Phone") VALUES (77, 'Jayla', 'Duncan', 'F', 'Jayla.Duncan@aol.com', '721312086');
INSERT INTO "Client" ("Client_ID", "Name", "Surname", "Gender", "Mail", "Phone") VALUES (78, 'Jaxon', 'Evans', 'M', 'Jaxon.Evans@protonmail.com', '808871813');
INSERT INTO "Client" ("Client_ID", "Name", "Surname", "Gender", "Mail", "Phone") VALUES (79, 'Leah', 'Carter', 'F', 'Leah.Carter@gmail.com', '432956087');
INSERT INTO "Client" ("Client_ID", "Name", "Surname", "Gender", "Mail", "Phone") VALUES (80, 'Knox', 'Ford', 'M', 'Knox.Ford@yahoo.com', '373588801');
INSERT INTO "Client" ("Client_ID", "Name", "Surname", "Gender", "Mail", "Phone") VALUES (81, 'John', 'Allen', 'M', 'John.Allen@gmail.com', '509506445');
INSERT INTO "Client" ("Client_ID", "Name", "Surname", "Gender", "Mail", "Phone") VALUES (82, 'Jonah', 'Simmons', 'M', 'Jonah.Simmons@gmail.com', '974467060');
INSERT INTO "Client" ("Client_ID", "Name", "Surname", "Gender", "Mail", "Phone") VALUES (83, 'Camila', 'Lewis', 'F', 'Camila.Lewis@aol.com', '732649820');
INSERT INTO "Client" ("Client_ID", "Name", "Surname", "Gender", "Mail", "Phone") VALUES (84, 'Ava', 'Williams', 'F', 'Ava.Williams@gmail.com', '537401270');
INSERT INTO "Client" ("Client_ID", "Name", "Surname", "Gender", "Mail", "Phone") VALUES (85, 'Roy', 'Vargas', 'M', 'Roy.Vargas@aol.com', '374317745');
INSERT INTO "Client" ("Client_ID", "Name", "Surname", "Gender", "Mail", "Phone") VALUES (86, 'Kaylani', 'Glass', 'F', 'Kaylani.Glass@yahoo.com', '642235995');
INSERT INTO "Client" ("Client_ID", "Name", "Surname", "Gender", "Mail", "Phone") VALUES (87, 'Hudson', 'Perez', 'M', 'Hudson.Perez@aol.com', '732872945');
INSERT INTO "Client" ("Client_ID", "Name", "Surname", "Gender", "Mail", "Phone") VALUES (88, 'Bentley', 'Gonzales', 'M', 'Bentley.Gonzales@aol.com', '185968215');
INSERT INTO "Client" ("Client_ID", "Name", "Surname", "Gender", "Mail", "Phone") VALUES (89, 'David', 'Young', 'M', 'David.Young@yahoo.com', '341877224');
INSERT INTO "Client" ("Client_ID", "Name", "Surname", "Gender", "Mail", "Phone") VALUES (90, 'Natalia', 'Howard', 'F', 'Natalia.Howard@outlook.com', '311255651');
INSERT INTO "Client" ("Client_ID", "Name", "Surname", "Gender", "Mail", "Phone") VALUES (91, 'Selena', 'Doyle', 'F', 'Selena.Doyle@yahoo.com', '872845651');
INSERT INTO "Client" ("Client_ID", "Name", "Surname", "Gender", "Mail", "Phone") VALUES (92, 'Enzo', 'Wells', 'M', 'Enzo.Wells@gmail.com', '281402277');
INSERT INTO "Client" ("Client_ID", "Name", "Surname", "Gender", "Mail", "Phone") VALUES (93, 'Myles', 'Hart', 'M', 'Myles.Hart@yahoo.com', '836392820');
INSERT INTO "Client" ("Client_ID", "Name", "Surname", "Gender", "Mail", "Phone") VALUES (94, 'Oliver', 'Williams', 'M', 'Oliver.Williams@protonmail.com', '309560233');
INSERT INTO "Client" ("Client_ID", "Name", "Surname", "Gender", "Mail", "Phone") VALUES (95, 'Brady', 'Barrett', 'M', 'Brady.Barrett@outlook.com', '728006139');
INSERT INTO "Client" ("Client_ID", "Name", "Surname", "Gender", "Mail", "Phone") VALUES (96, 'Alex', 'Mason', 'M', 'Alex.Mason@yahoo.com', '862106020');
INSERT INTO "Client" ("Client_ID", "Name", "Surname", "Gender", "Mail", "Phone") VALUES (97, 'Nathaniel', 'Butler', 'M', 'Nathaniel.Butler@hotmail.com', '368667971');
INSERT INTO "Client" ("Client_ID", "Name", "Surname", "Gender", "Mail", "Phone") VALUES (98, 'Warren', 'Steele', 'M', 'Warren.Steele@outlook.com', '543889269');
INSERT INTO "Client" ("Client_ID", "Name", "Surname", "Gender", "Mail", "Phone") VALUES (99, 'Troy', 'Osborne', 'M', 'Troy.Osborne@aol.com', '511236988');
INSERT INTO "Client" ("Client_ID", "Name", "Surname", "Gender", "Mail", "Phone") VALUES (100, 'Marcus', 'Medina', 'M', 'Marcus.Medina@outlook.com', '268138344');
INSERT INTO "Transaction_type" ("Transaction_type_ID", "Name") VALUES (1, 'Purchase');
INSERT INTO "Transaction_type" ("Transaction_type_ID", "Name") VALUES (2, 'Lease');
INSERT INTO "Invoice" ("Invoice_ID", "Status", "Issue_date", "NIP") VALUES (97, 'Unpaid', '2020-12-11', 9333405522);
INSERT INTO "Invoice" ("Invoice_ID", "Status", "Issue_date", "NIP") VALUES (85, 'Overdue', '2020-08-09', 2501196299);
INSERT INTO "Invoice" ("Invoice_ID", "Status", "Issue_date", "NIP") VALUES (33, 'Overdue', '2015-08-16', 9071545365);
INSERT INTO "Invoice" ("Invoice_ID", "Status", "Issue_date", "NIP") VALUES (1, 'Paid', '2017-05-30', 5397548907);
INSERT INTO "Invoice" ("Invoice_ID", "Status", "Issue_date", "NIP") VALUES (151, 'Overdue', '2015-09-23', 8560695386);
INSERT INTO "Invoice" ("Invoice_ID", "Status", "Issue_date", "NIP") VALUES (146, 'Forgiven', '2015-06-17', 6458133484);
INSERT INTO "Invoice" ("Invoice_ID", "Status", "Issue_date", "NIP") VALUES (187, 'Refunded', '2021-04-27', 2200550271);
INSERT INTO "Invoice" ("Invoice_ID", "Status", "Issue_date", "NIP") VALUES (5, 'Unpaid', '2014-08-23', 5561850928);
INSERT INTO "Invoice" ("Invoice_ID", "Status", "Issue_date", "NIP") VALUES (44, 'Overdue', '2020-12-11', 8848856169);
INSERT INTO "Invoice" ("Invoice_ID", "Status", "Issue_date", "NIP") VALUES (143, 'Paid', '2015-12-17', 7411759807);
INSERT INTO "Invoice" ("Invoice_ID", "Status", "Issue_date", "NIP") VALUES (34, 'Forgiven', '2019-04-15', 5990885681);
INSERT INTO "Invoice" ("Invoice_ID", "Status", "Issue_date", "NIP") VALUES (59, 'Unpaid', '2014-02-19', 9799455913);
INSERT INTO "Invoice" ("Invoice_ID", "Status", "Issue_date", "NIP") VALUES (189, 'Unpaid', '2023-09-10', 6159005153);
INSERT INTO "Invoice" ("Invoice_ID", "Status", "Issue_date", "NIP") VALUES (103, 'Overdue', '2023-03-23', 3413837521);
INSERT INTO "Invoice" ("Invoice_ID", "Status", "Issue_date", "NIP") VALUES (188, 'Forgiven', '2021-10-30', 6928199874);
INSERT INTO "Invoice" ("Invoice_ID", "Status", "Issue_date", "NIP") VALUES (2, 'Overdue', '2019-07-09', 3974341966);
INSERT INTO "Invoice" ("Invoice_ID", "Status", "Issue_date", "NIP") VALUES (11, 'Unpaid', '2024-10-08', 1458630092);
INSERT INTO "Invoice" ("Invoice_ID", "Status", "Issue_date", "NIP") VALUES (79, 'Refunded', '2019-06-30', 7275562014);
INSERT INTO "Invoice" ("Invoice_ID", "Status", "Issue_date", "NIP") VALUES (76, 'Unpaid', '2019-11-19', 7323221404);
INSERT INTO "Invoice" ("Invoice_ID", "Status", "Issue_date", "NIP") VALUES (52, 'Refunded', '2020-02-25', 8850613121);
INSERT INTO "Invoice" ("Invoice_ID", "Status", "Issue_date", "NIP") VALUES (14, 'Forgiven', '2020-01-24', 6774885931);
INSERT INTO "Invoice" ("Invoice_ID", "Status", "Issue_date", "NIP") VALUES (70, 'Forgiven', '2022-06-14', 8632091447);
INSERT INTO "Invoice" ("Invoice_ID", "Status", "Issue_date", "NIP") VALUES (192, 'Unpaid', '2014-12-05', 7244887435);
INSERT INTO "Invoice" ("Invoice_ID", "Status", "Issue_date", "NIP") VALUES (29, 'Forgiven', '2020-03-16', 7504266938);
INSERT INTO "Invoice" ("Invoice_ID", "Status", "Issue_date", "NIP") VALUES (162, 'Forgiven', '2022-08-01', 8335324322);
INSERT INTO "Invoice" ("Invoice_ID", "Status", "Issue_date", "NIP") VALUES (161, 'Overdue', '2018-04-13', 4151319024);
INSERT INTO "Invoice" ("Invoice_ID", "Status", "Issue_date", "NIP") VALUES (175, 'Unpaid', '2019-09-04', 9656917511);
INSERT INTO "Invoice" ("Invoice_ID", "Status", "Issue_date", "NIP") VALUES (88, 'Unpaid', '2015-09-18', 8690911882);
INSERT INTO "Invoice" ("Invoice_ID", "Status", "Issue_date", "NIP") VALUES (40, 'Forgiven', '2017-04-15', 2602662299);
INSERT INTO "Invoice" ("Invoice_ID", "Status", "Issue_date", "NIP") VALUES (37, 'Refunded', '2021-09-23', 7875024894);
INSERT INTO "Invoice" ("Invoice_ID", "Status", "Issue_date", "NIP") VALUES (38, 'Paid', '2023-12-18', 6950877020);
INSERT INTO "Invoice" ("Invoice_ID", "Status", "Issue_date", "NIP") VALUES (111, 'Unpaid', '2023-01-07', 3042376872);
INSERT INTO "Invoice" ("Invoice_ID", "Status", "Issue_date", "NIP") VALUES (10, 'Forgiven', '2022-07-27', 9137794799);
INSERT INTO "Invoice" ("Invoice_ID", "Status", "Issue_date", "NIP") VALUES (132, 'Forgiven', '2024-11-11', 7047431678);
INSERT INTO "Invoice" ("Invoice_ID", "Status", "Issue_date", "NIP") VALUES (179, 'Overdue', '2020-11-13', 3279925336);
INSERT INTO "Invoice" ("Invoice_ID", "Status", "Issue_date", "NIP") VALUES (172, 'Paid', '2024-10-26', 5673380988);
INSERT INTO "Invoice" ("Invoice_ID", "Status", "Issue_date", "NIP") VALUES (135, 'Forgiven', '2024-07-15', 8833921782);
INSERT INTO "Invoice" ("Invoice_ID", "Status", "Issue_date", "NIP") VALUES (32, 'Refunded', '2016-08-21', 1904275356);
INSERT INTO "Invoice" ("Invoice_ID", "Status", "Issue_date", "NIP") VALUES (137, 'Refunded', '2016-04-11', 8257136374);
INSERT INTO "Invoice" ("Invoice_ID", "Status", "Issue_date", "NIP") VALUES (58, 'Refunded', '2014-05-05', 1843441378);
INSERT INTO "Invoice" ("Invoice_ID", "Status", "Issue_date", "NIP") VALUES (110, 'Overdue', '2022-05-21', 2457367759);
INSERT INTO "Invoice" ("Invoice_ID", "Status", "Issue_date", "NIP") VALUES (65, 'Unpaid', '2024-04-30', 4571270513);
INSERT INTO "Invoice" ("Invoice_ID", "Status", "Issue_date", "NIP") VALUES (113, 'Forgiven', '2018-06-19', 8202451243);
INSERT INTO "Invoice" ("Invoice_ID", "Status", "Issue_date", "NIP") VALUES (117, 'Unpaid', '2024-10-20', 3425524806);
INSERT INTO "Invoice" ("Invoice_ID", "Status", "Issue_date", "NIP") VALUES (53, 'Paid', '2024-08-09', 5899716479);
INSERT INTO "Invoice" ("Invoice_ID", "Status", "Issue_date", "NIP") VALUES (8, 'Unpaid', '2017-07-17', 3768199092);
INSERT INTO "Invoice" ("Invoice_ID", "Status", "Issue_date", "NIP") VALUES (174, 'Unpaid', '2017-07-16', 4894086092);
INSERT INTO "Invoice" ("Invoice_ID", "Status", "Issue_date", "NIP") VALUES (106, 'Overdue', '2019-08-27', 4844753977);
INSERT INTO "Invoice" ("Invoice_ID", "Status", "Issue_date", "NIP") VALUES (158, 'Refunded', '2019-11-12', 7278482291);
INSERT INTO "Invoice" ("Invoice_ID", "Status", "Issue_date", "NIP") VALUES (184, 'Paid', '2024-03-12', 9838304794);
INSERT INTO "Invoice" ("Invoice_ID", "Status", "Issue_date", "NIP") VALUES (73, 'Forgiven', '2023-06-17', 7458897313);
INSERT INTO "Invoice" ("Invoice_ID", "Status", "Issue_date", "NIP") VALUES (51, 'Paid', '2020-03-09', 3577477231);
INSERT INTO "Invoice" ("Invoice_ID", "Status", "Issue_date", "NIP") VALUES (199, 'Unpaid', '2016-08-03', 4976706682);
INSERT INTO "Invoice" ("Invoice_ID", "Status", "Issue_date", "NIP") VALUES (30, 'Refunded', '2021-05-25', 6002228598);
INSERT INTO "Invoice" ("Invoice_ID", "Status", "Issue_date", "NIP") VALUES (196, 'Forgiven', '2014-06-12', 4711657915);
INSERT INTO "Invoice" ("Invoice_ID", "Status", "Issue_date", "NIP") VALUES (166, 'Paid', '2019-09-23', 9402506422);
INSERT INTO "Invoice" ("Invoice_ID", "Status", "Issue_date", "NIP") VALUES (68, 'Paid', '2016-08-16', 6551284578);
INSERT INTO "Invoice" ("Invoice_ID", "Status", "Issue_date", "NIP") VALUES (46, 'Refunded', '2015-09-21', 7956628871);
INSERT INTO "Invoice" ("Invoice_ID", "Status", "Issue_date", "NIP") VALUES (125, 'Forgiven', '2018-01-30', 4993319076);
INSERT INTO "Invoice" ("Invoice_ID", "Status", "Issue_date", "NIP") VALUES (152, 'Forgiven', '2014-03-05', 2493575262);
INSERT INTO "Invoice" ("Invoice_ID", "Status", "Issue_date", "NIP") VALUES (36, 'Refunded', '2021-03-18', 1247376122);
INSERT INTO "Invoice" ("Invoice_ID", "Status", "Issue_date", "NIP") VALUES (200, 'Paid', '2023-06-03', 6224478876);
INSERT INTO "Invoice" ("Invoice_ID", "Status", "Issue_date", "NIP") VALUES (169, 'Overdue', '2020-07-21', 2123875888);
INSERT INTO "Invoice" ("Invoice_ID", "Status", "Issue_date", "NIP") VALUES (178, 'Unpaid', '2018-08-26', 8940564204);
INSERT INTO "Invoice" ("Invoice_ID", "Status", "Issue_date", "NIP") VALUES (186, 'Forgiven', '2024-01-26', 5692776728);
INSERT INTO "Invoice" ("Invoice_ID", "Status", "Issue_date", "NIP") VALUES (66, 'Forgiven', '2015-08-05', 4529523588);
INSERT INTO "Invoice" ("Invoice_ID", "Status", "Issue_date", "NIP") VALUES (183, 'Overdue', '2018-05-26', 5342356629);
INSERT INTO "Invoice" ("Invoice_ID", "Status", "Issue_date", "NIP") VALUES (45, 'Unpaid', '2023-12-29', 9464007046);
INSERT INTO "Invoice" ("Invoice_ID", "Status", "Issue_date", "NIP") VALUES (84, 'Paid', '2019-03-11', 7511412316);
INSERT INTO "Invoice" ("Invoice_ID", "Status", "Issue_date", "NIP") VALUES (21, 'Overdue', '2024-10-31', 2169037776);
INSERT INTO "Invoice" ("Invoice_ID", "Status", "Issue_date", "NIP") VALUES (61, 'Refunded', '2015-08-06', 2730545718);
INSERT INTO "Invoice" ("Invoice_ID", "Status", "Issue_date", "NIP") VALUES (173, 'Overdue', '2019-02-15', 3876176094);
INSERT INTO "Invoice" ("Invoice_ID", "Status", "Issue_date", "NIP") VALUES (47, 'Unpaid', '2015-03-19', 5655653408);
INSERT INTO "Invoice" ("Invoice_ID", "Status", "Issue_date", "NIP") VALUES (121, 'Refunded', '2014-10-30', 9296458529);
INSERT INTO "Invoice" ("Invoice_ID", "Status", "Issue_date", "NIP") VALUES (105, 'Refunded', '2021-12-14', 2724697635);
INSERT INTO "Invoice" ("Invoice_ID", "Status", "Issue_date", "NIP") VALUES (69, 'Overdue', '2022-10-19', 4069355186);
INSERT INTO "Invoice" ("Invoice_ID", "Status", "Issue_date", "NIP") VALUES (116, 'Unpaid', '2017-01-31', 9694201052);
INSERT INTO "Invoice" ("Invoice_ID", "Status", "Issue_date", "NIP") VALUES (114, 'Unpaid', '2024-07-24', 5481438823);
INSERT INTO "Invoice" ("Invoice_ID", "Status", "Issue_date", "NIP") VALUES (124, 'Unpaid', '2017-11-26', 6992409209);
INSERT INTO "Invoice" ("Invoice_ID", "Status", "Issue_date", "NIP") VALUES (98, 'Forgiven', '2020-06-03', 4575571804);
INSERT INTO "Invoice" ("Invoice_ID", "Status", "Issue_date", "NIP") VALUES (150, 'Forgiven', '2022-02-28', 7678283540);
INSERT INTO "Invoice" ("Invoice_ID", "Status", "Issue_date", "NIP") VALUES (7, 'Paid', '2016-12-25', 4215865575);
INSERT INTO "Invoice" ("Invoice_ID", "Status", "Issue_date", "NIP") VALUES (25, 'Forgiven', '2021-04-28', 4128137533);
INSERT INTO "Invoice" ("Invoice_ID", "Status", "Issue_date", "NIP") VALUES (190, 'Overdue', '2014-05-24', 4571974613);
INSERT INTO "Invoice" ("Invoice_ID", "Status", "Issue_date", "NIP") VALUES (77, 'Unpaid', '2017-11-24', 6661906076);
INSERT INTO "Invoice" ("Invoice_ID", "Status", "Issue_date", "NIP") VALUES (133, 'Paid', '2024-03-11', 2863200069);
INSERT INTO "Invoice" ("Invoice_ID", "Status", "Issue_date", "NIP") VALUES (16, 'Refunded', '2023-09-05', 8434543534);
INSERT INTO "Invoice" ("Invoice_ID", "Status", "Issue_date", "NIP") VALUES (6, 'Overdue', '2020-01-10', 7893297510);
INSERT INTO "Invoice" ("Invoice_ID", "Status", "Issue_date", "NIP") VALUES (128, 'Unpaid', '2021-12-12', 8839782572);
INSERT INTO "Invoice" ("Invoice_ID", "Status", "Issue_date", "NIP") VALUES (195, 'Refunded', '2024-08-19', 2918682061);
INSERT INTO "Invoice" ("Invoice_ID", "Status", "Issue_date", "NIP") VALUES (56, 'Overdue', '2017-11-09', 4501627422);
INSERT INTO "Invoice" ("Invoice_ID", "Status", "Issue_date", "NIP") VALUES (48, 'Refunded', '2023-01-14', 4020513246);
INSERT INTO "Invoice" ("Invoice_ID", "Status", "Issue_date", "NIP") VALUES (9, 'Overdue', '2020-05-04', 1019330989);
INSERT INTO "Invoice" ("Invoice_ID", "Status", "Issue_date", "NIP") VALUES (28, 'Refunded', '2016-10-29', 4101750319);
INSERT INTO "Invoice" ("Invoice_ID", "Status", "Issue_date", "NIP") VALUES (89, 'Forgiven', '2017-05-30', 9970550379);
INSERT INTO "Invoice" ("Invoice_ID", "Status", "Issue_date", "NIP") VALUES (157, 'Forgiven', '2022-01-09', 5090044298);
INSERT INTO "Invoice" ("Invoice_ID", "Status", "Issue_date", "NIP") VALUES (167, 'Forgiven', '2023-10-29', 2685094827);
INSERT INTO "Invoice" ("Invoice_ID", "Status", "Issue_date", "NIP") VALUES (182, 'Unpaid', '2014-06-11', 5209668888);
INSERT INTO "Invoice" ("Invoice_ID", "Status", "Issue_date", "NIP") VALUES (109, 'Refunded', '2023-07-20', 9871486565);
INSERT INTO "Invoice" ("Invoice_ID", "Status", "Issue_date", "NIP") VALUES (18, 'Refunded', '2023-02-15', 2631519155);
INSERT INTO "Invoice" ("Invoice_ID", "Status", "Issue_date", "NIP") VALUES (164, 'Refunded', '2015-02-19', 3510092002);
INSERT INTO "Invoice" ("Invoice_ID", "Status", "Issue_date", "NIP") VALUES (83, 'Unpaid', '2016-03-17', 1439822575);
INSERT INTO "Invoice" ("Invoice_ID", "Status", "Issue_date", "NIP") VALUES (142, 'Unpaid', '2024-03-09', 3217415309);
INSERT INTO "Invoice" ("Invoice_ID", "Status", "Issue_date", "NIP") VALUES (87, 'Overdue', '2020-01-05', 1407553401);
INSERT INTO "Invoice" ("Invoice_ID", "Status", "Issue_date", "NIP") VALUES (118, 'Overdue', '2017-03-30', 3363633386);
INSERT INTO "Invoice" ("Invoice_ID", "Status", "Issue_date", "NIP") VALUES (104, 'Paid', '2015-05-01', 7356885185);
INSERT INTO "Invoice" ("Invoice_ID", "Status", "Issue_date", "NIP") VALUES (62, 'Paid', '2022-08-29', 1885359850);
INSERT INTO "Invoice" ("Invoice_ID", "Status", "Issue_date", "NIP") VALUES (75, 'Overdue', '2014-12-30', 4862960620);
INSERT INTO "Invoice" ("Invoice_ID", "Status", "Issue_date", "NIP") VALUES (23, 'Refunded', '2021-01-29', 2737242739);
INSERT INTO "Invoice" ("Invoice_ID", "Status", "Issue_date", "NIP") VALUES (139, 'Overdue', '2014-10-02', 8206083615);
INSERT INTO "Invoice" ("Invoice_ID", "Status", "Issue_date", "NIP") VALUES (82, 'Overdue', '2021-03-17', 6702337410);
INSERT INTO "Invoice" ("Invoice_ID", "Status", "Issue_date", "NIP") VALUES (41, 'Paid', '2014-02-12', 9447361496);
INSERT INTO "Invoice" ("Invoice_ID", "Status", "Issue_date", "NIP") VALUES (101, 'Unpaid', '2019-09-29', 6033748285);
INSERT INTO "Invoice" ("Invoice_ID", "Status", "Issue_date", "NIP") VALUES (126, 'Unpaid', '2024-09-14', 3953801848);
INSERT INTO "Invoice" ("Invoice_ID", "Status", "Issue_date", "NIP") VALUES (177, 'Paid', '2022-11-12', 6049018016);
INSERT INTO "Invoice" ("Invoice_ID", "Status", "Issue_date", "NIP") VALUES (94, 'Forgiven', '2019-09-28', 9692835896);
INSERT INTO "Invoice" ("Invoice_ID", "Status", "Issue_date", "NIP") VALUES (39, 'Paid', '2023-10-01', 7787667278);
INSERT INTO "Invoice" ("Invoice_ID", "Status", "Issue_date", "NIP") VALUES (160, 'Refunded', '2024-02-12', 7369722191);
INSERT INTO "Invoice" ("Invoice_ID", "Status", "Issue_date", "NIP") VALUES (144, 'Paid', '2014-01-15', 5716872590);
INSERT INTO "Invoice" ("Invoice_ID", "Status", "Issue_date", "NIP") VALUES (176, 'Refunded', '2020-09-29', 6049012805);
INSERT INTO "Invoice" ("Invoice_ID", "Status", "Issue_date", "NIP") VALUES (181, 'Refunded', '2014-02-15', 8659094687);
INSERT INTO "Invoice" ("Invoice_ID", "Status", "Issue_date", "NIP") VALUES (129, 'Forgiven', '2016-06-03', 5243934247);
INSERT INTO "Invoice" ("Invoice_ID", "Status", "Issue_date", "NIP") VALUES (92, 'Unpaid', '2017-01-07', 7736697350);
INSERT INTO "Invoice" ("Invoice_ID", "Status", "Issue_date", "NIP") VALUES (96, 'Unpaid', '2016-10-09', 4000595082);
INSERT INTO "Invoice" ("Invoice_ID", "Status", "Issue_date", "NIP") VALUES (55, 'Refunded', '2017-10-15', 8271683795);
INSERT INTO "Invoice" ("Invoice_ID", "Status", "Issue_date", "NIP") VALUES (191, 'Paid', '2023-07-10', 1429513348);
INSERT INTO "Invoice" ("Invoice_ID", "Status", "Issue_date", "NIP") VALUES (119, 'Unpaid', '2018-08-28', 3850874405);
INSERT INTO "Invoice" ("Invoice_ID", "Status", "Issue_date", "NIP") VALUES (67, 'Unpaid', '2017-11-06', 4764301770);
INSERT INTO "Invoice" ("Invoice_ID", "Status", "Issue_date", "NIP") VALUES (27, 'Refunded', '2020-01-25', 7070126881);
INSERT INTO "Invoice" ("Invoice_ID", "Status", "Issue_date", "NIP") VALUES (122, 'Refunded', '2019-07-10', 5231506305);
INSERT INTO "Invoice" ("Invoice_ID", "Status", "Issue_date", "NIP") VALUES (159, 'Refunded', '2024-10-31', 2483444233);
INSERT INTO "Invoice" ("Invoice_ID", "Status", "Issue_date", "NIP") VALUES (140, 'Paid', '2016-05-26', 1418899786);
INSERT INTO "Invoice" ("Invoice_ID", "Status", "Issue_date", "NIP") VALUES (17, 'Refunded', '2019-07-06', 7860611639);
INSERT INTO "Invoice" ("Invoice_ID", "Status", "Issue_date", "NIP") VALUES (123, 'Overdue', '2021-02-08', 4302774877);
INSERT INTO "Invoice" ("Invoice_ID", "Status", "Issue_date", "NIP") VALUES (99, 'Paid', '2018-02-04', 7747166975);
INSERT INTO "Invoice" ("Invoice_ID", "Status", "Issue_date", "NIP") VALUES (81, 'Overdue', '2014-12-26', 5438559443);
INSERT INTO "Invoice" ("Invoice_ID", "Status", "Issue_date", "NIP") VALUES (78, 'Overdue', '2019-01-21', 7048960497);
INSERT INTO "Invoice" ("Invoice_ID", "Status", "Issue_date", "NIP") VALUES (72, 'Paid', '2024-07-04', 4427048578);
INSERT INTO "Invoice" ("Invoice_ID", "Status", "Issue_date", "NIP") VALUES (50, 'Refunded', '2014-01-29', 4699129808);
INSERT INTO "Invoice" ("Invoice_ID", "Status", "Issue_date", "NIP") VALUES (193, 'Forgiven', '2018-01-19', 1254263709);
INSERT INTO "Invoice" ("Invoice_ID", "Status", "Issue_date", "NIP") VALUES (108, 'Overdue', '2015-05-01', 6548316487);
INSERT INTO "Invoice" ("Invoice_ID", "Status", "Issue_date", "NIP") VALUES (149, 'Unpaid', '2017-08-07', 3383739735);
INSERT INTO "Invoice" ("Invoice_ID", "Status", "Issue_date", "NIP") VALUES (107, 'Overdue', '2023-01-22', 7203763925);
INSERT INTO "Invoice" ("Invoice_ID", "Status", "Issue_date", "NIP") VALUES (197, 'Forgiven', '2022-08-29', 6620318440);
INSERT INTO "Invoice" ("Invoice_ID", "Status", "Issue_date", "NIP") VALUES (115, 'Overdue', '2024-03-11', 7888444962);
INSERT INTO "Invoice" ("Invoice_ID", "Status", "Issue_date", "NIP") VALUES (148, 'Forgiven', '2014-03-07', 5652880158);
INSERT INTO "Invoice" ("Invoice_ID", "Status", "Issue_date", "NIP") VALUES (4, 'Unpaid', '2014-05-31', 3369093022);
INSERT INTO "Invoice" ("Invoice_ID", "Status", "Issue_date", "NIP") VALUES (20, 'Unpaid', '2022-03-16', 1986481648);
INSERT INTO "Invoice" ("Invoice_ID", "Status", "Issue_date", "NIP") VALUES (95, 'Overdue', '2015-05-13', 5160406981);
INSERT INTO "Invoice" ("Invoice_ID", "Status", "Issue_date", "NIP") VALUES (198, 'Overdue', '2017-06-28', 8742564463);
INSERT INTO "Invoice" ("Invoice_ID", "Status", "Issue_date", "NIP") VALUES (13, 'Overdue', '2018-12-13', 9182159982);
INSERT INTO "Invoice" ("Invoice_ID", "Status", "Issue_date", "NIP") VALUES (91, 'Forgiven', '2018-12-26', 6689978699);
INSERT INTO "Invoice" ("Invoice_ID", "Status", "Issue_date", "NIP") VALUES (12, 'Paid', '2022-08-20', 6418860856);
INSERT INTO "Invoice" ("Invoice_ID", "Status", "Issue_date", "NIP") VALUES (171, 'Unpaid', '2014-09-06', 9065599385);
INSERT INTO "Invoice" ("Invoice_ID", "Status", "Issue_date", "NIP") VALUES (49, 'Paid', '2023-12-05', 5252229706);
INSERT INTO "Invoice" ("Invoice_ID", "Status", "Issue_date", "NIP") VALUES (155, 'Unpaid', '2023-04-20', 1015321190);
INSERT INTO "Invoice" ("Invoice_ID", "Status", "Issue_date", "NIP") VALUES (57, 'Forgiven', '2024-02-09', 2775154375);
INSERT INTO "Invoice" ("Invoice_ID", "Status", "Issue_date", "NIP") VALUES (127, 'Unpaid', '2018-10-31', 1656114786);
INSERT INTO "Invoice" ("Invoice_ID", "Status", "Issue_date", "NIP") VALUES (168, 'Forgiven', '2016-07-01', 1262958100);
INSERT INTO "Invoice" ("Invoice_ID", "Status", "Issue_date", "NIP") VALUES (86, 'Forgiven', '2020-08-19', 9067811184);
INSERT INTO "Invoice" ("Invoice_ID", "Status", "Issue_date", "NIP") VALUES (60, 'Overdue', '2024-01-22', 3858401326);
INSERT INTO "Invoice" ("Invoice_ID", "Status", "Issue_date", "NIP") VALUES (185, 'Paid', '2018-12-06', 2468740303);
INSERT INTO "Invoice" ("Invoice_ID", "Status", "Issue_date", "NIP") VALUES (71, 'Forgiven', '2017-01-29', 4837161917);
INSERT INTO "Invoice" ("Invoice_ID", "Status", "Issue_date", "NIP") VALUES (43, 'Forgiven', '2021-12-15', 1930251777);
INSERT INTO "Invoice" ("Invoice_ID", "Status", "Issue_date", "NIP") VALUES (26, 'Paid', '2017-11-02', 5463784126);
INSERT INTO "Invoice" ("Invoice_ID", "Status", "Issue_date", "NIP") VALUES (42, 'Refunded', '2015-02-23', 3140405019);
INSERT INTO "Invoice" ("Invoice_ID", "Status", "Issue_date", "NIP") VALUES (24, 'Refunded', '2023-09-05', 6683729683);
INSERT INTO "Invoice" ("Invoice_ID", "Status", "Issue_date", "NIP") VALUES (63, 'Forgiven', '2015-09-21', 4387182540);
INSERT INTO "Invoice" ("Invoice_ID", "Status", "Issue_date", "NIP") VALUES (3, 'Forgiven', '2023-03-13', 6654470417);
INSERT INTO "Invoice" ("Invoice_ID", "Status", "Issue_date", "NIP") VALUES (163, 'Forgiven', '2021-09-13', 1328694185);
INSERT INTO "Invoice" ("Invoice_ID", "Status", "Issue_date", "NIP") VALUES (131, 'Refunded', '2024-10-30', 6841101182);
INSERT INTO "Invoice" ("Invoice_ID", "Status", "Issue_date", "NIP") VALUES (35, 'Overdue', '2014-02-18', 1854110859);
INSERT INTO "Invoice" ("Invoice_ID", "Status", "Issue_date", "NIP") VALUES (141, 'Refunded', '2024-01-24', 2809094836);
INSERT INTO "Invoice" ("Invoice_ID", "Status", "Issue_date", "NIP") VALUES (180, 'Unpaid', '2014-12-01', 5022278019);
INSERT INTO "Invoice" ("Invoice_ID", "Status", "Issue_date", "NIP") VALUES (80, 'Paid', '2021-08-08', 1436046356);
INSERT INTO "Invoice" ("Invoice_ID", "Status", "Issue_date", "NIP") VALUES (64, 'Refunded', '2018-08-11', 8045981122);
INSERT INTO "Invoice" ("Invoice_ID", "Status", "Issue_date", "NIP") VALUES (156, 'Forgiven', '2022-07-26', 6402302066);
INSERT INTO "Invoice" ("Invoice_ID", "Status", "Issue_date", "NIP") VALUES (90, 'Forgiven', '2014-01-27', 6854054504);
INSERT INTO "Invoice" ("Invoice_ID", "Status", "Issue_date", "NIP") VALUES (120, 'Refunded', '2023-04-03', 1960466739);
INSERT INTO "Invoice" ("Invoice_ID", "Status", "Issue_date", "NIP") VALUES (170, 'Unpaid', '2024-05-20', 1897641915);
INSERT INTO "Invoice" ("Invoice_ID", "Status", "Issue_date", "NIP") VALUES (134, 'Forgiven', '2024-09-08', 1054747902);
INSERT INTO "Invoice" ("Invoice_ID", "Status", "Issue_date", "NIP") VALUES (15, 'Forgiven', '2017-05-20', 7804923516);
INSERT INTO "Invoice" ("Invoice_ID", "Status", "Issue_date", "NIP") VALUES (145, 'Forgiven', '2023-09-21', 9530143983);
INSERT INTO "Invoice" ("Invoice_ID", "Status", "Issue_date", "NIP") VALUES (22, 'Forgiven', '2017-11-30', 1128241425);
INSERT INTO "Invoice" ("Invoice_ID", "Status", "Issue_date", "NIP") VALUES (74, 'Paid', '2020-09-07', 9307775061);
INSERT INTO "Invoice" ("Invoice_ID", "Status", "Issue_date", "NIP") VALUES (31, 'Paid', '2024-09-05', 7339357654);
INSERT INTO "Invoice" ("Invoice_ID", "Status", "Issue_date", "NIP") VALUES (194, 'Forgiven', '2020-04-04', 6538427207);
INSERT INTO "Invoice" ("Invoice_ID", "Status", "Issue_date", "NIP") VALUES (102, 'Forgiven', '2015-09-30', 4326269513);
INSERT INTO "Invoice" ("Invoice_ID", "Status", "Issue_date", "NIP") VALUES (165, 'Unpaid', '2016-06-06', 4467473924);
INSERT INTO "Invoice" ("Invoice_ID", "Status", "Issue_date", "NIP") VALUES (112, 'Forgiven', '2021-05-24', 3143128399);
INSERT INTO "Invoice" ("Invoice_ID", "Status", "Issue_date", "NIP") VALUES (138, 'Forgiven', '2014-06-28', 5759134998);
INSERT INTO "Invoice" ("Invoice_ID", "Status", "Issue_date", "NIP") VALUES (54, 'Refunded', '2014-06-28', 7988040084);
INSERT INTO "Invoice" ("Invoice_ID", "Status", "Issue_date", "NIP") VALUES (147, 'Paid', '2020-05-08', 1895685756);
INSERT INTO "Invoice" ("Invoice_ID", "Status", "Issue_date", "NIP") VALUES (153, 'Forgiven', '2015-06-21', 4485232364);
INSERT INTO "Invoice" ("Invoice_ID", "Status", "Issue_date", "NIP") VALUES (130, 'Unpaid', '2021-10-07', 7286137106);
INSERT INTO "Invoice" ("Invoice_ID", "Status", "Issue_date", "NIP") VALUES (154, 'Paid', '2018-08-18', 7152308954);
INSERT INTO "Invoice" ("Invoice_ID", "Status", "Issue_date", "NIP") VALUES (19, 'Forgiven', '2018-03-07', 2061201283);
INSERT INTO "Invoice" ("Invoice_ID", "Status", "Issue_date", "NIP") VALUES (136, 'Paid', '2018-05-14', 4241720756);
INSERT INTO "Invoice" ("Invoice_ID", "Status", "Issue_date", "NIP") VALUES (93, 'Paid', '2014-04-30', 4308588361);
INSERT INTO "Invoice" ("Invoice_ID", "Status", "Issue_date", "NIP") VALUES (100, 'Refunded', '2019-02-25', 7035207098);
INSERT INTO "Transaction" ("Transaction_ID", "Date", "Value", "Client_ID", "Employee_ID", "Transaction_type_ID", "Invoice_ID") VALUES (1, '2020-12-11', 30755.4, 76, 51, 2, 97);
INSERT INTO "Transaction" ("Transaction_ID", "Date", "Value", "Client_ID", "Employee_ID", "Transaction_type_ID", "Invoice_ID") VALUES (2, '2020-08-09', 81766.29, 57, 57, 1, 85);
INSERT INTO "Transaction" ("Transaction_ID", "Date", "Value", "Client_ID", "Employee_ID", "Transaction_type_ID", "Invoice_ID") VALUES (3, '2015-08-16', 25092.53, 86, 15, 1, 33);
INSERT INTO "Transaction" ("Transaction_ID", "Date", "Value", "Client_ID", "Employee_ID", "Transaction_type_ID", "Invoice_ID") VALUES (4, '2017-05-30', 8057.77, 70, 76, 1, 1);
INSERT INTO "Transaction" ("Transaction_ID", "Date", "Value", "Client_ID", "Employee_ID", "Transaction_type_ID", "Invoice_ID") VALUES (5, '2015-09-23', 56334.71, 40, 80, 1, 151);
INSERT INTO "Transaction" ("Transaction_ID", "Date", "Value", "Client_ID", "Employee_ID", "Transaction_type_ID", "Invoice_ID") VALUES (6, '2015-06-17', 42478.75, 18, 59, 1, 146);
INSERT INTO "Transaction" ("Transaction_ID", "Date", "Value", "Client_ID", "Employee_ID", "Transaction_type_ID", "Invoice_ID") VALUES (7, '2021-04-27', 88020.88, 11, 58, 2, 187);
INSERT INTO "Transaction" ("Transaction_ID", "Date", "Value", "Client_ID", "Employee_ID", "Transaction_type_ID", "Invoice_ID") VALUES (8, '2014-08-23', 57020.69, 29, 27, 2, 5);
INSERT INTO "Transaction" ("Transaction_ID", "Date", "Value", "Client_ID", "Employee_ID", "Transaction_type_ID", "Invoice_ID") VALUES (9, '2020-12-11', 51523.57, 95, 37, 1, 44);
INSERT INTO "Transaction" ("Transaction_ID", "Date", "Value", "Client_ID", "Employee_ID", "Transaction_type_ID", "Invoice_ID") VALUES (10, '2015-12-17', 73510.75, 19, 88, 2, 143);
INSERT INTO "Transaction" ("Transaction_ID", "Date", "Value", "Client_ID", "Employee_ID", "Transaction_type_ID", "Invoice_ID") VALUES (11, '2019-04-15', 67999.66, 56, 83, 1, 34);
INSERT INTO "Transaction" ("Transaction_ID", "Date", "Value", "Client_ID", "Employee_ID", "Transaction_type_ID", "Invoice_ID") VALUES (12, '2014-02-19', 60196.98, 100, 39, 2, 59);
INSERT INTO "Transaction" ("Transaction_ID", "Date", "Value", "Client_ID", "Employee_ID", "Transaction_type_ID", "Invoice_ID") VALUES (13, '2023-09-10', 30626.87, 10, 28, 2, 189);
INSERT INTO "Transaction" ("Transaction_ID", "Date", "Value", "Client_ID", "Employee_ID", "Transaction_type_ID", "Invoice_ID") VALUES (14, '2023-03-23', 98438.28, 66, 70, 1, 103);
INSERT INTO "Transaction" ("Transaction_ID", "Date", "Value", "Client_ID", "Employee_ID", "Transaction_type_ID", "Invoice_ID") VALUES (15, '2021-10-30', 85977.04, 9, 53, 1, 188);
INSERT INTO "Transaction" ("Transaction_ID", "Date", "Value", "Client_ID", "Employee_ID", "Transaction_type_ID", "Invoice_ID") VALUES (16, '2019-07-09', 88601.13, 46, 87, 1, 2);
INSERT INTO "Transaction" ("Transaction_ID", "Date", "Value", "Client_ID", "Employee_ID", "Transaction_type_ID", "Invoice_ID") VALUES (17, '2024-10-08', 74971.71, 2, 27, 2, 11);
INSERT INTO "Transaction" ("Transaction_ID", "Date", "Value", "Client_ID", "Employee_ID", "Transaction_type_ID", "Invoice_ID") VALUES (18, '2019-06-30', 46236.14, 100, 67, 1, 79);
INSERT INTO "Transaction" ("Transaction_ID", "Date", "Value", "Client_ID", "Employee_ID", "Transaction_type_ID", "Invoice_ID") VALUES (19, '2019-11-19', 66701.63, 64, 13, 2, 76);
INSERT INTO "Transaction" ("Transaction_ID", "Date", "Value", "Client_ID", "Employee_ID", "Transaction_type_ID", "Invoice_ID") VALUES (20, '2020-02-25', 99960.56, 4, 49, 2, 52);
INSERT INTO "Transaction" ("Transaction_ID", "Date", "Value", "Client_ID", "Employee_ID", "Transaction_type_ID", "Invoice_ID") VALUES (21, '2020-01-24', 58951.67, 100, 28, 1, 14);
INSERT INTO "Transaction" ("Transaction_ID", "Date", "Value", "Client_ID", "Employee_ID", "Transaction_type_ID", "Invoice_ID") VALUES (22, '2022-06-14', 28129.61, 57, 84, 2, 70);
INSERT INTO "Transaction" ("Transaction_ID", "Date", "Value", "Client_ID", "Employee_ID", "Transaction_type_ID", "Invoice_ID") VALUES (23, '2014-12-05', 23381.45, 8, 42, 2, 192);
INSERT INTO "Transaction" ("Transaction_ID", "Date", "Value", "Client_ID", "Employee_ID", "Transaction_type_ID", "Invoice_ID") VALUES (24, '2020-03-16', 42301.06, 30, 59, 2, 29);
INSERT INTO "Transaction" ("Transaction_ID", "Date", "Value", "Client_ID", "Employee_ID", "Transaction_type_ID", "Invoice_ID") VALUES (25, '2022-08-01', 12413.83, 2, 83, 2, 162);
INSERT INTO "Transaction" ("Transaction_ID", "Date", "Value", "Client_ID", "Employee_ID", "Transaction_type_ID", "Invoice_ID") VALUES (26, '2018-04-13', 17610.27, 24, 56, 1, 161);
INSERT INTO "Transaction" ("Transaction_ID", "Date", "Value", "Client_ID", "Employee_ID", "Transaction_type_ID", "Invoice_ID") VALUES (27, '2019-09-04', 95830.35, 53, 2, 1, 175);
INSERT INTO "Transaction" ("Transaction_ID", "Date", "Value", "Client_ID", "Employee_ID", "Transaction_type_ID", "Invoice_ID") VALUES (28, '2015-09-18', 55798.56, 63, 41, 1, 88);
INSERT INTO "Transaction" ("Transaction_ID", "Date", "Value", "Client_ID", "Employee_ID", "Transaction_type_ID", "Invoice_ID") VALUES (29, '2017-04-15', 41061.02, 52, 39, 1, 40);
INSERT INTO "Transaction" ("Transaction_ID", "Date", "Value", "Client_ID", "Employee_ID", "Transaction_type_ID", "Invoice_ID") VALUES (30, '2021-09-23', 66746.07, 7, 52, 1, 37);
INSERT INTO "Transaction" ("Transaction_ID", "Date", "Value", "Client_ID", "Employee_ID", "Transaction_type_ID", "Invoice_ID") VALUES (31, '2023-12-18', 82171.97, 4, 81, 2, 38);
INSERT INTO "Transaction" ("Transaction_ID", "Date", "Value", "Client_ID", "Employee_ID", "Transaction_type_ID", "Invoice_ID") VALUES (32, '2023-01-07', 83703.58, 55, 35, 2, 111);
INSERT INTO "Transaction" ("Transaction_ID", "Date", "Value", "Client_ID", "Employee_ID", "Transaction_type_ID", "Invoice_ID") VALUES (33, '2022-07-27', 84331.38, 45, 1, 1, 10);
INSERT INTO "Transaction" ("Transaction_ID", "Date", "Value", "Client_ID", "Employee_ID", "Transaction_type_ID", "Invoice_ID") VALUES (34, '2024-11-11', 82248.53, 62, 81, 2, 132);
INSERT INTO "Transaction" ("Transaction_ID", "Date", "Value", "Client_ID", "Employee_ID", "Transaction_type_ID", "Invoice_ID") VALUES (35, '2020-11-13', 62032.87, 52, 19, 1, 179);
INSERT INTO "Transaction" ("Transaction_ID", "Date", "Value", "Client_ID", "Employee_ID", "Transaction_type_ID", "Invoice_ID") VALUES (36, '2024-10-26', 87669.24, 58, 58, 1, 172);
INSERT INTO "Transaction" ("Transaction_ID", "Date", "Value", "Client_ID", "Employee_ID", "Transaction_type_ID", "Invoice_ID") VALUES (37, '2024-07-15', 39815.97, 57, 42, 2, 135);
INSERT INTO "Transaction" ("Transaction_ID", "Date", "Value", "Client_ID", "Employee_ID", "Transaction_type_ID", "Invoice_ID") VALUES (38, '2016-08-21', 73559.85, 53, 83, 1, 32);
INSERT INTO "Transaction" ("Transaction_ID", "Date", "Value", "Client_ID", "Employee_ID", "Transaction_type_ID", "Invoice_ID") VALUES (39, '2016-04-11', 74335.33, 35, 5, 1, 137);
INSERT INTO "Transaction" ("Transaction_ID", "Date", "Value", "Client_ID", "Employee_ID", "Transaction_type_ID", "Invoice_ID") VALUES (40, '2014-05-05', 29158.19, 95, 28, 1, 58);
INSERT INTO "Transaction" ("Transaction_ID", "Date", "Value", "Client_ID", "Employee_ID", "Transaction_type_ID", "Invoice_ID") VALUES (41, '2022-05-21', 78172.93, 91, 33, 2, 110);
INSERT INTO "Transaction" ("Transaction_ID", "Date", "Value", "Client_ID", "Employee_ID", "Transaction_type_ID", "Invoice_ID") VALUES (42, '2024-04-30', 60183.64, 40, 45, 1, 65);
INSERT INTO "Transaction" ("Transaction_ID", "Date", "Value", "Client_ID", "Employee_ID", "Transaction_type_ID", "Invoice_ID") VALUES (43, '2018-06-19', 39593.49, 26, 59, 1, 113);
INSERT INTO "Transaction" ("Transaction_ID", "Date", "Value", "Client_ID", "Employee_ID", "Transaction_type_ID", "Invoice_ID") VALUES (44, '2024-10-20', 67499.67, 96, 77, 2, 117);
INSERT INTO "Transaction" ("Transaction_ID", "Date", "Value", "Client_ID", "Employee_ID", "Transaction_type_ID", "Invoice_ID") VALUES (45, '2024-08-09', 93943.11, 89, 59, 2, 53);
INSERT INTO "Transaction" ("Transaction_ID", "Date", "Value", "Client_ID", "Employee_ID", "Transaction_type_ID", "Invoice_ID") VALUES (46, '2017-07-17', 42835.61, 99, 15, 2, 8);
INSERT INTO "Transaction" ("Transaction_ID", "Date", "Value", "Client_ID", "Employee_ID", "Transaction_type_ID", "Invoice_ID") VALUES (47, '2017-07-16', 70693.0, 79, 23, 2, 174);
INSERT INTO "Transaction" ("Transaction_ID", "Date", "Value", "Client_ID", "Employee_ID", "Transaction_type_ID", "Invoice_ID") VALUES (48, '2019-08-27', 92338.28, 14, 7, 1, 106);
INSERT INTO "Transaction" ("Transaction_ID", "Date", "Value", "Client_ID", "Employee_ID", "Transaction_type_ID", "Invoice_ID") VALUES (49, '2019-11-12', 45570.79, 64, 93, 1, 158);
INSERT INTO "Transaction" ("Transaction_ID", "Date", "Value", "Client_ID", "Employee_ID", "Transaction_type_ID", "Invoice_ID") VALUES (50, '2024-03-12', 46611.61, 69, 99, 1, 184);
INSERT INTO "Transaction" ("Transaction_ID", "Date", "Value", "Client_ID", "Employee_ID", "Transaction_type_ID", "Invoice_ID") VALUES (51, '2023-06-17', 26479.22, 87, 57, 2, 73);
INSERT INTO "Transaction" ("Transaction_ID", "Date", "Value", "Client_ID", "Employee_ID", "Transaction_type_ID", "Invoice_ID") VALUES (52, '2020-03-09', 61765.13, 55, 62, 1, 51);
INSERT INTO "Transaction" ("Transaction_ID", "Date", "Value", "Client_ID", "Employee_ID", "Transaction_type_ID", "Invoice_ID") VALUES (53, '2016-08-03', 59573.55, 75, 97, 1, 199);
INSERT INTO "Transaction" ("Transaction_ID", "Date", "Value", "Client_ID", "Employee_ID", "Transaction_type_ID", "Invoice_ID") VALUES (54, '2021-05-25', 47255.28, 13, 4, 2, 30);
INSERT INTO "Transaction" ("Transaction_ID", "Date", "Value", "Client_ID", "Employee_ID", "Transaction_type_ID", "Invoice_ID") VALUES (55, '2014-06-12', 85397.07, 34, 11, 1, 196);
INSERT INTO "Transaction" ("Transaction_ID", "Date", "Value", "Client_ID", "Employee_ID", "Transaction_type_ID", "Invoice_ID") VALUES (56, '2019-09-23', 19986.0, 99, 26, 2, 166);
INSERT INTO "Transaction" ("Transaction_ID", "Date", "Value", "Client_ID", "Employee_ID", "Transaction_type_ID", "Invoice_ID") VALUES (57, '2016-08-16', 65134.93, 42, 75, 1, 68);
INSERT INTO "Transaction" ("Transaction_ID", "Date", "Value", "Client_ID", "Employee_ID", "Transaction_type_ID", "Invoice_ID") VALUES (58, '2015-09-21', 10351.62, 98, 65, 2, 46);
INSERT INTO "Transaction" ("Transaction_ID", "Date", "Value", "Client_ID", "Employee_ID", "Transaction_type_ID", "Invoice_ID") VALUES (59, '2018-01-30', 12545.72, 22, 66, 1, 125);
INSERT INTO "Transaction" ("Transaction_ID", "Date", "Value", "Client_ID", "Employee_ID", "Transaction_type_ID", "Invoice_ID") VALUES (60, '2014-03-05', 31802.94, 34, 25, 1, 152);
INSERT INTO "Transaction" ("Transaction_ID", "Date", "Value", "Client_ID", "Employee_ID", "Transaction_type_ID", "Invoice_ID") VALUES (61, '2021-03-18', 11485.07, 70, 37, 2, 36);
INSERT INTO "Transaction" ("Transaction_ID", "Date", "Value", "Client_ID", "Employee_ID", "Transaction_type_ID", "Invoice_ID") VALUES (62, '2023-06-03', 83935.89, 11, 40, 2, 200);
INSERT INTO "Transaction" ("Transaction_ID", "Date", "Value", "Client_ID", "Employee_ID", "Transaction_type_ID", "Invoice_ID") VALUES (63, '2020-07-21', 63649.05, 70, 96, 2, 169);
INSERT INTO "Transaction" ("Transaction_ID", "Date", "Value", "Client_ID", "Employee_ID", "Transaction_type_ID", "Invoice_ID") VALUES (64, '2018-08-26', 8127.28, 35, 21, 1, 178);
INSERT INTO "Transaction" ("Transaction_ID", "Date", "Value", "Client_ID", "Employee_ID", "Transaction_type_ID", "Invoice_ID") VALUES (65, '2024-01-26', 9220.09, 88, 6, 2, 186);
INSERT INTO "Transaction" ("Transaction_ID", "Date", "Value", "Client_ID", "Employee_ID", "Transaction_type_ID", "Invoice_ID") VALUES (66, '2015-08-05', 32602.33, 94, 97, 1, 66);
INSERT INTO "Transaction" ("Transaction_ID", "Date", "Value", "Client_ID", "Employee_ID", "Transaction_type_ID", "Invoice_ID") VALUES (67, '2018-05-26', 24236.8, 42, 10, 1, 183);
INSERT INTO "Transaction" ("Transaction_ID", "Date", "Value", "Client_ID", "Employee_ID", "Transaction_type_ID", "Invoice_ID") VALUES (68, '2023-12-29', 90431.97, 23, 7, 2, 45);
INSERT INTO "Transaction" ("Transaction_ID", "Date", "Value", "Client_ID", "Employee_ID", "Transaction_type_ID", "Invoice_ID") VALUES (69, '2019-03-11', 61211.2, 36, 88, 1, 84);
INSERT INTO "Transaction" ("Transaction_ID", "Date", "Value", "Client_ID", "Employee_ID", "Transaction_type_ID", "Invoice_ID") VALUES (70, '2024-10-31', 17790.76, 62, 23, 1, 21);
INSERT INTO "Transaction" ("Transaction_ID", "Date", "Value", "Client_ID", "Employee_ID", "Transaction_type_ID", "Invoice_ID") VALUES (71, '2015-08-06', 15542.42, 4, 82, 1, 61);
INSERT INTO "Transaction" ("Transaction_ID", "Date", "Value", "Client_ID", "Employee_ID", "Transaction_type_ID", "Invoice_ID") VALUES (72, '2019-02-15', 81687.62, 9, 24, 2, 173);
INSERT INTO "Transaction" ("Transaction_ID", "Date", "Value", "Client_ID", "Employee_ID", "Transaction_type_ID", "Invoice_ID") VALUES (73, '2015-03-19', 47006.65, 10, 96, 2, 47);
INSERT INTO "Transaction" ("Transaction_ID", "Date", "Value", "Client_ID", "Employee_ID", "Transaction_type_ID", "Invoice_ID") VALUES (74, '2014-10-30', 57979.3, 99, 35, 2, 121);
INSERT INTO "Transaction" ("Transaction_ID", "Date", "Value", "Client_ID", "Employee_ID", "Transaction_type_ID", "Invoice_ID") VALUES (75, '2021-12-14', 44904.11, 1, 38, 2, 105);
INSERT INTO "Transaction" ("Transaction_ID", "Date", "Value", "Client_ID", "Employee_ID", "Transaction_type_ID", "Invoice_ID") VALUES (76, '2022-10-19', 64950.66, 69, 54, 1, 69);
INSERT INTO "Transaction" ("Transaction_ID", "Date", "Value", "Client_ID", "Employee_ID", "Transaction_type_ID", "Invoice_ID") VALUES (77, '2017-01-31', 12844.52, 55, 97, 2, 116);
INSERT INTO "Transaction" ("Transaction_ID", "Date", "Value", "Client_ID", "Employee_ID", "Transaction_type_ID", "Invoice_ID") VALUES (78, '2024-07-24', 96472.47, 90, 40, 2, 114);
INSERT INTO "Transaction" ("Transaction_ID", "Date", "Value", "Client_ID", "Employee_ID", "Transaction_type_ID", "Invoice_ID") VALUES (79, '2017-11-26', 74336.91, 35, 13, 1, 124);
INSERT INTO "Transaction" ("Transaction_ID", "Date", "Value", "Client_ID", "Employee_ID", "Transaction_type_ID", "Invoice_ID") VALUES (80, '2020-06-03', 51832.38, 37, 76, 2, 98);
INSERT INTO "Transaction" ("Transaction_ID", "Date", "Value", "Client_ID", "Employee_ID", "Transaction_type_ID", "Invoice_ID") VALUES (81, '2022-02-28', 71810.2, 49, 9, 1, 150);
INSERT INTO "Transaction" ("Transaction_ID", "Date", "Value", "Client_ID", "Employee_ID", "Transaction_type_ID", "Invoice_ID") VALUES (82, '2016-12-25', 27398.49, 52, 87, 1, 7);
INSERT INTO "Transaction" ("Transaction_ID", "Date", "Value", "Client_ID", "Employee_ID", "Transaction_type_ID", "Invoice_ID") VALUES (83, '2021-04-28', 98244.17, 44, 85, 1, 25);
INSERT INTO "Transaction" ("Transaction_ID", "Date", "Value", "Client_ID", "Employee_ID", "Transaction_type_ID", "Invoice_ID") VALUES (84, '2014-05-24', 87277.85, 5, 41, 2, 190);
INSERT INTO "Transaction" ("Transaction_ID", "Date", "Value", "Client_ID", "Employee_ID", "Transaction_type_ID", "Invoice_ID") VALUES (85, '2017-11-24', 68100.28, 100, 1, 2, 77);
INSERT INTO "Transaction" ("Transaction_ID", "Date", "Value", "Client_ID", "Employee_ID", "Transaction_type_ID", "Invoice_ID") VALUES (86, '2024-03-11', 30039.94, 87, 58, 2, 133);
INSERT INTO "Transaction" ("Transaction_ID", "Date", "Value", "Client_ID", "Employee_ID", "Transaction_type_ID", "Invoice_ID") VALUES (87, '2023-09-05', 42137.01, 72, 64, 1, 16);
INSERT INTO "Transaction" ("Transaction_ID", "Date", "Value", "Client_ID", "Employee_ID", "Transaction_type_ID", "Invoice_ID") VALUES (88, '2020-01-10', 84521.99, 66, 28, 2, 6);
INSERT INTO "Transaction" ("Transaction_ID", "Date", "Value", "Client_ID", "Employee_ID", "Transaction_type_ID", "Invoice_ID") VALUES (89, '2021-12-12', 13851.04, 59, 79, 1, 128);
INSERT INTO "Transaction" ("Transaction_ID", "Date", "Value", "Client_ID", "Employee_ID", "Transaction_type_ID", "Invoice_ID") VALUES (90, '2024-08-19', 30609.1, 88, 75, 1, 195);
INSERT INTO "Transaction" ("Transaction_ID", "Date", "Value", "Client_ID", "Employee_ID", "Transaction_type_ID", "Invoice_ID") VALUES (91, '2017-11-09', 55315.96, 44, 47, 2, 56);
INSERT INTO "Transaction" ("Transaction_ID", "Date", "Value", "Client_ID", "Employee_ID", "Transaction_type_ID", "Invoice_ID") VALUES (92, '2023-01-14', 77169.78, 38, 51, 1, 48);
INSERT INTO "Transaction" ("Transaction_ID", "Date", "Value", "Client_ID", "Employee_ID", "Transaction_type_ID", "Invoice_ID") VALUES (93, '2020-05-04', 32228.5, 14, 5, 2, 9);
INSERT INTO "Transaction" ("Transaction_ID", "Date", "Value", "Client_ID", "Employee_ID", "Transaction_type_ID", "Invoice_ID") VALUES (94, '2016-10-29', 82817.59, 60, 86, 1, 28);
INSERT INTO "Transaction" ("Transaction_ID", "Date", "Value", "Client_ID", "Employee_ID", "Transaction_type_ID", "Invoice_ID") VALUES (95, '2017-05-30', 41295.82, 5, 83, 1, 89);
INSERT INTO "Transaction" ("Transaction_ID", "Date", "Value", "Client_ID", "Employee_ID", "Transaction_type_ID", "Invoice_ID") VALUES (96, '2022-01-09', 18199.63, 18, 34, 1, 157);
INSERT INTO "Transaction" ("Transaction_ID", "Date", "Value", "Client_ID", "Employee_ID", "Transaction_type_ID", "Invoice_ID") VALUES (97, '2023-10-29', 34514.56, 57, 66, 1, 167);
INSERT INTO "Transaction" ("Transaction_ID", "Date", "Value", "Client_ID", "Employee_ID", "Transaction_type_ID", "Invoice_ID") VALUES (98, '2014-06-11', 95016.92, 43, 29, 1, 182);
INSERT INTO "Transaction" ("Transaction_ID", "Date", "Value", "Client_ID", "Employee_ID", "Transaction_type_ID", "Invoice_ID") VALUES (99, '2023-07-20', 89711.04, 14, 5, 2, 109);
INSERT INTO "Transaction" ("Transaction_ID", "Date", "Value", "Client_ID", "Employee_ID", "Transaction_type_ID", "Invoice_ID") VALUES (100, '2023-02-15', 25517.71, 17, 84, 1, 18);
INSERT INTO "Transaction" ("Transaction_ID", "Date", "Value", "Client_ID", "Employee_ID", "Transaction_type_ID", "Invoice_ID") VALUES (101, '2015-02-19', 44300.27, 55, 56, 1, 164);
INSERT INTO "Transaction" ("Transaction_ID", "Date", "Value", "Client_ID", "Employee_ID", "Transaction_type_ID", "Invoice_ID") VALUES (102, '2016-03-17', 42317.23, 21, 36, 2, 83);
INSERT INTO "Transaction" ("Transaction_ID", "Date", "Value", "Client_ID", "Employee_ID", "Transaction_type_ID", "Invoice_ID") VALUES (103, '2024-03-09', 55702.82, 8, 96, 2, 142);
INSERT INTO "Transaction" ("Transaction_ID", "Date", "Value", "Client_ID", "Employee_ID", "Transaction_type_ID", "Invoice_ID") VALUES (104, '2020-01-05', 23732.03, 22, 91, 2, 87);
INSERT INTO "Transaction" ("Transaction_ID", "Date", "Value", "Client_ID", "Employee_ID", "Transaction_type_ID", "Invoice_ID") VALUES (105, '2017-03-30', 51661.12, 99, 50, 1, 118);
INSERT INTO "Transaction" ("Transaction_ID", "Date", "Value", "Client_ID", "Employee_ID", "Transaction_type_ID", "Invoice_ID") VALUES (106, '2015-05-01', 69489.3, 46, 55, 2, 104);
INSERT INTO "Transaction" ("Transaction_ID", "Date", "Value", "Client_ID", "Employee_ID", "Transaction_type_ID", "Invoice_ID") VALUES (107, '2022-08-29', 74472.95, 74, 34, 2, 62);
INSERT INTO "Transaction" ("Transaction_ID", "Date", "Value", "Client_ID", "Employee_ID", "Transaction_type_ID", "Invoice_ID") VALUES (108, '2014-12-30', 9960.01, 39, 21, 1, 75);
INSERT INTO "Transaction" ("Transaction_ID", "Date", "Value", "Client_ID", "Employee_ID", "Transaction_type_ID", "Invoice_ID") VALUES (109, '2021-01-29', 29513.93, 63, 95, 1, 23);
INSERT INTO "Transaction" ("Transaction_ID", "Date", "Value", "Client_ID", "Employee_ID", "Transaction_type_ID", "Invoice_ID") VALUES (110, '2014-10-02', 31454.81, 70, 95, 1, 139);
INSERT INTO "Transaction" ("Transaction_ID", "Date", "Value", "Client_ID", "Employee_ID", "Transaction_type_ID", "Invoice_ID") VALUES (111, '2021-03-17', 42246.02, 6, 8, 1, 82);
INSERT INTO "Transaction" ("Transaction_ID", "Date", "Value", "Client_ID", "Employee_ID", "Transaction_type_ID", "Invoice_ID") VALUES (112, '2014-02-12', 49836.61, 74, 43, 1, 41);
INSERT INTO "Transaction" ("Transaction_ID", "Date", "Value", "Client_ID", "Employee_ID", "Transaction_type_ID", "Invoice_ID") VALUES (113, '2019-09-29', 13254.04, 21, 55, 1, 101);
INSERT INTO "Transaction" ("Transaction_ID", "Date", "Value", "Client_ID", "Employee_ID", "Transaction_type_ID", "Invoice_ID") VALUES (114, '2024-09-14', 22908.92, 25, 36, 1, 126);
INSERT INTO "Transaction" ("Transaction_ID", "Date", "Value", "Client_ID", "Employee_ID", "Transaction_type_ID", "Invoice_ID") VALUES (115, '2022-11-12', 97178.87, 27, 56, 2, 177);
INSERT INTO "Transaction" ("Transaction_ID", "Date", "Value", "Client_ID", "Employee_ID", "Transaction_type_ID", "Invoice_ID") VALUES (116, '2019-09-28', 31242.86, 22, 35, 1, 94);
INSERT INTO "Transaction" ("Transaction_ID", "Date", "Value", "Client_ID", "Employee_ID", "Transaction_type_ID", "Invoice_ID") VALUES (117, '2023-10-01', 78494.97, 50, 2, 1, 39);
INSERT INTO "Transaction" ("Transaction_ID", "Date", "Value", "Client_ID", "Employee_ID", "Transaction_type_ID", "Invoice_ID") VALUES (118, '2024-02-12', 71232.86, 47, 76, 2, 160);
INSERT INTO "Transaction" ("Transaction_ID", "Date", "Value", "Client_ID", "Employee_ID", "Transaction_type_ID", "Invoice_ID") VALUES (119, '2014-01-15', 38621.38, 55, 89, 1, 144);
INSERT INTO "Transaction" ("Transaction_ID", "Date", "Value", "Client_ID", "Employee_ID", "Transaction_type_ID", "Invoice_ID") VALUES (120, '2020-09-29', 35040.66, 10, 35, 1, 176);
INSERT INTO "Transaction" ("Transaction_ID", "Date", "Value", "Client_ID", "Employee_ID", "Transaction_type_ID", "Invoice_ID") VALUES (121, '2014-02-15', 88173.98, 36, 1, 2, 181);
INSERT INTO "Transaction" ("Transaction_ID", "Date", "Value", "Client_ID", "Employee_ID", "Transaction_type_ID", "Invoice_ID") VALUES (122, '2016-06-03', 69761.99, 89, 46, 2, 129);
INSERT INTO "Transaction" ("Transaction_ID", "Date", "Value", "Client_ID", "Employee_ID", "Transaction_type_ID", "Invoice_ID") VALUES (123, '2017-01-07', 73487.32, 99, 81, 1, 92);
INSERT INTO "Transaction" ("Transaction_ID", "Date", "Value", "Client_ID", "Employee_ID", "Transaction_type_ID", "Invoice_ID") VALUES (124, '2016-10-09', 59218.09, 83, 56, 2, 96);
INSERT INTO "Transaction" ("Transaction_ID", "Date", "Value", "Client_ID", "Employee_ID", "Transaction_type_ID", "Invoice_ID") VALUES (125, '2017-10-15', 48085.57, 79, 59, 2, 55);
INSERT INTO "Transaction" ("Transaction_ID", "Date", "Value", "Client_ID", "Employee_ID", "Transaction_type_ID", "Invoice_ID") VALUES (126, '2023-07-10', 27018.01, 86, 63, 2, 191);
INSERT INTO "Transaction" ("Transaction_ID", "Date", "Value", "Client_ID", "Employee_ID", "Transaction_type_ID", "Invoice_ID") VALUES (127, '2018-08-28', 90313.84, 77, 8, 1, 119);
INSERT INTO "Transaction" ("Transaction_ID", "Date", "Value", "Client_ID", "Employee_ID", "Transaction_type_ID", "Invoice_ID") VALUES (128, '2017-11-06', 35667.84, 65, 28, 1, 67);
INSERT INTO "Transaction" ("Transaction_ID", "Date", "Value", "Client_ID", "Employee_ID", "Transaction_type_ID", "Invoice_ID") VALUES (129, '2020-01-25', 39586.45, 15, 16, 1, 27);
INSERT INTO "Transaction" ("Transaction_ID", "Date", "Value", "Client_ID", "Employee_ID", "Transaction_type_ID", "Invoice_ID") VALUES (130, '2019-07-10', 54891.4, 16, 100, 2, 122);
INSERT INTO "Transaction" ("Transaction_ID", "Date", "Value", "Client_ID", "Employee_ID", "Transaction_type_ID", "Invoice_ID") VALUES (131, '2024-10-31', 10556.3, 43, 21, 1, 159);
INSERT INTO "Transaction" ("Transaction_ID", "Date", "Value", "Client_ID", "Employee_ID", "Transaction_type_ID", "Invoice_ID") VALUES (132, '2016-05-26', 87140.36, 53, 41, 1, 140);
INSERT INTO "Transaction" ("Transaction_ID", "Date", "Value", "Client_ID", "Employee_ID", "Transaction_type_ID", "Invoice_ID") VALUES (133, '2019-07-06', 8356.87, 14, 44, 1, 17);
INSERT INTO "Transaction" ("Transaction_ID", "Date", "Value", "Client_ID", "Employee_ID", "Transaction_type_ID", "Invoice_ID") VALUES (134, '2021-02-08', 87801.35, 14, 27, 1, 123);
INSERT INTO "Transaction" ("Transaction_ID", "Date", "Value", "Client_ID", "Employee_ID", "Transaction_type_ID", "Invoice_ID") VALUES (135, '2018-02-04', 28984.42, 7, 82, 1, 99);
INSERT INTO "Transaction" ("Transaction_ID", "Date", "Value", "Client_ID", "Employee_ID", "Transaction_type_ID", "Invoice_ID") VALUES (136, '2014-12-26', 45907.57, 47, 21, 2, 81);
INSERT INTO "Transaction" ("Transaction_ID", "Date", "Value", "Client_ID", "Employee_ID", "Transaction_type_ID", "Invoice_ID") VALUES (137, '2019-01-21', 90030.59, 2, 91, 1, 78);
INSERT INTO "Transaction" ("Transaction_ID", "Date", "Value", "Client_ID", "Employee_ID", "Transaction_type_ID", "Invoice_ID") VALUES (138, '2024-07-04', 40565.8, 75, 47, 2, 72);
INSERT INTO "Transaction" ("Transaction_ID", "Date", "Value", "Client_ID", "Employee_ID", "Transaction_type_ID", "Invoice_ID") VALUES (139, '2014-01-29', 34546.62, 88, 48, 1, 50);
INSERT INTO "Transaction" ("Transaction_ID", "Date", "Value", "Client_ID", "Employee_ID", "Transaction_type_ID", "Invoice_ID") VALUES (140, '2018-01-19', 75007.08, 8, 65, 2, 193);
INSERT INTO "Transaction" ("Transaction_ID", "Date", "Value", "Client_ID", "Employee_ID", "Transaction_type_ID", "Invoice_ID") VALUES (141, '2015-05-01', 42896.72, 45, 72, 1, 108);
INSERT INTO "Transaction" ("Transaction_ID", "Date", "Value", "Client_ID", "Employee_ID", "Transaction_type_ID", "Invoice_ID") VALUES (142, '2017-08-07', 11553.31, 58, 87, 2, 149);
INSERT INTO "Transaction" ("Transaction_ID", "Date", "Value", "Client_ID", "Employee_ID", "Transaction_type_ID", "Invoice_ID") VALUES (143, '2023-01-22', 7625.52, 49, 67, 2, 107);
INSERT INTO "Transaction" ("Transaction_ID", "Date", "Value", "Client_ID", "Employee_ID", "Transaction_type_ID", "Invoice_ID") VALUES (144, '2022-08-29', 91085.09, 16, 53, 1, 197);
INSERT INTO "Transaction" ("Transaction_ID", "Date", "Value", "Client_ID", "Employee_ID", "Transaction_type_ID", "Invoice_ID") VALUES (145, '2024-03-11', 21254.51, 16, 78, 1, 115);
INSERT INTO "Transaction" ("Transaction_ID", "Date", "Value", "Client_ID", "Employee_ID", "Transaction_type_ID", "Invoice_ID") VALUES (146, '2014-03-07', 31146.79, 17, 43, 2, 148);
INSERT INTO "Transaction" ("Transaction_ID", "Date", "Value", "Client_ID", "Employee_ID", "Transaction_type_ID", "Invoice_ID") VALUES (147, '2014-05-31', 52709.57, 54, 20, 2, 4);
INSERT INTO "Transaction" ("Transaction_ID", "Date", "Value", "Client_ID", "Employee_ID", "Transaction_type_ID", "Invoice_ID") VALUES (148, '2022-03-16', 48472.3, 31, 77, 1, 20);
INSERT INTO "Transaction" ("Transaction_ID", "Date", "Value", "Client_ID", "Employee_ID", "Transaction_type_ID", "Invoice_ID") VALUES (149, '2015-05-13', 17216.32, 6, 56, 2, 95);
INSERT INTO "Transaction" ("Transaction_ID", "Date", "Value", "Client_ID", "Employee_ID", "Transaction_type_ID", "Invoice_ID") VALUES (150, '2017-06-28', 59401.2, 98, 91, 1, 198);
INSERT INTO "Transaction" ("Transaction_ID", "Date", "Value", "Client_ID", "Employee_ID", "Transaction_type_ID", "Invoice_ID") VALUES (151, '2018-12-13', 97609.16, 2, 32, 2, 13);
INSERT INTO "Transaction" ("Transaction_ID", "Date", "Value", "Client_ID", "Employee_ID", "Transaction_type_ID", "Invoice_ID") VALUES (152, '2018-12-26', 44625.26, 58, 19, 1, 91);
INSERT INTO "Transaction" ("Transaction_ID", "Date", "Value", "Client_ID", "Employee_ID", "Transaction_type_ID", "Invoice_ID") VALUES (153, '2022-08-20', 55630.59, 72, 87, 2, 12);
INSERT INTO "Transaction" ("Transaction_ID", "Date", "Value", "Client_ID", "Employee_ID", "Transaction_type_ID", "Invoice_ID") VALUES (154, '2014-09-06', 63375.53, 31, 72, 2, 171);
INSERT INTO "Transaction" ("Transaction_ID", "Date", "Value", "Client_ID", "Employee_ID", "Transaction_type_ID", "Invoice_ID") VALUES (155, '2023-12-05', 73423.08, 73, 26, 2, 49);
INSERT INTO "Transaction" ("Transaction_ID", "Date", "Value", "Client_ID", "Employee_ID", "Transaction_type_ID", "Invoice_ID") VALUES (156, '2023-04-20', 47569.53, 85, 46, 1, 155);
INSERT INTO "Transaction" ("Transaction_ID", "Date", "Value", "Client_ID", "Employee_ID", "Transaction_type_ID", "Invoice_ID") VALUES (157, '2024-02-09', 54344.41, 74, 20, 1, 57);
INSERT INTO "Transaction" ("Transaction_ID", "Date", "Value", "Client_ID", "Employee_ID", "Transaction_type_ID", "Invoice_ID") VALUES (158, '2018-10-31', 94320.17, 12, 6, 1, 127);
INSERT INTO "Transaction" ("Transaction_ID", "Date", "Value", "Client_ID", "Employee_ID", "Transaction_type_ID", "Invoice_ID") VALUES (159, '2016-07-01', 27418.1, 63, 95, 1, 168);
INSERT INTO "Transaction" ("Transaction_ID", "Date", "Value", "Client_ID", "Employee_ID", "Transaction_type_ID", "Invoice_ID") VALUES (160, '2020-08-19', 49451.76, 5, 20, 1, 86);
INSERT INTO "Transaction" ("Transaction_ID", "Date", "Value", "Client_ID", "Employee_ID", "Transaction_type_ID", "Invoice_ID") VALUES (161, '2024-01-22', 68518.31, 33, 96, 1, 60);
INSERT INTO "Transaction" ("Transaction_ID", "Date", "Value", "Client_ID", "Employee_ID", "Transaction_type_ID", "Invoice_ID") VALUES (162, '2018-12-06', 93692.8, 32, 50, 2, 185);
INSERT INTO "Transaction" ("Transaction_ID", "Date", "Value", "Client_ID", "Employee_ID", "Transaction_type_ID", "Invoice_ID") VALUES (163, '2017-01-29', 68758.13, 28, 15, 1, 71);
INSERT INTO "Transaction" ("Transaction_ID", "Date", "Value", "Client_ID", "Employee_ID", "Transaction_type_ID", "Invoice_ID") VALUES (164, '2021-12-15', 24681.01, 98, 30, 2, 43);
INSERT INTO "Transaction" ("Transaction_ID", "Date", "Value", "Client_ID", "Employee_ID", "Transaction_type_ID", "Invoice_ID") VALUES (165, '2017-11-02', 36486.87, 47, 47, 2, 26);
INSERT INTO "Transaction" ("Transaction_ID", "Date", "Value", "Client_ID", "Employee_ID", "Transaction_type_ID", "Invoice_ID") VALUES (166, '2015-02-23', 16479.36, 24, 69, 1, 42);
INSERT INTO "Transaction" ("Transaction_ID", "Date", "Value", "Client_ID", "Employee_ID", "Transaction_type_ID", "Invoice_ID") VALUES (167, '2023-09-05', 33007.3, 37, 99, 1, 24);
INSERT INTO "Transaction" ("Transaction_ID", "Date", "Value", "Client_ID", "Employee_ID", "Transaction_type_ID", "Invoice_ID") VALUES (168, '2015-09-21', 25527.46, 80, 79, 2, 63);
INSERT INTO "Transaction" ("Transaction_ID", "Date", "Value", "Client_ID", "Employee_ID", "Transaction_type_ID", "Invoice_ID") VALUES (169, '2023-03-13', 64628.74, 100, 40, 1, 3);
INSERT INTO "Transaction" ("Transaction_ID", "Date", "Value", "Client_ID", "Employee_ID", "Transaction_type_ID", "Invoice_ID") VALUES (170, '2021-09-13', 17133.15, 89, 51, 2, 163);
INSERT INTO "Transaction" ("Transaction_ID", "Date", "Value", "Client_ID", "Employee_ID", "Transaction_type_ID", "Invoice_ID") VALUES (171, '2024-10-30', 59033.22, 9, 43, 1, 131);
INSERT INTO "Transaction" ("Transaction_ID", "Date", "Value", "Client_ID", "Employee_ID", "Transaction_type_ID", "Invoice_ID") VALUES (172, '2014-02-18', 62302.57, 65, 22, 1, 35);
INSERT INTO "Transaction" ("Transaction_ID", "Date", "Value", "Client_ID", "Employee_ID", "Transaction_type_ID", "Invoice_ID") VALUES (173, '2024-01-24', 96213.76, 64, 59, 1, 141);
INSERT INTO "Transaction" ("Transaction_ID", "Date", "Value", "Client_ID", "Employee_ID", "Transaction_type_ID", "Invoice_ID") VALUES (174, '2014-12-01', 17530.66, 84, 35, 2, 180);
INSERT INTO "Transaction" ("Transaction_ID", "Date", "Value", "Client_ID", "Employee_ID", "Transaction_type_ID", "Invoice_ID") VALUES (175, '2021-08-08', 58812.47, 62, 82, 2, 80);
INSERT INTO "Transaction" ("Transaction_ID", "Date", "Value", "Client_ID", "Employee_ID", "Transaction_type_ID", "Invoice_ID") VALUES (176, '2018-08-11', 70654.98, 5, 38, 2, 64);
INSERT INTO "Transaction" ("Transaction_ID", "Date", "Value", "Client_ID", "Employee_ID", "Transaction_type_ID", "Invoice_ID") VALUES (177, '2022-07-26', 14785.77, 59, 14, 2, 156);
INSERT INTO "Transaction" ("Transaction_ID", "Date", "Value", "Client_ID", "Employee_ID", "Transaction_type_ID", "Invoice_ID") VALUES (178, '2014-01-27', 43064.53, 80, 37, 1, 90);
INSERT INTO "Transaction" ("Transaction_ID", "Date", "Value", "Client_ID", "Employee_ID", "Transaction_type_ID", "Invoice_ID") VALUES (179, '2023-04-03', 71888.57, 57, 34, 2, 120);
INSERT INTO "Transaction" ("Transaction_ID", "Date", "Value", "Client_ID", "Employee_ID", "Transaction_type_ID", "Invoice_ID") VALUES (180, '2024-05-20', 44587.63, 70, 30, 2, 170);
INSERT INTO "Transaction" ("Transaction_ID", "Date", "Value", "Client_ID", "Employee_ID", "Transaction_type_ID", "Invoice_ID") VALUES (181, '2024-09-08', 58458.24, 14, 64, 2, 134);
INSERT INTO "Transaction" ("Transaction_ID", "Date", "Value", "Client_ID", "Employee_ID", "Transaction_type_ID", "Invoice_ID") VALUES (182, '2017-05-20', 59155.57, 87, 58, 2, 15);
INSERT INTO "Transaction" ("Transaction_ID", "Date", "Value", "Client_ID", "Employee_ID", "Transaction_type_ID", "Invoice_ID") VALUES (183, '2023-09-21', 41410.92, 82, 1, 2, 145);
INSERT INTO "Transaction" ("Transaction_ID", "Date", "Value", "Client_ID", "Employee_ID", "Transaction_type_ID", "Invoice_ID") VALUES (184, '2017-11-30', 84023.08, 57, 86, 2, 22);
INSERT INTO "Transaction" ("Transaction_ID", "Date", "Value", "Client_ID", "Employee_ID", "Transaction_type_ID", "Invoice_ID") VALUES (185, '2020-09-07', 99716.08, 65, 6, 2, 74);
INSERT INTO "Transaction" ("Transaction_ID", "Date", "Value", "Client_ID", "Employee_ID", "Transaction_type_ID", "Invoice_ID") VALUES (186, '2024-09-05', 68991.3, 20, 35, 2, 31);
INSERT INTO "Transaction" ("Transaction_ID", "Date", "Value", "Client_ID", "Employee_ID", "Transaction_type_ID", "Invoice_ID") VALUES (187, '2020-04-04', 69317.95, 29, 91, 2, 194);
INSERT INTO "Transaction" ("Transaction_ID", "Date", "Value", "Client_ID", "Employee_ID", "Transaction_type_ID", "Invoice_ID") VALUES (188, '2015-09-30', 97933.03, 16, 93, 2, 102);
INSERT INTO "Transaction" ("Transaction_ID", "Date", "Value", "Client_ID", "Employee_ID", "Transaction_type_ID", "Invoice_ID") VALUES (189, '2016-06-06', 24631.23, 5, 49, 1, 165);
INSERT INTO "Transaction" ("Transaction_ID", "Date", "Value", "Client_ID", "Employee_ID", "Transaction_type_ID", "Invoice_ID") VALUES (190, '2021-05-24', 31431.23, 48, 82, 2, 112);
INSERT INTO "Transaction" ("Transaction_ID", "Date", "Value", "Client_ID", "Employee_ID", "Transaction_type_ID", "Invoice_ID") VALUES (191, '2014-06-28', 37074.79, 90, 2, 1, 138);
INSERT INTO "Transaction" ("Transaction_ID", "Date", "Value", "Client_ID", "Employee_ID", "Transaction_type_ID", "Invoice_ID") VALUES (192, '2014-06-28', 18253.74, 3, 3, 2, 54);
INSERT INTO "Transaction" ("Transaction_ID", "Date", "Value", "Client_ID", "Employee_ID", "Transaction_type_ID", "Invoice_ID") VALUES (193, '2020-05-08', 44951.57, 23, 73, 2, 147);
INSERT INTO "Transaction" ("Transaction_ID", "Date", "Value", "Client_ID", "Employee_ID", "Transaction_type_ID", "Invoice_ID") VALUES (194, '2015-06-21', 51365.05, 65, 48, 2, 153);
INSERT INTO "Transaction" ("Transaction_ID", "Date", "Value", "Client_ID", "Employee_ID", "Transaction_type_ID", "Invoice_ID") VALUES (195, '2021-10-07', 40340.54, 76, 69, 2, 130);
INSERT INTO "Transaction" ("Transaction_ID", "Date", "Value", "Client_ID", "Employee_ID", "Transaction_type_ID", "Invoice_ID") VALUES (196, '2018-08-18', 64967.22, 15, 47, 2, 154);
INSERT INTO "Transaction" ("Transaction_ID", "Date", "Value", "Client_ID", "Employee_ID", "Transaction_type_ID", "Invoice_ID") VALUES (197, '2018-03-07', 34018.78, 45, 93, 2, 19);
INSERT INTO "Transaction" ("Transaction_ID", "Date", "Value", "Client_ID", "Employee_ID", "Transaction_type_ID", "Invoice_ID") VALUES (198, '2018-05-14', 72061.18, 43, 9, 2, 136);
INSERT INTO "Transaction" ("Transaction_ID", "Date", "Value", "Client_ID", "Employee_ID", "Transaction_type_ID", "Invoice_ID") VALUES (199, '2014-04-30', 20957.8, 33, 16, 1, 93);
INSERT INTO "Transaction" ("Transaction_ID", "Date", "Value", "Client_ID", "Employee_ID", "Transaction_type_ID", "Invoice_ID") VALUES (200, '2019-02-25', 20988.27, 83, 52, 1, 100);
INSERT INTO "Car" ("Car_ID", "Brand", "Model", "Color", "Mileage", "Price", "Car_condition_ID", "Car_dealer_ID") VALUES (1, 'Nissan', 'Qashqai', 'White', 14747, 10617.63, 1, 1);
INSERT INTO "Car" ("Car_ID", "Brand", "Model", "Color", "Mileage", "Price", "Car_condition_ID", "Car_dealer_ID") VALUES (2, 'Volkswagen', 'Passat', 'White', 70555, 75018.74, 3, 9);
INSERT INTO "Car" ("Car_ID", "Brand", "Model", "Color", "Mileage", "Price", "Car_condition_ID", "Car_dealer_ID") VALUES (3, 'Ford', 'Explorer', 'Silver', 101440, 27213.83, 1, 7);
INSERT INTO "Car" ("Car_ID", "Brand", "Model", "Color", "Mileage", "Price", "Car_condition_ID", "Car_dealer_ID") VALUES (4, 'Mercedes', 'GLC', 'Red', 25883, 75422.45, 2, 8);
INSERT INTO "Car" ("Car_ID", "Brand", "Model", "Color", "Mileage", "Price", "Car_condition_ID", "Car_dealer_ID") VALUES (5, 'Ford', 'Mustang', 'Red', 147533, 87830.52, 3, 14);
INSERT INTO "Car" ("Car_ID", "Brand", "Model", "Color", "Mileage", "Price", "Car_condition_ID", "Car_dealer_ID") VALUES (6, 'Ford', 'Edge', 'Yellow', 100884, 41337.21, 2, 25);
INSERT INTO "Car" ("Car_ID", "Brand", "Model", "Color", "Mileage", "Price", "Car_condition_ID", "Car_dealer_ID") VALUES (7, 'Mercedes', 'GLS', 'Green', 95702, 24183.91, 2, 30);
INSERT INTO "Car" ("Car_ID", "Brand", "Model", "Color", "Mileage", "Price", "Car_condition_ID", "Car_dealer_ID") VALUES (8, 'Mercedes', 'GLE', 'Black', 45871, 9684.86, 1, 22);
INSERT INTO "Car" ("Car_ID", "Brand", "Model", "Color", "Mileage", "Price", "Car_condition_ID", "Car_dealer_ID") VALUES (9, 'Ford', 'Explorer', 'Silver', 117470, 91886.0, 1, 10);
INSERT INTO "Car" ("Car_ID", "Brand", "Model", "Color", "Mileage", "Price", "Car_condition_ID", "Car_dealer_ID") VALUES (10, 'Ford', 'Puma', 'Green', 48217, 24327.37, 1, 17);
INSERT INTO "Car" ("Car_ID", "Brand", "Model", "Color", "Mileage", "Price", "Car_condition_ID", "Car_dealer_ID") VALUES (11, 'Mercedes', 'GLA', 'Orange', 24999, 94129.27, 1, 29);
INSERT INTO "Car" ("Car_ID", "Brand", "Model", "Color", "Mileage", "Price", "Car_condition_ID", "Car_dealer_ID") VALUES (12, 'BMW', 'X3', 'Blue', 4764, 52897.81, 2, 21);
INSERT INTO "Car" ("Car_ID", "Brand", "Model", "Color", "Mileage", "Price", "Car_condition_ID", "Car_dealer_ID") VALUES (13, 'BMW', 'M3', 'Green', 13482, 81769.94, 2, 15);
INSERT INTO "Car" ("Car_ID", "Brand", "Model", "Color", "Mileage", "Price", "Car_condition_ID", "Car_dealer_ID") VALUES (14, 'Toyota', 'RAV4', 'Green', 182878, 76087.21, 3, 29);
INSERT INTO "Car" ("Car_ID", "Brand", "Model", "Color", "Mileage", "Price", "Car_condition_ID", "Car_dealer_ID") VALUES (15, 'BMW', '520i', 'Grey', 115723, 94627.28, 3, 16);
INSERT INTO "Car" ("Car_ID", "Brand", "Model", "Color", "Mileage", "Price", "Car_condition_ID", "Car_dealer_ID") VALUES (16, 'Audi', 'RS4', 'Red', 114773, 5671.75, 2, 2);
INSERT INTO "Car" ("Car_ID", "Brand", "Model", "Color", "Mileage", "Price", "Car_condition_ID", "Car_dealer_ID") VALUES (17, 'Mercedes', 'A-Class', 'Green', 31283, 12271.29, 2, 19);
INSERT INTO "Car" ("Car_ID", "Brand", "Model", "Color", "Mileage", "Price", "Car_condition_ID", "Car_dealer_ID") VALUES (18, 'Kia', 'Sorento', 'Black', 70901, 89073.71, 1, 5);
INSERT INTO "Car" ("Car_ID", "Brand", "Model", "Color", "Mileage", "Price", "Car_condition_ID", "Car_dealer_ID") VALUES (19, 'Hyundai', 'Ioniq 5', 'Silver', 87681, 85451.36, 1, 11);
INSERT INTO "Car" ("Car_ID", "Brand", "Model", "Color", "Mileage", "Price", "Car_condition_ID", "Car_dealer_ID") VALUES (20, 'Kia', 'EV6', 'Green', 171863, 14099.06, 2, 17);
INSERT INTO "Car" ("Car_ID", "Brand", "Model", "Color", "Mileage", "Price", "Car_condition_ID", "Car_dealer_ID") VALUES (21, 'Kia', 'Stinger', 'Grey', 65038, 76556.66, 2, 17);
INSERT INTO "Car" ("Car_ID", "Brand", "Model", "Color", "Mileage", "Price", "Car_condition_ID", "Car_dealer_ID") VALUES (22, 'Audi', 'A5', 'Silver', 33521, 19275.84, 3, 29);
INSERT INTO "Car" ("Car_ID", "Brand", "Model", "Color", "Mileage", "Price", "Car_condition_ID", "Car_dealer_ID") VALUES (23, 'Volkswagen', 'Polo', 'Grey', 99832, 60130.34, 2, 25);
INSERT INTO "Car" ("Car_ID", "Brand", "Model", "Color", "Mileage", "Price", "Car_condition_ID", "Car_dealer_ID") VALUES (24, 'Kia', 'Rio', 'Blue', 166894, 79504.64, 3, 29);
INSERT INTO "Car" ("Car_ID", "Brand", "Model", "Color", "Mileage", "Price", "Car_condition_ID", "Car_dealer_ID") VALUES (25, 'Hyundai', 'i30', 'White', 146194, 67575.7, 2, 13);
INSERT INTO "Car" ("Car_ID", "Brand", "Model", "Color", "Mileage", "Price", "Car_condition_ID", "Car_dealer_ID") VALUES (26, 'Kia', 'Sorento', 'Blue', 70299, 73353.7, 3, 15);
INSERT INTO "Car" ("Car_ID", "Brand", "Model", "Color", "Mileage", "Price", "Car_condition_ID", "Car_dealer_ID") VALUES (27, 'Kia', 'Ceed', 'Silver', 152611, 54530.48, 2, 16);
INSERT INTO "Car" ("Car_ID", "Brand", "Model", "Color", "Mileage", "Price", "Car_condition_ID", "Car_dealer_ID") VALUES (28, 'Hyundai', 'i30', 'Silver', 71164, 90901.83, 1, 6);
INSERT INTO "Car" ("Car_ID", "Brand", "Model", "Color", "Mileage", "Price", "Car_condition_ID", "Car_dealer_ID") VALUES (29, 'Toyota', 'RAV4', 'Red', 117628, 45897.41, 2, 3);
INSERT INTO "Car" ("Car_ID", "Brand", "Model", "Color", "Mileage", "Price", "Car_condition_ID", "Car_dealer_ID") VALUES (30, 'Mercedes', 'C-Class', 'Silver', 91198, 64277.4, 2, 16);
INSERT INTO "Car" ("Car_ID", "Brand", "Model", "Color", "Mileage", "Price", "Car_condition_ID", "Car_dealer_ID") VALUES (31, 'Hyundai', 'i10', 'Green', 117438, 57032.48, 2, 6);
INSERT INTO "Car" ("Car_ID", "Brand", "Model", "Color", "Mileage", "Price", "Car_condition_ID", "Car_dealer_ID") VALUES (32, 'Audi', 'SQ3', 'Orange', 180782, 95796.32, 1, 14);
INSERT INTO "Car" ("Car_ID", "Brand", "Model", "Color", "Mileage", "Price", "Car_condition_ID", "Car_dealer_ID") VALUES (33, 'Kia', 'Rio', 'Grey', 110033, 33966.12, 3, 25);
INSERT INTO "Car" ("Car_ID", "Brand", "Model", "Color", "Mileage", "Price", "Car_condition_ID", "Car_dealer_ID") VALUES (34, 'Mercedes', 'GLS', 'Yellow', 135299, 97853.81, 2, 15);
INSERT INTO "Car" ("Car_ID", "Brand", "Model", "Color", "Mileage", "Price", "Car_condition_ID", "Car_dealer_ID") VALUES (35, 'Mercedes', 'CLA', 'Orange', 50018, 66369.36, 1, 7);
INSERT INTO "Car" ("Car_ID", "Brand", "Model", "Color", "Mileage", "Price", "Car_condition_ID", "Car_dealer_ID") VALUES (36, 'Kia', 'Sportage', 'Green', 27678, 99641.4, 1, 14);
INSERT INTO "Car" ("Car_ID", "Brand", "Model", "Color", "Mileage", "Price", "Car_condition_ID", "Car_dealer_ID") VALUES (37, 'Hyundai', 'Kona', 'Yellow', 197672, 27381.33, 2, 15);
INSERT INTO "Car" ("Car_ID", "Brand", "Model", "Color", "Mileage", "Price", "Car_condition_ID", "Car_dealer_ID") VALUES (38, 'Hyundai', 'Ioniq 5', 'Silver', 84254, 62542.09, 3, 11);
INSERT INTO "Car" ("Car_ID", "Brand", "Model", "Color", "Mileage", "Price", "Car_condition_ID", "Car_dealer_ID") VALUES (39, 'Ford', 'Mondeo', 'Yellow', 53745, 20644.81, 1, 2);
INSERT INTO "Car" ("Car_ID", "Brand", "Model", "Color", "Mileage", "Price", "Car_condition_ID", "Car_dealer_ID") VALUES (40, 'BMW', 'M4', 'White', 113781, 32744.01, 2, 20);
INSERT INTO "Car" ("Car_ID", "Brand", "Model", "Color", "Mileage", "Price", "Car_condition_ID", "Car_dealer_ID") VALUES (41, 'Mercedes', 'E-Class', 'White', 166879, 45909.51, 3, 15);
INSERT INTO "Car" ("Car_ID", "Brand", "Model", "Color", "Mileage", "Price", "Car_condition_ID", "Car_dealer_ID") VALUES (42, 'Toyota', 'Corolla', 'Orange', 123530, 16001.13, 2, 1);
INSERT INTO "Car" ("Car_ID", "Brand", "Model", "Color", "Mileage", "Price", "Car_condition_ID", "Car_dealer_ID") VALUES (43, 'Toyota', 'Highlander', 'Red', 137619, 79985.14, 3, 11);
INSERT INTO "Car" ("Car_ID", "Brand", "Model", "Color", "Mileage", "Price", "Car_condition_ID", "Car_dealer_ID") VALUES (44, 'Audi', 'A4', 'Blue', 68484, 12908.86, 2, 2);
INSERT INTO "Car" ("Car_ID", "Brand", "Model", "Color", "Mileage", "Price", "Car_condition_ID", "Car_dealer_ID") VALUES (45, 'Mercedes', 'GLS', 'Grey', 156275, 34553.63, 3, 24);
INSERT INTO "Car" ("Car_ID", "Brand", "Model", "Color", "Mileage", "Price", "Car_condition_ID", "Car_dealer_ID") VALUES (46, 'Volkswagen', 'Polo', 'Grey', 28451, 84170.48, 2, 8);
INSERT INTO "Car" ("Car_ID", "Brand", "Model", "Color", "Mileage", "Price", "Car_condition_ID", "Car_dealer_ID") VALUES (47, 'Kia', 'Sorento', 'Silver', 61668, 15994.16, 1, 6);
INSERT INTO "Car" ("Car_ID", "Brand", "Model", "Color", "Mileage", "Price", "Car_condition_ID", "Car_dealer_ID") VALUES (48, 'Volkswagen', 'Golf', 'Black', 20859, 24645.04, 3, 16);
INSERT INTO "Car" ("Car_ID", "Brand", "Model", "Color", "Mileage", "Price", "Car_condition_ID", "Car_dealer_ID") VALUES (49, 'Ford', 'F-150', 'Yellow', 76790, 32765.85, 2, 20);
INSERT INTO "Car" ("Car_ID", "Brand", "Model", "Color", "Mileage", "Price", "Car_condition_ID", "Car_dealer_ID") VALUES (50, 'BMW', 'X4', 'Blue', 9189, 72910.0, 2, 21);
INSERT INTO "Car" ("Car_ID", "Brand", "Model", "Color", "Mileage", "Price", "Car_condition_ID", "Car_dealer_ID") VALUES (51, 'Ford', 'Edge', 'White', 173904, 43935.05, 1, 5);
INSERT INTO "Car" ("Car_ID", "Brand", "Model", "Color", "Mileage", "Price", "Car_condition_ID", "Car_dealer_ID") VALUES (52, 'Kia', 'Sportage', 'Blue', 74328, 7199.46, 1, 8);
INSERT INTO "Car" ("Car_ID", "Brand", "Model", "Color", "Mileage", "Price", "Car_condition_ID", "Car_dealer_ID") VALUES (53, 'Nissan', 'Qashqai', 'Green', 83284, 58138.94, 1, 2);
INSERT INTO "Car" ("Car_ID", "Brand", "Model", "Color", "Mileage", "Price", "Car_condition_ID", "Car_dealer_ID") VALUES (54, 'Ford', 'Kuga', 'Orange', 55437, 68490.0, 2, 4);
INSERT INTO "Car" ("Car_ID", "Brand", "Model", "Color", "Mileage", "Price", "Car_condition_ID", "Car_dealer_ID") VALUES (55, 'Volkswagen', 'ID.3', 'Orange', 142921, 83981.41, 2, 4);
INSERT INTO "Car" ("Car_ID", "Brand", "Model", "Color", "Mileage", "Price", "Car_condition_ID", "Car_dealer_ID") VALUES (56, 'Volkswagen', 'Polo', 'Blue', 119293, 53152.56, 1, 5);
INSERT INTO "Car" ("Car_ID", "Brand", "Model", "Color", "Mileage", "Price", "Car_condition_ID", "Car_dealer_ID") VALUES (57, 'Hyundai', 'Ioniq 5', 'Green', 169471, 69173.14, 3, 25);
INSERT INTO "Car" ("Car_ID", "Brand", "Model", "Color", "Mileage", "Price", "Car_condition_ID", "Car_dealer_ID") VALUES (58, 'Audi', 'A4', 'Grey', 139900, 55149.52, 3, 22);
INSERT INTO "Car" ("Car_ID", "Brand", "Model", "Color", "Mileage", "Price", "Car_condition_ID", "Car_dealer_ID") VALUES (59, 'Audi', 'Q5', 'Silver', 31275, 36172.04, 3, 20);
INSERT INTO "Car" ("Car_ID", "Brand", "Model", "Color", "Mileage", "Price", "Car_condition_ID", "Car_dealer_ID") VALUES (60, 'Audi', 'S6', 'Grey', 92726, 63562.99, 3, 6);
INSERT INTO "Car" ("Car_ID", "Brand", "Model", "Color", "Mileage", "Price", "Car_condition_ID", "Car_dealer_ID") VALUES (61, 'Volkswagen', 'ID.4', 'Orange', 74428, 8233.91, 2, 25);
INSERT INTO "Car" ("Car_ID", "Brand", "Model", "Color", "Mileage", "Price", "Car_condition_ID", "Car_dealer_ID") VALUES (62, 'BMW', '435i', 'Red', 63788, 29389.56, 2, 8);
INSERT INTO "Car" ("Car_ID", "Brand", "Model", "Color", "Mileage", "Price", "Car_condition_ID", "Car_dealer_ID") VALUES (63, 'Mercedes', 'C-Class', 'Black', 6055, 47364.07, 2, 2);
INSERT INTO "Car" ("Car_ID", "Brand", "Model", "Color", "Mileage", "Price", "Car_condition_ID", "Car_dealer_ID") VALUES (64, 'Toyota', 'Supra', 'Blue', 70076, 72469.3, 1, 28);
INSERT INTO "Car" ("Car_ID", "Brand", "Model", "Color", "Mileage", "Price", "Car_condition_ID", "Car_dealer_ID") VALUES (65, 'Nissan', 'Leaf', 'Green', 154681, 49266.64, 2, 10);
INSERT INTO "Car" ("Car_ID", "Brand", "Model", "Color", "Mileage", "Price", "Car_condition_ID", "Car_dealer_ID") VALUES (66, 'Kia', 'EV6', 'Yellow', 62245, 82330.43, 2, 28);
INSERT INTO "Car" ("Car_ID", "Brand", "Model", "Color", "Mileage", "Price", "Car_condition_ID", "Car_dealer_ID") VALUES (67, 'Audi', 'SQ8', 'Green', 161574, 31708.4, 2, 13);
INSERT INTO "Car" ("Car_ID", "Brand", "Model", "Color", "Mileage", "Price", "Car_condition_ID", "Car_dealer_ID") VALUES (68, 'Volkswagen', 'Tiguan', 'Orange', 62803, 22775.94, 2, 1);
INSERT INTO "Car" ("Car_ID", "Brand", "Model", "Color", "Mileage", "Price", "Car_condition_ID", "Car_dealer_ID") VALUES (69, 'Volkswagen', 'Golf', 'Black', 54302, 12621.74, 1, 26);
INSERT INTO "Car" ("Car_ID", "Brand", "Model", "Color", "Mileage", "Price", "Car_condition_ID", "Car_dealer_ID") VALUES (70, 'BMW', 'X7', 'Orange', 66209, 9488.39, 3, 17);
INSERT INTO "Car" ("Car_ID", "Brand", "Model", "Color", "Mileage", "Price", "Car_condition_ID", "Car_dealer_ID") VALUES (71, 'Volkswagen', 'Touareg', 'Red', 105721, 31831.29, 1, 21);
INSERT INTO "Car" ("Car_ID", "Brand", "Model", "Color", "Mileage", "Price", "Car_condition_ID", "Car_dealer_ID") VALUES (72, 'Audi', 'Q8', 'Orange', 67879, 50974.78, 2, 29);
INSERT INTO "Car" ("Car_ID", "Brand", "Model", "Color", "Mileage", "Price", "Car_condition_ID", "Car_dealer_ID") VALUES (73, 'Volkswagen', 'Touareg', 'Black', 79175, 49783.21, 2, 9);
INSERT INTO "Car" ("Car_ID", "Brand", "Model", "Color", "Mileage", "Price", "Car_condition_ID", "Car_dealer_ID") VALUES (74, 'Mercedes', 'E-Class', 'Green', 27969, 39235.65, 2, 13);
INSERT INTO "Car" ("Car_ID", "Brand", "Model", "Color", "Mileage", "Price", "Car_condition_ID", "Car_dealer_ID") VALUES (75, 'Hyundai', 'Ioniq 6', 'Grey', 171674, 47331.74, 1, 27);
INSERT INTO "Car" ("Car_ID", "Brand", "Model", "Color", "Mileage", "Price", "Car_condition_ID", "Car_dealer_ID") VALUES (76, 'Hyundai', 'i30', 'Red', 163706, 21145.79, 1, 3);
INSERT INTO "Car" ("Car_ID", "Brand", "Model", "Color", "Mileage", "Price", "Car_condition_ID", "Car_dealer_ID") VALUES (77, 'Audi', 'S7', 'Silver', 37064, 87811.21, 3, 4);
INSERT INTO "Car" ("Car_ID", "Brand", "Model", "Color", "Mileage", "Price", "Car_condition_ID", "Car_dealer_ID") VALUES (78, 'BMW', '320i', 'Blue', 162529, 67788.18, 3, 15);
INSERT INTO "Car" ("Car_ID", "Brand", "Model", "Color", "Mileage", "Price", "Car_condition_ID", "Car_dealer_ID") VALUES (79, 'Mercedes', 'AMG GT', 'Silver', 107487, 88727.18, 2, 29);
INSERT INTO "Car" ("Car_ID", "Brand", "Model", "Color", "Mileage", "Price", "Car_condition_ID", "Car_dealer_ID") VALUES (80, 'Nissan', 'Micra', 'Black', 113257, 59030.1, 3, 2);
INSERT INTO "Car" ("Car_ID", "Brand", "Model", "Color", "Mileage", "Price", "Car_condition_ID", "Car_dealer_ID") VALUES (81, 'Ford', 'Puma', 'Yellow', 77902, 93620.12, 1, 3);
INSERT INTO "Car" ("Car_ID", "Brand", "Model", "Color", "Mileage", "Price", "Car_condition_ID", "Car_dealer_ID") VALUES (82, 'Toyota', 'Land Cruiser', 'Orange', 92097, 11072.96, 1, 28);
INSERT INTO "Car" ("Car_ID", "Brand", "Model", "Color", "Mileage", "Price", "Car_condition_ID", "Car_dealer_ID") VALUES (83, 'Mercedes', 'C-Class', 'Yellow', 28601, 41374.94, 2, 7);
INSERT INTO "Car" ("Car_ID", "Brand", "Model", "Color", "Mileage", "Price", "Car_condition_ID", "Car_dealer_ID") VALUES (84, 'Nissan', 'Micra', 'Black', 137508, 86492.23, 3, 24);
INSERT INTO "Car" ("Car_ID", "Brand", "Model", "Color", "Mileage", "Price", "Car_condition_ID", "Car_dealer_ID") VALUES (85, 'Mercedes', 'S-Class', 'Yellow', 199702, 72554.81, 1, 1);
INSERT INTO "Car" ("Car_ID", "Brand", "Model", "Color", "Mileage", "Price", "Car_condition_ID", "Car_dealer_ID") VALUES (86, 'Nissan', 'X-Trail', 'Green', 38659, 20489.8, 3, 2);
INSERT INTO "Car" ("Car_ID", "Brand", "Model", "Color", "Mileage", "Price", "Car_condition_ID", "Car_dealer_ID") VALUES (87, 'Hyundai', 'Ioniq 5', 'Blue', 96086, 35327.72, 2, 24);
INSERT INTO "Car" ("Car_ID", "Brand", "Model", "Color", "Mileage", "Price", "Car_condition_ID", "Car_dealer_ID") VALUES (88, 'Ford', 'Ranger', 'Red', 67967, 27799.14, 3, 13);
INSERT INTO "Car" ("Car_ID", "Brand", "Model", "Color", "Mileage", "Price", "Car_condition_ID", "Car_dealer_ID") VALUES (89, 'Hyundai', 'i30', 'Grey', 21250, 59714.9, 3, 20);
INSERT INTO "Car" ("Car_ID", "Brand", "Model", "Color", "Mileage", "Price", "Car_condition_ID", "Car_dealer_ID") VALUES (90, 'Audi', 'S6', 'Grey', 68346, 95561.05, 3, 21);
INSERT INTO "Car" ("Car_ID", "Brand", "Model", "Color", "Mileage", "Price", "Car_condition_ID", "Car_dealer_ID") VALUES (91, 'Ford', 'Explorer', 'Orange', 125854, 87046.46, 2, 18);
INSERT INTO "Car" ("Car_ID", "Brand", "Model", "Color", "Mileage", "Price", "Car_condition_ID", "Car_dealer_ID") VALUES (92, 'Volkswagen', 'ID.4', 'Silver', 136234, 34840.73, 2, 17);
INSERT INTO "Car" ("Car_ID", "Brand", "Model", "Color", "Mileage", "Price", "Car_condition_ID", "Car_dealer_ID") VALUES (93, 'Ford', 'Puma', 'Silver', 51195, 7552.13, 2, 18);
INSERT INTO "Car" ("Car_ID", "Brand", "Model", "Color", "Mileage", "Price", "Car_condition_ID", "Car_dealer_ID") VALUES (94, 'Hyundai', 'i20', 'Red', 72788, 71580.77, 2, 2);
INSERT INTO "Car" ("Car_ID", "Brand", "Model", "Color", "Mileage", "Price", "Car_condition_ID", "Car_dealer_ID") VALUES (95, 'BMW', '335i', 'Red', 5141, 68484.81, 3, 2);
INSERT INTO "Car" ("Car_ID", "Brand", "Model", "Color", "Mileage", "Price", "Car_condition_ID", "Car_dealer_ID") VALUES (96, 'Volkswagen', 'ID.3', 'Red', 79365, 89046.87, 2, 21);
INSERT INTO "Car" ("Car_ID", "Brand", "Model", "Color", "Mileage", "Price", "Car_condition_ID", "Car_dealer_ID") VALUES (97, 'Kia', 'Picanto', 'Yellow', 152768, 23824.15, 2, 18);
INSERT INTO "Car" ("Car_ID", "Brand", "Model", "Color", "Mileage", "Price", "Car_condition_ID", "Car_dealer_ID") VALUES (98, 'Hyundai', 'Tucson', 'Orange', 128183, 76319.99, 1, 8);
INSERT INTO "Car" ("Car_ID", "Brand", "Model", "Color", "Mileage", "Price", "Car_condition_ID", "Car_dealer_ID") VALUES (99, 'Nissan', 'Navara', 'Orange', 138450, 29997.92, 1, 27);
INSERT INTO "Car" ("Car_ID", "Brand", "Model", "Color", "Mileage", "Price", "Car_condition_ID", "Car_dealer_ID") VALUES (100, 'Nissan', 'Juke', 'White', 135191, 5613.41, 3, 29);
INSERT INTO "Car" ("Car_ID", "Brand", "Model", "Color", "Mileage", "Price", "Car_condition_ID", "Car_dealer_ID") VALUES (101, 'BMW', '118i', 'Orange', 90015, 13626.99, 1, 27);
INSERT INTO "Car" ("Car_ID", "Brand", "Model", "Color", "Mileage", "Price", "Car_condition_ID", "Car_dealer_ID") VALUES (102, 'Toyota', 'C-HR', 'Green', 194005, 74305.74, 3, 23);
INSERT INTO "Car" ("Car_ID", "Brand", "Model", "Color", "Mileage", "Price", "Car_condition_ID", "Car_dealer_ID") VALUES (103, 'Volkswagen', 'Polo', 'Red', 102366, 12973.94, 2, 16);
INSERT INTO "Car" ("Car_ID", "Brand", "Model", "Color", "Mileage", "Price", "Car_condition_ID", "Car_dealer_ID") VALUES (104, 'Ford', 'Kuga', 'Silver', 104401, 92266.16, 1, 17);
INSERT INTO "Car" ("Car_ID", "Brand", "Model", "Color", "Mileage", "Price", "Car_condition_ID", "Car_dealer_ID") VALUES (105, 'BMW', '118i', 'Black', 8503, 95009.52, 1, 20);
INSERT INTO "Car" ("Car_ID", "Brand", "Model", "Color", "Mileage", "Price", "Car_condition_ID", "Car_dealer_ID") VALUES (106, 'BMW', '118i', 'Green', 174231, 25340.03, 2, 5);
INSERT INTO "Car" ("Car_ID", "Brand", "Model", "Color", "Mileage", "Price", "Car_condition_ID", "Car_dealer_ID") VALUES (107, 'Nissan', 'Navara', 'Orange', 42710, 16085.99, 2, 2);
INSERT INTO "Car" ("Car_ID", "Brand", "Model", "Color", "Mileage", "Price", "Car_condition_ID", "Car_dealer_ID") VALUES (108, 'Nissan', 'Ariya', 'Red', 162143, 74876.73, 2, 13);
INSERT INTO "Car" ("Car_ID", "Brand", "Model", "Color", "Mileage", "Price", "Car_condition_ID", "Car_dealer_ID") VALUES (109, 'Kia', 'Picanto', 'Grey', 54797, 69549.83, 2, 2);
INSERT INTO "Car" ("Car_ID", "Brand", "Model", "Color", "Mileage", "Price", "Car_condition_ID", "Car_dealer_ID") VALUES (110, 'Nissan', 'Juke', 'Silver', 114628, 78858.06, 2, 26);
INSERT INTO "Car" ("Car_ID", "Brand", "Model", "Color", "Mileage", "Price", "Car_condition_ID", "Car_dealer_ID") VALUES (111, 'Ford', 'Explorer', 'White', 30380, 43477.32, 1, 11);
INSERT INTO "Car" ("Car_ID", "Brand", "Model", "Color", "Mileage", "Price", "Car_condition_ID", "Car_dealer_ID") VALUES (112, 'Volkswagen', 'Golf', 'Red', 16633, 11174.75, 1, 26);
INSERT INTO "Car" ("Car_ID", "Brand", "Model", "Color", "Mileage", "Price", "Car_condition_ID", "Car_dealer_ID") VALUES (113, 'Kia', 'Sorento', 'Blue', 167230, 81696.89, 2, 22);
INSERT INTO "Car" ("Car_ID", "Brand", "Model", "Color", "Mileage", "Price", "Car_condition_ID", "Car_dealer_ID") VALUES (114, 'Volkswagen', 'T-Cross', 'Grey', 29971, 92618.28, 2, 5);
INSERT INTO "Car" ("Car_ID", "Brand", "Model", "Color", "Mileage", "Price", "Car_condition_ID", "Car_dealer_ID") VALUES (115, 'Kia', 'Sportage', 'Blue', 82539, 11855.32, 1, 29);
INSERT INTO "Car" ("Car_ID", "Brand", "Model", "Color", "Mileage", "Price", "Car_condition_ID", "Car_dealer_ID") VALUES (116, 'Ford', 'Edge', 'Orange', 19014, 97857.34, 1, 14);
INSERT INTO "Car" ("Car_ID", "Brand", "Model", "Color", "Mileage", "Price", "Car_condition_ID", "Car_dealer_ID") VALUES (117, 'Mercedes', 'GLS', 'Silver', 194591, 25894.19, 1, 16);
INSERT INTO "Car" ("Car_ID", "Brand", "Model", "Color", "Mileage", "Price", "Car_condition_ID", "Car_dealer_ID") VALUES (118, 'Hyundai', 'Ioniq 5', 'Green', 183990, 77835.39, 2, 11);
INSERT INTO "Car" ("Car_ID", "Brand", "Model", "Color", "Mileage", "Price", "Car_condition_ID", "Car_dealer_ID") VALUES (119, 'BMW', 'X6', 'Green', 30672, 11805.37, 1, 30);
INSERT INTO "Car" ("Car_ID", "Brand", "Model", "Color", "Mileage", "Price", "Car_condition_ID", "Car_dealer_ID") VALUES (120, 'Hyundai', 'Ioniq 5', 'Orange', 65882, 83174.52, 2, 18);
INSERT INTO "Car" ("Car_ID", "Brand", "Model", "Color", "Mileage", "Price", "Car_condition_ID", "Car_dealer_ID") VALUES (121, 'Audi', 'A4', 'White', 10067, 20554.36, 2, 6);
INSERT INTO "Car" ("Car_ID", "Brand", "Model", "Color", "Mileage", "Price", "Car_condition_ID", "Car_dealer_ID") VALUES (122, 'Toyota', 'C-HR', 'Blue', 24595, 73935.16, 2, 28);
INSERT INTO "Car" ("Car_ID", "Brand", "Model", "Color", "Mileage", "Price", "Car_condition_ID", "Car_dealer_ID") VALUES (123, 'BMW', 'X4', 'Orange', 152404, 96953.9, 1, 27);
INSERT INTO "Car" ("Car_ID", "Brand", "Model", "Color", "Mileage", "Price", "Car_condition_ID", "Car_dealer_ID") VALUES (124, 'Toyota', 'C-HR', 'Yellow', 149657, 11620.61, 1, 8);
INSERT INTO "Car" ("Car_ID", "Brand", "Model", "Color", "Mileage", "Price", "Car_condition_ID", "Car_dealer_ID") VALUES (125, 'Ford', 'Explorer', 'Blue', 99382, 71954.92, 2, 7);
INSERT INTO "Car" ("Car_ID", "Brand", "Model", "Color", "Mileage", "Price", "Car_condition_ID", "Car_dealer_ID") VALUES (126, 'Volkswagen', 'ID.Buzz', 'Yellow', 82380, 19948.25, 3, 14);
INSERT INTO "Car" ("Car_ID", "Brand", "Model", "Color", "Mileage", "Price", "Car_condition_ID", "Car_dealer_ID") VALUES (127, 'BMW', 'X3', 'White', 148905, 89156.62, 2, 12);
INSERT INTO "Car" ("Car_ID", "Brand", "Model", "Color", "Mileage", "Price", "Car_condition_ID", "Car_dealer_ID") VALUES (128, 'Mercedes', 'CLA', 'Black', 160963, 89444.04, 3, 21);
INSERT INTO "Car" ("Car_ID", "Brand", "Model", "Color", "Mileage", "Price", "Car_condition_ID", "Car_dealer_ID") VALUES (129, 'BMW', 'X1', 'Red', 172225, 96374.8, 1, 11);
INSERT INTO "Car" ("Car_ID", "Brand", "Model", "Color", "Mileage", "Price", "Car_condition_ID", "Car_dealer_ID") VALUES (130, 'Mercedes', 'GLC', 'Red', 125801, 24620.93, 2, 19);
INSERT INTO "Car" ("Car_ID", "Brand", "Model", "Color", "Mileage", "Price", "Car_condition_ID", "Car_dealer_ID") VALUES (131, 'Kia', 'Picanto', 'Black', 40106, 7492.76, 2, 5);
INSERT INTO "Car" ("Car_ID", "Brand", "Model", "Color", "Mileage", "Price", "Car_condition_ID", "Car_dealer_ID") VALUES (132, 'Audi', 'RS7', 'Silver', 53838, 36405.17, 2, 15);
INSERT INTO "Car" ("Car_ID", "Brand", "Model", "Color", "Mileage", "Price", "Car_condition_ID", "Car_dealer_ID") VALUES (133, 'Toyota', 'Prius', 'Red', 11912, 96168.25, 1, 15);
INSERT INTO "Car" ("Car_ID", "Brand", "Model", "Color", "Mileage", "Price", "Car_condition_ID", "Car_dealer_ID") VALUES (134, 'BMW', 'M5', 'Orange', 193195, 46724.43, 1, 10);
INSERT INTO "Car" ("Car_ID", "Brand", "Model", "Color", "Mileage", "Price", "Car_condition_ID", "Car_dealer_ID") VALUES (135, 'Audi', 'RS6', 'White', 86712, 60507.05, 2, 8);
INSERT INTO "Car" ("Car_ID", "Brand", "Model", "Color", "Mileage", "Price", "Car_condition_ID", "Car_dealer_ID") VALUES (136, 'Toyota', 'Prius', 'Blue', 81493, 32627.41, 3, 4);
INSERT INTO "Car" ("Car_ID", "Brand", "Model", "Color", "Mileage", "Price", "Car_condition_ID", "Car_dealer_ID") VALUES (137, 'Mercedes', 'S-Class', 'Grey', 76191, 49463.3, 1, 15);
INSERT INTO "Car" ("Car_ID", "Brand", "Model", "Color", "Mileage", "Price", "Car_condition_ID", "Car_dealer_ID") VALUES (138, 'Ford', 'Mondeo', 'Green', 144711, 34595.13, 3, 24);
INSERT INTO "Car" ("Car_ID", "Brand", "Model", "Color", "Mileage", "Price", "Car_condition_ID", "Car_dealer_ID") VALUES (139, 'Hyundai', 'Santa Fe', 'Black', 156170, 55104.69, 2, 18);
INSERT INTO "Car" ("Car_ID", "Brand", "Model", "Color", "Mileage", "Price", "Car_condition_ID", "Car_dealer_ID") VALUES (140, 'Ford', 'Explorer', 'Black', 56527, 56743.47, 3, 7);
INSERT INTO "Car" ("Car_ID", "Brand", "Model", "Color", "Mileage", "Price", "Car_condition_ID", "Car_dealer_ID") VALUES (141, 'BMW', 'X6', 'Orange', 169674, 51982.4, 2, 23);
INSERT INTO "Car" ("Car_ID", "Brand", "Model", "Color", "Mileage", "Price", "Car_condition_ID", "Car_dealer_ID") VALUES (142, 'Audi', 'S7', 'Silver', 166555, 56749.42, 3, 22);
INSERT INTO "Car" ("Car_ID", "Brand", "Model", "Color", "Mileage", "Price", "Car_condition_ID", "Car_dealer_ID") VALUES (143, 'Toyota', 'Highlander', 'Yellow', 168707, 68417.2, 2, 2);
INSERT INTO "Car" ("Car_ID", "Brand", "Model", "Color", "Mileage", "Price", "Car_condition_ID", "Car_dealer_ID") VALUES (144, 'Nissan', 'Ariya', 'Orange', 57770, 73342.39, 1, 13);
INSERT INTO "Car" ("Car_ID", "Brand", "Model", "Color", "Mileage", "Price", "Car_condition_ID", "Car_dealer_ID") VALUES (145, 'Mercedes', 'C-Class', 'Red', 17606, 76005.08, 3, 10);
INSERT INTO "Car" ("Car_ID", "Brand", "Model", "Color", "Mileage", "Price", "Car_condition_ID", "Car_dealer_ID") VALUES (146, 'BMW', '540i', 'Red', 76046, 67398.5, 3, 14);
INSERT INTO "Car" ("Car_ID", "Brand", "Model", "Color", "Mileage", "Price", "Car_condition_ID", "Car_dealer_ID") VALUES (147, 'Toyota', 'Yaris', 'Grey', 9287, 77927.53, 1, 25);
INSERT INTO "Car" ("Car_ID", "Brand", "Model", "Color", "Mileage", "Price", "Car_condition_ID", "Car_dealer_ID") VALUES (148, 'Volkswagen', 'Arteon', 'Orange', 153728, 98023.23, 2, 19);
INSERT INTO "Car" ("Car_ID", "Brand", "Model", "Color", "Mileage", "Price", "Car_condition_ID", "Car_dealer_ID") VALUES (149, 'Kia', 'Ceed', 'Silver', 5078, 74822.23, 2, 10);
INSERT INTO "Car" ("Car_ID", "Brand", "Model", "Color", "Mileage", "Price", "Car_condition_ID", "Car_dealer_ID") VALUES (150, 'Volkswagen', 'ID.Buzz', 'Red', 194831, 16207.97, 1, 26);
INSERT INTO "Car" ("Car_ID", "Brand", "Model", "Color", "Mileage", "Price", "Car_condition_ID", "Car_dealer_ID") VALUES (151, 'Volkswagen', 'Arteon', 'Red', 78845, 67803.7, 1, 23);
INSERT INTO "Car" ("Car_ID", "Brand", "Model", "Color", "Mileage", "Price", "Car_condition_ID", "Car_dealer_ID") VALUES (152, 'Hyundai', 'i10', 'Orange', 36583, 82511.72, 2, 2);
INSERT INTO "Car" ("Car_ID", "Brand", "Model", "Color", "Mileage", "Price", "Car_condition_ID", "Car_dealer_ID") VALUES (153, 'Mercedes', 'GLE', 'Black', 129639, 68353.25, 2, 17);
INSERT INTO "Car" ("Car_ID", "Brand", "Model", "Color", "Mileage", "Price", "Car_condition_ID", "Car_dealer_ID") VALUES (154, 'Nissan', 'Qashqai', 'Black', 68589, 69212.49, 1, 29);
INSERT INTO "Car" ("Car_ID", "Brand", "Model", "Color", "Mileage", "Price", "Car_condition_ID", "Car_dealer_ID") VALUES (155, 'Mercedes', 'GLE', 'White', 198950, 35232.06, 1, 16);
INSERT INTO "Car" ("Car_ID", "Brand", "Model", "Color", "Mileage", "Price", "Car_condition_ID", "Car_dealer_ID") VALUES (156, 'Audi', 'SQ8', 'Blue', 99724, 59578.22, 3, 29);
INSERT INTO "Car" ("Car_ID", "Brand", "Model", "Color", "Mileage", "Price", "Car_condition_ID", "Car_dealer_ID") VALUES (157, 'Nissan', 'Leaf', 'White', 113012, 92437.86, 3, 6);
INSERT INTO "Car" ("Car_ID", "Brand", "Model", "Color", "Mileage", "Price", "Car_condition_ID", "Car_dealer_ID") VALUES (158, 'Nissan', 'Micra', 'Yellow', 166742, 76190.83, 2, 10);
INSERT INTO "Car" ("Car_ID", "Brand", "Model", "Color", "Mileage", "Price", "Car_condition_ID", "Car_dealer_ID") VALUES (159, 'Kia', 'Stinger', 'Blue', 147011, 46575.09, 2, 23);
INSERT INTO "Car" ("Car_ID", "Brand", "Model", "Color", "Mileage", "Price", "Car_condition_ID", "Car_dealer_ID") VALUES (160, 'Audi', 'A7', 'Silver', 180617, 15023.2, 1, 23);
INSERT INTO "Car" ("Car_ID", "Brand", "Model", "Color", "Mileage", "Price", "Car_condition_ID", "Car_dealer_ID") VALUES (161, 'Audi', 'A7', 'Blue', 33408, 11104.92, 2, 11);
INSERT INTO "Car" ("Car_ID", "Brand", "Model", "Color", "Mileage", "Price", "Car_condition_ID", "Car_dealer_ID") VALUES (162, 'Ford', 'Explorer', 'Yellow', 156914, 8947.55, 2, 2);
INSERT INTO "Car" ("Car_ID", "Brand", "Model", "Color", "Mileage", "Price", "Car_condition_ID", "Car_dealer_ID") VALUES (163, 'Hyundai', 'Santa Fe', 'Black', 189665, 47889.9, 3, 10);
INSERT INTO "Car" ("Car_ID", "Brand", "Model", "Color", "Mileage", "Price", "Car_condition_ID", "Car_dealer_ID") VALUES (164, 'Kia', 'Ceed', 'Green', 79773, 88893.8, 1, 7);
INSERT INTO "Car" ("Car_ID", "Brand", "Model", "Color", "Mileage", "Price", "Car_condition_ID", "Car_dealer_ID") VALUES (165, 'Mercedes', 'GLS', 'Yellow', 178094, 61877.76, 3, 22);
INSERT INTO "Car" ("Car_ID", "Brand", "Model", "Color", "Mileage", "Price", "Car_condition_ID", "Car_dealer_ID") VALUES (166, 'Hyundai', 'Tucson', 'Orange', 158684, 63309.54, 2, 22);
INSERT INTO "Car" ("Car_ID", "Brand", "Model", "Color", "Mileage", "Price", "Car_condition_ID", "Car_dealer_ID") VALUES (167, 'Audi', 'S7', 'Grey', 95148, 17214.69, 1, 5);
INSERT INTO "Car" ("Car_ID", "Brand", "Model", "Color", "Mileage", "Price", "Car_condition_ID", "Car_dealer_ID") VALUES (168, 'Nissan', 'Leaf', 'Silver', 197170, 42144.43, 1, 14);
INSERT INTO "Car" ("Car_ID", "Brand", "Model", "Color", "Mileage", "Price", "Car_condition_ID", "Car_dealer_ID") VALUES (169, 'Mercedes', 'CLA', 'Yellow', 188329, 58006.49, 1, 7);
INSERT INTO "Car" ("Car_ID", "Brand", "Model", "Color", "Mileage", "Price", "Car_condition_ID", "Car_dealer_ID") VALUES (170, 'Nissan', 'Navara', 'Yellow', 61604, 82090.94, 2, 3);
INSERT INTO "Car" ("Car_ID", "Brand", "Model", "Color", "Mileage", "Price", "Car_condition_ID", "Car_dealer_ID") VALUES (171, 'Volkswagen', 'ID.Buzz', 'White', 135054, 19489.09, 2, 26);
INSERT INTO "Car" ("Car_ID", "Brand", "Model", "Color", "Mileage", "Price", "Car_condition_ID", "Car_dealer_ID") VALUES (172, 'Kia', 'Sportage', 'Red', 129282, 98487.1, 2, 5);
INSERT INTO "Car" ("Car_ID", "Brand", "Model", "Color", "Mileage", "Price", "Car_condition_ID", "Car_dealer_ID") VALUES (173, 'Volkswagen', 'Golf', 'Green', 136542, 19396.99, 2, 25);
INSERT INTO "Car" ("Car_ID", "Brand", "Model", "Color", "Mileage", "Price", "Car_condition_ID", "Car_dealer_ID") VALUES (174, 'Hyundai', 'Ioniq 6', 'Black', 198452, 95790.88, 1, 10);
INSERT INTO "Car" ("Car_ID", "Brand", "Model", "Color", "Mileage", "Price", "Car_condition_ID", "Car_dealer_ID") VALUES (175, 'BMW', 'M4', 'White', 91642, 32214.31, 3, 20);
INSERT INTO "Car" ("Car_ID", "Brand", "Model", "Color", "Mileage", "Price", "Car_condition_ID", "Car_dealer_ID") VALUES (176, 'BMW', '520i', 'Black', 38129, 21872.29, 1, 27);
INSERT INTO "Car" ("Car_ID", "Brand", "Model", "Color", "Mileage", "Price", "Car_condition_ID", "Car_dealer_ID") VALUES (177, 'Audi', 'Q5', 'Yellow', 59130, 93163.71, 3, 17);
INSERT INTO "Car" ("Car_ID", "Brand", "Model", "Color", "Mileage", "Price", "Car_condition_ID", "Car_dealer_ID") VALUES (178, 'Nissan', 'Qashqai', 'White', 125999, 15421.32, 1, 21);
INSERT INTO "Car" ("Car_ID", "Brand", "Model", "Color", "Mileage", "Price", "Car_condition_ID", "Car_dealer_ID") VALUES (179, 'Ford', 'Mondeo', 'White', 151292, 13008.79, 3, 1);
INSERT INTO "Car" ("Car_ID", "Brand", "Model", "Color", "Mileage", "Price", "Car_condition_ID", "Car_dealer_ID") VALUES (180, 'Nissan', 'Navara', 'Red', 181917, 89498.48, 3, 18);
INSERT INTO "Car" ("Car_ID", "Brand", "Model", "Color", "Mileage", "Price", "Car_condition_ID", "Car_dealer_ID") VALUES (181, 'Toyota', 'Prius', 'Orange', 98173, 44728.65, 3, 27);
INSERT INTO "Car" ("Car_ID", "Brand", "Model", "Color", "Mileage", "Price", "Car_condition_ID", "Car_dealer_ID") VALUES (182, 'Audi', 'S5', 'Blue', 180923, 81464.72, 3, 22);
INSERT INTO "Car" ("Car_ID", "Brand", "Model", "Color", "Mileage", "Price", "Car_condition_ID", "Car_dealer_ID") VALUES (183, 'Mercedes', 'AMG GT', 'Silver', 28598, 15789.99, 2, 24);
INSERT INTO "Car" ("Car_ID", "Brand", "Model", "Color", "Mileage", "Price", "Car_condition_ID", "Car_dealer_ID") VALUES (184, 'Ford', 'Puma', 'Orange', 193349, 64491.49, 2, 18);
INSERT INTO "Car" ("Car_ID", "Brand", "Model", "Color", "Mileage", "Price", "Car_condition_ID", "Car_dealer_ID") VALUES (185, 'Kia', 'Ceed', 'Blue', 94898, 61162.02, 3, 10);
INSERT INTO "Car" ("Car_ID", "Brand", "Model", "Color", "Mileage", "Price", "Car_condition_ID", "Car_dealer_ID") VALUES (186, 'Audi', 'SQ5', 'Black', 177343, 44952.77, 3, 11);
INSERT INTO "Car" ("Car_ID", "Brand", "Model", "Color", "Mileage", "Price", "Car_condition_ID", "Car_dealer_ID") VALUES (187, 'Volkswagen', 'Passat', 'Black', 82694, 23495.88, 3, 22);
INSERT INTO "Car" ("Car_ID", "Brand", "Model", "Color", "Mileage", "Price", "Car_condition_ID", "Car_dealer_ID") VALUES (188, 'Toyota', 'C-HR', 'Black', 66173, 81075.36, 1, 28);
INSERT INTO "Car" ("Car_ID", "Brand", "Model", "Color", "Mileage", "Price", "Car_condition_ID", "Car_dealer_ID") VALUES (189, 'BMW', '118i', 'Yellow', 180352, 27799.76, 3, 15);
INSERT INTO "Car" ("Car_ID", "Brand", "Model", "Color", "Mileage", "Price", "Car_condition_ID", "Car_dealer_ID") VALUES (190, 'Nissan', 'Navara', 'Black', 144016, 94783.94, 1, 19);
INSERT INTO "Car" ("Car_ID", "Brand", "Model", "Color", "Mileage", "Price", "Car_condition_ID", "Car_dealer_ID") VALUES (191, 'BMW', '320i', 'Blue', 2653, 60301.7, 1, 2);
INSERT INTO "Car" ("Car_ID", "Brand", "Model", "Color", "Mileage", "Price", "Car_condition_ID", "Car_dealer_ID") VALUES (192, 'Nissan', 'Juke', 'Yellow', 31504, 79720.31, 2, 2);
INSERT INTO "Car" ("Car_ID", "Brand", "Model", "Color", "Mileage", "Price", "Car_condition_ID", "Car_dealer_ID") VALUES (193, 'Audi', 'S7', 'Orange', 173333, 28568.94, 3, 27);
INSERT INTO "Car" ("Car_ID", "Brand", "Model", "Color", "Mileage", "Price", "Car_condition_ID", "Car_dealer_ID") VALUES (194, 'Mercedes', 'C-Class', 'Blue', 182730, 86126.22, 1, 25);
INSERT INTO "Car" ("Car_ID", "Brand", "Model", "Color", "Mileage", "Price", "Car_condition_ID", "Car_dealer_ID") VALUES (195, 'Hyundai', 'Tucson', 'White', 104055, 92709.11, 1, 20);
INSERT INTO "Car" ("Car_ID", "Brand", "Model", "Color", "Mileage", "Price", "Car_condition_ID", "Car_dealer_ID") VALUES (196, 'Toyota', 'Prius', 'Blue', 68375, 36141.46, 3, 8);
INSERT INTO "Car" ("Car_ID", "Brand", "Model", "Color", "Mileage", "Price", "Car_condition_ID", "Car_dealer_ID") VALUES (197, 'Toyota', 'Highlander', 'Green', 81712, 7849.52, 3, 25);
INSERT INTO "Car" ("Car_ID", "Brand", "Model", "Color", "Mileage", "Price", "Car_condition_ID", "Car_dealer_ID") VALUES (198, 'Volkswagen', 'ID.3', 'Red', 186215, 60284.09, 3, 16);
INSERT INTO "Car" ("Car_ID", "Brand", "Model", "Color", "Mileage", "Price", "Car_condition_ID", "Car_dealer_ID") VALUES (199, 'BMW', '520i', 'Grey', 110290, 44939.51, 2, 30);
INSERT INTO "Car" ("Car_ID", "Brand", "Model", "Color", "Mileage", "Price", "Car_condition_ID", "Car_dealer_ID") VALUES (200, 'Nissan', 'Qashqai', 'Blue', 167930, 47716.08, 2, 26);
INSERT INTO "Car" ("Car_ID", "Brand", "Model", "Color", "Mileage", "Price", "Car_condition_ID", "Car_dealer_ID") VALUES (201, 'Volkswagen', 'ID.4', 'Black', 178051, 65980.94, 3, 12);
INSERT INTO "Car" ("Car_ID", "Brand", "Model", "Color", "Mileage", "Price", "Car_condition_ID", "Car_dealer_ID") VALUES (202, 'Audi', 'SQ8', 'Green', 135024, 98521.72, 3, 7);
INSERT INTO "Car" ("Car_ID", "Brand", "Model", "Color", "Mileage", "Price", "Car_condition_ID", "Car_dealer_ID") VALUES (203, 'Toyota', 'Highlander', 'Grey', 9527, 17465.62, 2, 14);
INSERT INTO "Car" ("Car_ID", "Brand", "Model", "Color", "Mileage", "Price", "Car_condition_ID", "Car_dealer_ID") VALUES (204, 'Mercedes', 'S-Class', 'Blue', 19147, 57868.91, 1, 15);
INSERT INTO "Car" ("Car_ID", "Brand", "Model", "Color", "Mileage", "Price", "Car_condition_ID", "Car_dealer_ID") VALUES (205, 'Ford', 'F-150', 'Yellow', 188244, 87302.35, 1, 25);
INSERT INTO "Car" ("Car_ID", "Brand", "Model", "Color", "Mileage", "Price", "Car_condition_ID", "Car_dealer_ID") VALUES (206, 'Mercedes', 'CLA', 'Red', 87191, 98908.67, 1, 30);
INSERT INTO "Car" ("Car_ID", "Brand", "Model", "Color", "Mileage", "Price", "Car_condition_ID", "Car_dealer_ID") VALUES (207, 'Audi', 'RS4', 'Silver', 6407, 8284.73, 2, 30);
INSERT INTO "Car" ("Car_ID", "Brand", "Model", "Color", "Mileage", "Price", "Car_condition_ID", "Car_dealer_ID") VALUES (208, 'Volkswagen', 'ID.3', 'Silver', 15970, 62010.96, 1, 15);
INSERT INTO "Car" ("Car_ID", "Brand", "Model", "Color", "Mileage", "Price", "Car_condition_ID", "Car_dealer_ID") VALUES (209, 'Audi', 'A4', 'Black', 125872, 14336.55, 3, 7);
INSERT INTO "Car" ("Car_ID", "Brand", "Model", "Color", "Mileage", "Price", "Car_condition_ID", "Car_dealer_ID") VALUES (210, 'Kia', 'Rio', 'Orange', 189684, 80001.82, 1, 22);
INSERT INTO "Car" ("Car_ID", "Brand", "Model", "Color", "Mileage", "Price", "Car_condition_ID", "Car_dealer_ID") VALUES (211, 'Kia', 'Rio', 'White', 8915, 50870.98, 3, 9);
INSERT INTO "Car" ("Car_ID", "Brand", "Model", "Color", "Mileage", "Price", "Car_condition_ID", "Car_dealer_ID") VALUES (212, 'BMW', '435i', 'Black', 194711, 55122.05, 1, 13);
INSERT INTO "Car" ("Car_ID", "Brand", "Model", "Color", "Mileage", "Price", "Car_condition_ID", "Car_dealer_ID") VALUES (213, 'Hyundai', 'i20', 'Orange', 60143, 24430.05, 1, 24);
INSERT INTO "Car" ("Car_ID", "Brand", "Model", "Color", "Mileage", "Price", "Car_condition_ID", "Car_dealer_ID") VALUES (214, 'Hyundai', 'i30', 'Orange', 109044, 37139.24, 2, 18);
INSERT INTO "Car" ("Car_ID", "Brand", "Model", "Color", "Mileage", "Price", "Car_condition_ID", "Car_dealer_ID") VALUES (215, 'Kia', 'Sportage', 'Red', 162541, 98949.01, 1, 12);
INSERT INTO "Car" ("Car_ID", "Brand", "Model", "Color", "Mileage", "Price", "Car_condition_ID", "Car_dealer_ID") VALUES (216, 'Toyota', 'Yaris', 'Green', 193411, 78656.3, 1, 29);
INSERT INTO "Car" ("Car_ID", "Brand", "Model", "Color", "Mileage", "Price", "Car_condition_ID", "Car_dealer_ID") VALUES (217, 'BMW', 'M5', 'Red', 97866, 57671.96, 2, 18);
INSERT INTO "Car" ("Car_ID", "Brand", "Model", "Color", "Mileage", "Price", "Car_condition_ID", "Car_dealer_ID") VALUES (218, 'Hyundai', 'Tucson', 'Grey', 104304, 66068.82, 2, 19);
INSERT INTO "Car" ("Car_ID", "Brand", "Model", "Color", "Mileage", "Price", "Car_condition_ID", "Car_dealer_ID") VALUES (219, 'BMW', '535i', 'Silver', 196766, 5549.21, 3, 20);
INSERT INTO "Car" ("Car_ID", "Brand", "Model", "Color", "Mileage", "Price", "Car_condition_ID", "Car_dealer_ID") VALUES (220, 'Kia', 'Sportage', 'Blue', 116344, 49022.49, 3, 28);
INSERT INTO "Car" ("Car_ID", "Brand", "Model", "Color", "Mileage", "Price", "Car_condition_ID", "Car_dealer_ID") VALUES (221, 'Nissan', 'Ariya', 'Red', 151575, 6588.99, 3, 11);
INSERT INTO "Car" ("Car_ID", "Brand", "Model", "Color", "Mileage", "Price", "Car_condition_ID", "Car_dealer_ID") VALUES (222, 'Audi', 'A6', 'Silver', 87227, 88971.0, 3, 29);
INSERT INTO "Car" ("Car_ID", "Brand", "Model", "Color", "Mileage", "Price", "Car_condition_ID", "Car_dealer_ID") VALUES (223, 'Kia', 'Rio', 'Yellow', 158495, 94994.46, 2, 17);
INSERT INTO "Car" ("Car_ID", "Brand", "Model", "Color", "Mileage", "Price", "Car_condition_ID", "Car_dealer_ID") VALUES (224, 'Hyundai', 'i20', 'Green', 136762, 20043.57, 3, 15);
INSERT INTO "Car" ("Car_ID", "Brand", "Model", "Color", "Mileage", "Price", "Car_condition_ID", "Car_dealer_ID") VALUES (225, 'Toyota', 'Corolla', 'White', 106978, 20038.06, 1, 16);
INSERT INTO "Car" ("Car_ID", "Brand", "Model", "Color", "Mileage", "Price", "Car_condition_ID", "Car_dealer_ID") VALUES (226, 'BMW', '335i', 'Blue', 35990, 95995.59, 2, 25);
INSERT INTO "Car" ("Car_ID", "Brand", "Model", "Color", "Mileage", "Price", "Car_condition_ID", "Car_dealer_ID") VALUES (227, 'Ford', 'Ranger', 'Black', 19206, 71054.59, 1, 16);
INSERT INTO "Car" ("Car_ID", "Brand", "Model", "Color", "Mileage", "Price", "Car_condition_ID", "Car_dealer_ID") VALUES (228, 'Toyota', 'C-HR', 'Blue', 166408, 51796.88, 1, 17);
INSERT INTO "Car" ("Car_ID", "Brand", "Model", "Color", "Mileage", "Price", "Car_condition_ID", "Car_dealer_ID") VALUES (229, 'Nissan', 'Leaf', 'Grey', 187045, 15876.36, 1, 14);
INSERT INTO "Car" ("Car_ID", "Brand", "Model", "Color", "Mileage", "Price", "Car_condition_ID", "Car_dealer_ID") VALUES (230, 'Nissan', 'Micra', 'Silver', 5853, 83506.65, 1, 14);
INSERT INTO "Car" ("Car_ID", "Brand", "Model", "Color", "Mileage", "Price", "Car_condition_ID", "Car_dealer_ID") VALUES (231, 'Hyundai', 'i20', 'Blue', 51445, 79797.87, 2, 12);
INSERT INTO "Car" ("Car_ID", "Brand", "Model", "Color", "Mileage", "Price", "Car_condition_ID", "Car_dealer_ID") VALUES (232, 'BMW', '118i', 'Red', 108207, 86531.42, 1, 29);
INSERT INTO "Car" ("Car_ID", "Brand", "Model", "Color", "Mileage", "Price", "Car_condition_ID", "Car_dealer_ID") VALUES (233, 'BMW', '320i', 'Silver', 123520, 12590.99, 3, 27);
INSERT INTO "Car" ("Car_ID", "Brand", "Model", "Color", "Mileage", "Price", "Car_condition_ID", "Car_dealer_ID") VALUES (234, 'Audi', 'A5', 'Black', 41010, 23506.21, 1, 23);
INSERT INTO "Car" ("Car_ID", "Brand", "Model", "Color", "Mileage", "Price", "Car_condition_ID", "Car_dealer_ID") VALUES (235, 'Audi', 'SQ3', 'Blue', 77373, 49876.83, 2, 2);
INSERT INTO "Car" ("Car_ID", "Brand", "Model", "Color", "Mileage", "Price", "Car_condition_ID", "Car_dealer_ID") VALUES (236, 'BMW', '435i', 'Grey', 30891, 86441.9, 1, 30);
INSERT INTO "Car" ("Car_ID", "Brand", "Model", "Color", "Mileage", "Price", "Car_condition_ID", "Car_dealer_ID") VALUES (237, 'BMW', 'X3', 'Black', 26725, 75704.83, 1, 21);
INSERT INTO "Car" ("Car_ID", "Brand", "Model", "Color", "Mileage", "Price", "Car_condition_ID", "Car_dealer_ID") VALUES (238, 'Audi', 'RS3', 'Black', 129742, 87628.73, 3, 14);
INSERT INTO "Car" ("Car_ID", "Brand", "Model", "Color", "Mileage", "Price", "Car_condition_ID", "Car_dealer_ID") VALUES (239, 'Mercedes', 'S-Class', 'Orange', 105704, 25489.67, 3, 27);
INSERT INTO "Car" ("Car_ID", "Brand", "Model", "Color", "Mileage", "Price", "Car_condition_ID", "Car_dealer_ID") VALUES (240, 'Volkswagen', 'Touareg', 'Silver', 86021, 89561.57, 1, 7);
INSERT INTO "Car" ("Car_ID", "Brand", "Model", "Color", "Mileage", "Price", "Car_condition_ID", "Car_dealer_ID") VALUES (241, 'Nissan', 'Qashqai', 'Orange', 121737, 83761.41, 1, 7);
INSERT INTO "Car" ("Car_ID", "Brand", "Model", "Color", "Mileage", "Price", "Car_condition_ID", "Car_dealer_ID") VALUES (242, 'Mercedes', 'S-Class', 'Yellow', 113949, 17160.82, 2, 18);
INSERT INTO "Car" ("Car_ID", "Brand", "Model", "Color", "Mileage", "Price", "Car_condition_ID", "Car_dealer_ID") VALUES (243, 'Nissan', 'X-Trail', 'Silver', 22655, 93389.36, 1, 23);
INSERT INTO "Car" ("Car_ID", "Brand", "Model", "Color", "Mileage", "Price", "Car_condition_ID", "Car_dealer_ID") VALUES (244, 'Hyundai', 'i30', 'Orange', 66401, 93341.85, 2, 29);
INSERT INTO "Car" ("Car_ID", "Brand", "Model", "Color", "Mileage", "Price", "Car_condition_ID", "Car_dealer_ID") VALUES (245, 'Mercedes', 'GLE', 'Red', 80994, 38788.25, 1, 15);
INSERT INTO "Car" ("Car_ID", "Brand", "Model", "Color", "Mileage", "Price", "Car_condition_ID", "Car_dealer_ID") VALUES (246, 'Hyundai', 'Santa Fe', 'Blue', 22333, 61198.0, 1, 13);
INSERT INTO "Car" ("Car_ID", "Brand", "Model", "Color", "Mileage", "Price", "Car_condition_ID", "Car_dealer_ID") VALUES (247, 'Ford', 'Fiesta', 'Black', 137845, 60362.71, 1, 3);
INSERT INTO "Car" ("Car_ID", "Brand", "Model", "Color", "Mileage", "Price", "Car_condition_ID", "Car_dealer_ID") VALUES (248, 'Hyundai', 'Ioniq 6', 'Red', 113398, 38302.37, 1, 29);
INSERT INTO "Car" ("Car_ID", "Brand", "Model", "Color", "Mileage", "Price", "Car_condition_ID", "Car_dealer_ID") VALUES (249, 'BMW', 'M5', 'Yellow', 93413, 38294.91, 2, 5);
INSERT INTO "Car" ("Car_ID", "Brand", "Model", "Color", "Mileage", "Price", "Car_condition_ID", "Car_dealer_ID") VALUES (250, 'Mercedes', 'GLC', 'Silver', 14470, 34216.97, 3, 25);
INSERT INTO "Car" ("Car_ID", "Brand", "Model", "Color", "Mileage", "Price", "Car_condition_ID", "Car_dealer_ID") VALUES (251, 'Hyundai', 'Kona', 'Silver', 199335, 74294.41, 3, 10);
INSERT INTO "Car" ("Car_ID", "Brand", "Model", "Color", "Mileage", "Price", "Car_condition_ID", "Car_dealer_ID") VALUES (252, 'Toyota', 'C-HR', 'Silver', 45379, 30153.31, 3, 14);
INSERT INTO "Car" ("Car_ID", "Brand", "Model", "Color", "Mileage", "Price", "Car_condition_ID", "Car_dealer_ID") VALUES (253, 'Nissan', 'Leaf', 'Silver', 184410, 65571.75, 1, 10);
INSERT INTO "Car" ("Car_ID", "Brand", "Model", "Color", "Mileage", "Price", "Car_condition_ID", "Car_dealer_ID") VALUES (254, 'Mercedes', 'A-Class', 'Orange', 105793, 48905.23, 2, 28);
INSERT INTO "Car" ("Car_ID", "Brand", "Model", "Color", "Mileage", "Price", "Car_condition_ID", "Car_dealer_ID") VALUES (255, 'Volkswagen', 'ID.4', 'Blue', 157689, 87338.77, 1, 20);
INSERT INTO "Car" ("Car_ID", "Brand", "Model", "Color", "Mileage", "Price", "Car_condition_ID", "Car_dealer_ID") VALUES (256, 'Kia', 'Picanto', 'Yellow', 71227, 28273.88, 3, 9);
INSERT INTO "Car" ("Car_ID", "Brand", "Model", "Color", "Mileage", "Price", "Car_condition_ID", "Car_dealer_ID") VALUES (257, 'Mercedes', 'GLC', 'Silver', 50262, 84578.42, 3, 13);
INSERT INTO "Car" ("Car_ID", "Brand", "Model", "Color", "Mileage", "Price", "Car_condition_ID", "Car_dealer_ID") VALUES (258, 'BMW', '340i', 'Silver', 28943, 29787.02, 3, 6);
INSERT INTO "Car" ("Car_ID", "Brand", "Model", "Color", "Mileage", "Price", "Car_condition_ID", "Car_dealer_ID") VALUES (259, 'Toyota', 'Prius', 'Orange', 139691, 45242.61, 1, 25);
INSERT INTO "Car" ("Car_ID", "Brand", "Model", "Color", "Mileage", "Price", "Car_condition_ID", "Car_dealer_ID") VALUES (260, 'Toyota', 'C-HR', 'White', 111957, 73288.05, 2, 19);
INSERT INTO "Car" ("Car_ID", "Brand", "Model", "Color", "Mileage", "Price", "Car_condition_ID", "Car_dealer_ID") VALUES (261, 'Toyota', 'Land Cruiser', 'Silver', 157648, 57935.1, 2, 6);
INSERT INTO "Car" ("Car_ID", "Brand", "Model", "Color", "Mileage", "Price", "Car_condition_ID", "Car_dealer_ID") VALUES (262, 'Volkswagen', 'Golf', 'White', 14749, 28375.15, 2, 6);
INSERT INTO "Car" ("Car_ID", "Brand", "Model", "Color", "Mileage", "Price", "Car_condition_ID", "Car_dealer_ID") VALUES (263, 'Kia', 'Ceed', 'Black', 30076, 36654.8, 1, 25);
INSERT INTO "Car" ("Car_ID", "Brand", "Model", "Color", "Mileage", "Price", "Car_condition_ID", "Car_dealer_ID") VALUES (264, 'Nissan', 'Juke', 'Yellow', 149781, 92867.6, 2, 16);
INSERT INTO "Car" ("Car_ID", "Brand", "Model", "Color", "Mileage", "Price", "Car_condition_ID", "Car_dealer_ID") VALUES (265, 'Mercedes', 'C-Class', 'Red', 23984, 30945.89, 3, 22);
INSERT INTO "Car" ("Car_ID", "Brand", "Model", "Color", "Mileage", "Price", "Car_condition_ID", "Car_dealer_ID") VALUES (266, 'BMW', 'Z4', 'Green', 195591, 46374.21, 2, 28);
INSERT INTO "Car" ("Car_ID", "Brand", "Model", "Color", "Mileage", "Price", "Car_condition_ID", "Car_dealer_ID") VALUES (267, 'Toyota', 'C-HR', 'Blue', 5855, 13149.38, 1, 26);
INSERT INTO "Car" ("Car_ID", "Brand", "Model", "Color", "Mileage", "Price", "Car_condition_ID", "Car_dealer_ID") VALUES (268, 'Toyota', 'C-HR', 'Black', 143491, 77156.46, 3, 17);
INSERT INTO "Car" ("Car_ID", "Brand", "Model", "Color", "Mileage", "Price", "Car_condition_ID", "Car_dealer_ID") VALUES (269, 'Hyundai', 'i20', 'Grey', 190230, 21533.63, 1, 13);
INSERT INTO "Car" ("Car_ID", "Brand", "Model", "Color", "Mileage", "Price", "Car_condition_ID", "Car_dealer_ID") VALUES (270, 'Toyota', 'C-HR', 'Orange', 177879, 80412.31, 2, 11);
INSERT INTO "Car" ("Car_ID", "Brand", "Model", "Color", "Mileage", "Price", "Car_condition_ID", "Car_dealer_ID") VALUES (271, 'Mercedes', 'AMG GT', 'Grey', 78654, 50121.73, 3, 30);
INSERT INTO "Car" ("Car_ID", "Brand", "Model", "Color", "Mileage", "Price", "Car_condition_ID", "Car_dealer_ID") VALUES (272, 'Audi', 'RSQ3', 'Red', 125741, 39036.84, 2, 12);
INSERT INTO "Car" ("Car_ID", "Brand", "Model", "Color", "Mileage", "Price", "Car_condition_ID", "Car_dealer_ID") VALUES (273, 'Toyota', 'C-HR', 'Black', 157043, 28449.58, 1, 22);
INSERT INTO "Car" ("Car_ID", "Brand", "Model", "Color", "Mileage", "Price", "Car_condition_ID", "Car_dealer_ID") VALUES (274, 'Mercedes', 'E-Class', 'Red', 21246, 23275.7, 3, 12);
INSERT INTO "Car" ("Car_ID", "Brand", "Model", "Color", "Mileage", "Price", "Car_condition_ID", "Car_dealer_ID") VALUES (275, 'BMW', '320i', 'Green', 137557, 21561.88, 2, 13);
INSERT INTO "Car" ("Car_ID", "Brand", "Model", "Color", "Mileage", "Price", "Car_condition_ID", "Car_dealer_ID") VALUES (276, 'BMW', 'M8', 'Red', 142206, 19189.61, 2, 11);
INSERT INTO "Car" ("Car_ID", "Brand", "Model", "Color", "Mileage", "Price", "Car_condition_ID", "Car_dealer_ID") VALUES (277, 'Ford', 'Ranger', 'Grey', 22085, 89374.92, 3, 5);
INSERT INTO "Car" ("Car_ID", "Brand", "Model", "Color", "Mileage", "Price", "Car_condition_ID", "Car_dealer_ID") VALUES (278, 'Hyundai', 'i10', 'Green', 197088, 44348.83, 2, 26);
INSERT INTO "Car" ("Car_ID", "Brand", "Model", "Color", "Mileage", "Price", "Car_condition_ID", "Car_dealer_ID") VALUES (279, 'Toyota', 'C-HR', 'Black', 111733, 5093.3, 3, 6);
INSERT INTO "Car" ("Car_ID", "Brand", "Model", "Color", "Mileage", "Price", "Car_condition_ID", "Car_dealer_ID") VALUES (280, 'Volkswagen', 'ID.4', 'Silver', 183734, 88532.14, 1, 29);
INSERT INTO "Car" ("Car_ID", "Brand", "Model", "Color", "Mileage", "Price", "Car_condition_ID", "Car_dealer_ID") VALUES (281, 'Hyundai', 'Ioniq 6', 'Red', 90957, 85403.34, 3, 10);
INSERT INTO "Car" ("Car_ID", "Brand", "Model", "Color", "Mileage", "Price", "Car_condition_ID", "Car_dealer_ID") VALUES (282, 'Mercedes', 'A-Class', 'Silver', 14915, 14264.2, 1, 15);
INSERT INTO "Car" ("Car_ID", "Brand", "Model", "Color", "Mileage", "Price", "Car_condition_ID", "Car_dealer_ID") VALUES (283, 'BMW', 'M5', 'Silver', 179562, 49512.76, 3, 10);
INSERT INTO "Car" ("Car_ID", "Brand", "Model", "Color", "Mileage", "Price", "Car_condition_ID", "Car_dealer_ID") VALUES (284, 'Mercedes', 'GLS', 'Green', 36808, 40439.33, 1, 8);
INSERT INTO "Car" ("Car_ID", "Brand", "Model", "Color", "Mileage", "Price", "Car_condition_ID", "Car_dealer_ID") VALUES (285, 'Toyota', 'Yaris', 'Silver', 198904, 85039.55, 3, 22);
INSERT INTO "Car" ("Car_ID", "Brand", "Model", "Color", "Mileage", "Price", "Car_condition_ID", "Car_dealer_ID") VALUES (286, 'Hyundai', 'i30', 'Yellow', 31420, 5224.99, 2, 10);
INSERT INTO "Car" ("Car_ID", "Brand", "Model", "Color", "Mileage", "Price", "Car_condition_ID", "Car_dealer_ID") VALUES (287, 'Nissan', 'Leaf', 'Orange', 178174, 10663.02, 1, 20);
INSERT INTO "Car" ("Car_ID", "Brand", "Model", "Color", "Mileage", "Price", "Car_condition_ID", "Car_dealer_ID") VALUES (288, 'Nissan', 'Ariya', 'Orange', 192721, 84328.76, 3, 9);
INSERT INTO "Car" ("Car_ID", "Brand", "Model", "Color", "Mileage", "Price", "Car_condition_ID", "Car_dealer_ID") VALUES (289, 'Kia', 'Ceed', 'Blue', 91438, 75429.85, 2, 1);
INSERT INTO "Car" ("Car_ID", "Brand", "Model", "Color", "Mileage", "Price", "Car_condition_ID", "Car_dealer_ID") VALUES (290, 'Volkswagen', 'ID.3', 'Red', 188766, 74778.03, 3, 7);
INSERT INTO "Car" ("Car_ID", "Brand", "Model", "Color", "Mileage", "Price", "Car_condition_ID", "Car_dealer_ID") VALUES (291, 'Hyundai', 'Santa Fe', 'Orange', 126718, 29196.32, 1, 16);
INSERT INTO "Car" ("Car_ID", "Brand", "Model", "Color", "Mileage", "Price", "Car_condition_ID", "Car_dealer_ID") VALUES (292, 'Nissan', 'X-Trail', 'Orange', 78873, 40953.14, 1, 29);
INSERT INTO "Car" ("Car_ID", "Brand", "Model", "Color", "Mileage", "Price", "Car_condition_ID", "Car_dealer_ID") VALUES (293, 'Nissan', 'Leaf', 'Orange', 52170, 7184.77, 2, 11);
INSERT INTO "Car" ("Car_ID", "Brand", "Model", "Color", "Mileage", "Price", "Car_condition_ID", "Car_dealer_ID") VALUES (294, 'Ford', 'Puma', 'Blue', 83550, 92478.46, 2, 6);
INSERT INTO "Car" ("Car_ID", "Brand", "Model", "Color", "Mileage", "Price", "Car_condition_ID", "Car_dealer_ID") VALUES (295, 'Volkswagen', 'Passat', 'White', 196675, 25606.6, 3, 11);
INSERT INTO "Car" ("Car_ID", "Brand", "Model", "Color", "Mileage", "Price", "Car_condition_ID", "Car_dealer_ID") VALUES (296, 'Volkswagen', 'ID.4', 'Black', 129656, 70139.18, 1, 27);
INSERT INTO "Car" ("Car_ID", "Brand", "Model", "Color", "Mileage", "Price", "Car_condition_ID", "Car_dealer_ID") VALUES (297, 'Kia', 'Ceed', 'Silver', 167, 22689.09, 3, 11);
INSERT INTO "Car" ("Car_ID", "Brand", "Model", "Color", "Mileage", "Price", "Car_condition_ID", "Car_dealer_ID") VALUES (298, 'Toyota', 'Yaris', 'Red', 102471, 8605.81, 3, 22);
INSERT INTO "Car" ("Car_ID", "Brand", "Model", "Color", "Mileage", "Price", "Car_condition_ID", "Car_dealer_ID") VALUES (299, 'Ford', 'Puma', 'Silver', 197118, 72721.32, 1, 9);
INSERT INTO "Car" ("Car_ID", "Brand", "Model", "Color", "Mileage", "Price", "Car_condition_ID", "Car_dealer_ID") VALUES (300, 'Kia', 'Rio', 'Orange', 138490, 65499.65, 3, 19);
INSERT INTO "Car" ("Car_ID", "Brand", "Model", "Color", "Mileage", "Price", "Car_condition_ID", "Car_dealer_ID") VALUES (301, 'Toyota', 'Supra', 'Silver', 85364, 96401.99, 1, 16);
INSERT INTO "Car" ("Car_ID", "Brand", "Model", "Color", "Mileage", "Price", "Car_condition_ID", "Car_dealer_ID") VALUES (302, 'BMW', 'M5', 'Yellow', 65213, 62592.52, 1, 18);
INSERT INTO "Car" ("Car_ID", "Brand", "Model", "Color", "Mileage", "Price", "Car_condition_ID", "Car_dealer_ID") VALUES (303, 'Audi', 'S3', 'Blue', 52048, 18706.7, 1, 5);
INSERT INTO "Car" ("Car_ID", "Brand", "Model", "Color", "Mileage", "Price", "Car_condition_ID", "Car_dealer_ID") VALUES (304, 'Ford', 'F-150', 'White', 49440, 9290.12, 2, 19);
INSERT INTO "Car" ("Car_ID", "Brand", "Model", "Color", "Mileage", "Price", "Car_condition_ID", "Car_dealer_ID") VALUES (305, 'Hyundai', 'Kona', 'Yellow', 154540, 12454.4, 2, 19);
INSERT INTO "Car" ("Car_ID", "Brand", "Model", "Color", "Mileage", "Price", "Car_condition_ID", "Car_dealer_ID") VALUES (306, 'BMW', '435i', 'White', 46226, 93129.55, 3, 7);
INSERT INTO "Car" ("Car_ID", "Brand", "Model", "Color", "Mileage", "Price", "Car_condition_ID", "Car_dealer_ID") VALUES (307, 'Audi', 'Q5', 'Red', 53084, 29483.63, 2, 25);
INSERT INTO "Car" ("Car_ID", "Brand", "Model", "Color", "Mileage", "Price", "Car_condition_ID", "Car_dealer_ID") VALUES (308, 'Nissan', 'Juke', 'Orange', 4584, 24071.94, 1, 16);
INSERT INTO "Car" ("Car_ID", "Brand", "Model", "Color", "Mileage", "Price", "Car_condition_ID", "Car_dealer_ID") VALUES (309, 'Volkswagen', 'ID.3', 'Yellow', 123215, 48173.02, 3, 4);
INSERT INTO "Car" ("Car_ID", "Brand", "Model", "Color", "Mileage", "Price", "Car_condition_ID", "Car_dealer_ID") VALUES (310, 'Hyundai', 'Tucson', 'Silver', 197125, 69451.26, 2, 21);
INSERT INTO "Car" ("Car_ID", "Brand", "Model", "Color", "Mileage", "Price", "Car_condition_ID", "Car_dealer_ID") VALUES (311, 'Ford', 'F-150', 'Green', 11328, 78499.87, 2, 3);
INSERT INTO "Car" ("Car_ID", "Brand", "Model", "Color", "Mileage", "Price", "Car_condition_ID", "Car_dealer_ID") VALUES (312, 'Mercedes', 'GLS', 'Silver', 12269, 23292.28, 2, 3);
INSERT INTO "Car" ("Car_ID", "Brand", "Model", "Color", "Mileage", "Price", "Car_condition_ID", "Car_dealer_ID") VALUES (313, 'Toyota', 'Land Cruiser', 'Yellow', 152743, 7832.67, 3, 27);
INSERT INTO "Car" ("Car_ID", "Brand", "Model", "Color", "Mileage", "Price", "Car_condition_ID", "Car_dealer_ID") VALUES (314, 'Nissan', 'Juke', 'Grey', 503, 11632.12, 3, 3);
INSERT INTO "Car" ("Car_ID", "Brand", "Model", "Color", "Mileage", "Price", "Car_condition_ID", "Car_dealer_ID") VALUES (315, 'Mercedes', 'S-Class', 'Green', 146635, 98341.74, 3, 4);
INSERT INTO "Car" ("Car_ID", "Brand", "Model", "Color", "Mileage", "Price", "Car_condition_ID", "Car_dealer_ID") VALUES (316, 'Audi', 'Q5', 'Silver', 14698, 71956.11, 3, 23);
INSERT INTO "Car" ("Car_ID", "Brand", "Model", "Color", "Mileage", "Price", "Car_condition_ID", "Car_dealer_ID") VALUES (317, 'Kia', 'Stinger', 'Red', 84580, 67957.7, 2, 26);
INSERT INTO "Car" ("Car_ID", "Brand", "Model", "Color", "Mileage", "Price", "Car_condition_ID", "Car_dealer_ID") VALUES (318, 'Hyundai', 'Ioniq 6', 'Grey', 113739, 60900.65, 1, 26);
INSERT INTO "Car" ("Car_ID", "Brand", "Model", "Color", "Mileage", "Price", "Car_condition_ID", "Car_dealer_ID") VALUES (319, 'Kia', 'Sorento', 'White', 47343, 20912.01, 2, 24);
INSERT INTO "Car" ("Car_ID", "Brand", "Model", "Color", "Mileage", "Price", "Car_condition_ID", "Car_dealer_ID") VALUES (320, 'Mercedes', 'CLA', 'Blue', 101809, 83417.6, 1, 21);
INSERT INTO "Car" ("Car_ID", "Brand", "Model", "Color", "Mileage", "Price", "Car_condition_ID", "Car_dealer_ID") VALUES (321, 'Ford', 'Mustang', 'Silver', 8515, 32584.95, 1, 28);
INSERT INTO "Car" ("Car_ID", "Brand", "Model", "Color", "Mileage", "Price", "Car_condition_ID", "Car_dealer_ID") VALUES (322, 'Nissan', 'Leaf', 'Blue', 184883, 61497.74, 2, 30);
INSERT INTO "Car" ("Car_ID", "Brand", "Model", "Color", "Mileage", "Price", "Car_condition_ID", "Car_dealer_ID") VALUES (323, 'BMW', 'X5', 'Yellow', 191394, 38639.72, 1, 27);
INSERT INTO "Car" ("Car_ID", "Brand", "Model", "Color", "Mileage", "Price", "Car_condition_ID", "Car_dealer_ID") VALUES (324, 'Audi', 'A3', 'White', 185041, 32005.77, 3, 22);
INSERT INTO "Car" ("Car_ID", "Brand", "Model", "Color", "Mileage", "Price", "Car_condition_ID", "Car_dealer_ID") VALUES (325, 'BMW', 'X4', 'Silver', 170755, 76050.26, 1, 9);
INSERT INTO "Car" ("Car_ID", "Brand", "Model", "Color", "Mileage", "Price", "Car_condition_ID", "Car_dealer_ID") VALUES (326, 'Nissan', 'Qashqai', 'Grey', 197798, 90587.94, 3, 26);
INSERT INTO "Car" ("Car_ID", "Brand", "Model", "Color", "Mileage", "Price", "Car_condition_ID", "Car_dealer_ID") VALUES (327, 'Toyota', 'Yaris', 'Green', 37229, 8034.6, 2, 26);
INSERT INTO "Car" ("Car_ID", "Brand", "Model", "Color", "Mileage", "Price", "Car_condition_ID", "Car_dealer_ID") VALUES (328, 'Audi', 'SQ3', 'Grey', 129609, 16185.7, 2, 18);
INSERT INTO "Car" ("Car_ID", "Brand", "Model", "Color", "Mileage", "Price", "Car_condition_ID", "Car_dealer_ID") VALUES (329, 'Kia', 'Rio', 'Black', 33366, 19452.38, 1, 14);
INSERT INTO "Car" ("Car_ID", "Brand", "Model", "Color", "Mileage", "Price", "Car_condition_ID", "Car_dealer_ID") VALUES (330, 'Toyota', 'Corolla', 'Black', 163208, 33251.38, 1, 24);
INSERT INTO "Car" ("Car_ID", "Brand", "Model", "Color", "Mileage", "Price", "Car_condition_ID", "Car_dealer_ID") VALUES (331, 'Nissan', 'Leaf', 'Silver', 146009, 77468.98, 3, 18);
INSERT INTO "Car" ("Car_ID", "Brand", "Model", "Color", "Mileage", "Price", "Car_condition_ID", "Car_dealer_ID") VALUES (332, 'Mercedes', 'GLE', 'Yellow', 14169, 31711.69, 1, 5);
INSERT INTO "Car" ("Car_ID", "Brand", "Model", "Color", "Mileage", "Price", "Car_condition_ID", "Car_dealer_ID") VALUES (333, 'Nissan', 'Ariya', 'Orange', 31153, 65262.35, 2, 7);
INSERT INTO "Car" ("Car_ID", "Brand", "Model", "Color", "Mileage", "Price", "Car_condition_ID", "Car_dealer_ID") VALUES (334, 'Hyundai', 'i20', 'Black', 180285, 22109.15, 3, 28);
INSERT INTO "Car" ("Car_ID", "Brand", "Model", "Color", "Mileage", "Price", "Car_condition_ID", "Car_dealer_ID") VALUES (335, 'Audi', 'S4', 'Orange', 8133, 96049.68, 2, 6);
INSERT INTO "Car" ("Car_ID", "Brand", "Model", "Color", "Mileage", "Price", "Car_condition_ID", "Car_dealer_ID") VALUES (336, 'BMW', '520i', 'Red', 46930, 49580.3, 3, 28);
INSERT INTO "Car" ("Car_ID", "Brand", "Model", "Color", "Mileage", "Price", "Car_condition_ID", "Car_dealer_ID") VALUES (337, 'Kia', 'Stinger', 'Green', 188146, 47490.9, 1, 23);
INSERT INTO "Car" ("Car_ID", "Brand", "Model", "Color", "Mileage", "Price", "Car_condition_ID", "Car_dealer_ID") VALUES (338, 'Volkswagen', 'ID.4', 'Grey', 114155, 34949.01, 3, 9);
INSERT INTO "Car" ("Car_ID", "Brand", "Model", "Color", "Mileage", "Price", "Car_condition_ID", "Car_dealer_ID") VALUES (339, 'BMW', 'X7', 'Blue', 98605, 5367.95, 1, 16);
INSERT INTO "Car" ("Car_ID", "Brand", "Model", "Color", "Mileage", "Price", "Car_condition_ID", "Car_dealer_ID") VALUES (340, 'Ford', 'F-150', 'Grey', 173202, 8883.44, 3, 25);
INSERT INTO "Car" ("Car_ID", "Brand", "Model", "Color", "Mileage", "Price", "Car_condition_ID", "Car_dealer_ID") VALUES (341, 'Volkswagen', 'Touareg', 'Green', 70090, 44294.62, 1, 18);
INSERT INTO "Car" ("Car_ID", "Brand", "Model", "Color", "Mileage", "Price", "Car_condition_ID", "Car_dealer_ID") VALUES (342, 'Audi', 'A5', 'Grey', 32823, 59458.32, 1, 25);
INSERT INTO "Car" ("Car_ID", "Brand", "Model", "Color", "Mileage", "Price", "Car_condition_ID", "Car_dealer_ID") VALUES (343, 'Mercedes', 'AMG GT', 'Silver', 133099, 8587.91, 2, 1);
INSERT INTO "Car" ("Car_ID", "Brand", "Model", "Color", "Mileage", "Price", "Car_condition_ID", "Car_dealer_ID") VALUES (344, 'Audi', 'Q5', 'Black', 75387, 80391.4, 2, 24);
INSERT INTO "Car" ("Car_ID", "Brand", "Model", "Color", "Mileage", "Price", "Car_condition_ID", "Car_dealer_ID") VALUES (345, 'Volkswagen', 'Touareg', 'Yellow', 162864, 59790.16, 2, 16);
INSERT INTO "Car" ("Car_ID", "Brand", "Model", "Color", "Mileage", "Price", "Car_condition_ID", "Car_dealer_ID") VALUES (346, 'Nissan', 'Leaf', 'Silver', 55501, 63571.7, 3, 11);
INSERT INTO "Car" ("Car_ID", "Brand", "Model", "Color", "Mileage", "Price", "Car_condition_ID", "Car_dealer_ID") VALUES (347, 'Kia', 'Rio', 'Red', 39350, 67352.43, 3, 8);
INSERT INTO "Car" ("Car_ID", "Brand", "Model", "Color", "Mileage", "Price", "Car_condition_ID", "Car_dealer_ID") VALUES (348, 'Toyota', 'C-HR', 'Orange', 127066, 64285.03, 2, 30);
INSERT INTO "Car" ("Car_ID", "Brand", "Model", "Color", "Mileage", "Price", "Car_condition_ID", "Car_dealer_ID") VALUES (349, 'Audi', 'RSQ3', 'Yellow', 822, 11913.57, 1, 13);
INSERT INTO "Car" ("Car_ID", "Brand", "Model", "Color", "Mileage", "Price", "Car_condition_ID", "Car_dealer_ID") VALUES (350, 'Kia', 'Ceed', 'White', 139188, 89035.86, 2, 4);
INSERT INTO "Car" ("Car_ID", "Brand", "Model", "Color", "Mileage", "Price", "Car_condition_ID", "Car_dealer_ID") VALUES (351, 'Mercedes', 'GLS', 'White', 138696, 14944.5, 2, 2);
INSERT INTO "Car" ("Car_ID", "Brand", "Model", "Color", "Mileage", "Price", "Car_condition_ID", "Car_dealer_ID") VALUES (352, 'Ford', 'Ranger', 'White', 9466, 19640.63, 2, 2);
INSERT INTO "Car" ("Car_ID", "Brand", "Model", "Color", "Mileage", "Price", "Car_condition_ID", "Car_dealer_ID") VALUES (353, 'Mercedes', 'AMG GT', 'Red', 191102, 29003.11, 1, 3);
INSERT INTO "Car" ("Car_ID", "Brand", "Model", "Color", "Mileage", "Price", "Car_condition_ID", "Car_dealer_ID") VALUES (354, 'Audi', 'A8', 'Black', 37298, 94402.97, 2, 4);
INSERT INTO "Car" ("Car_ID", "Brand", "Model", "Color", "Mileage", "Price", "Car_condition_ID", "Car_dealer_ID") VALUES (355, 'Volkswagen', 'ID.3', 'Blue', 121929, 8257.81, 1, 8);
INSERT INTO "Car" ("Car_ID", "Brand", "Model", "Color", "Mileage", "Price", "Car_condition_ID", "Car_dealer_ID") VALUES (356, 'Kia', 'Stinger', 'Orange', 111790, 48672.96, 2, 6);
INSERT INTO "Car" ("Car_ID", "Brand", "Model", "Color", "Mileage", "Price", "Car_condition_ID", "Car_dealer_ID") VALUES (357, 'Kia', 'Ceed', 'Silver', 93338, 29161.12, 1, 21);
INSERT INTO "Car" ("Car_ID", "Brand", "Model", "Color", "Mileage", "Price", "Car_condition_ID", "Car_dealer_ID") VALUES (358, 'Audi', 'S3', 'Silver', 131537, 66905.21, 3, 24);
INSERT INTO "Car" ("Car_ID", "Brand", "Model", "Color", "Mileage", "Price", "Car_condition_ID", "Car_dealer_ID") VALUES (359, 'BMW', 'X3', 'Black', 13018, 96661.26, 2, 21);
INSERT INTO "Car" ("Car_ID", "Brand", "Model", "Color", "Mileage", "Price", "Car_condition_ID", "Car_dealer_ID") VALUES (360, 'Mercedes', 'GLS', 'Green', 98911, 84951.69, 2, 24);
INSERT INTO "Car" ("Car_ID", "Brand", "Model", "Color", "Mileage", "Price", "Car_condition_ID", "Car_dealer_ID") VALUES (361, 'Nissan', 'Micra', 'Green', 190132, 72777.3, 3, 6);
INSERT INTO "Car" ("Car_ID", "Brand", "Model", "Color", "Mileage", "Price", "Car_condition_ID", "Car_dealer_ID") VALUES (362, 'BMW', '435i', 'Orange', 187678, 25215.44, 2, 27);
INSERT INTO "Car" ("Car_ID", "Brand", "Model", "Color", "Mileage", "Price", "Car_condition_ID", "Car_dealer_ID") VALUES (363, 'Audi', 'Q3', 'Red', 76322, 14054.97, 3, 29);
INSERT INTO "Car" ("Car_ID", "Brand", "Model", "Color", "Mileage", "Price", "Car_condition_ID", "Car_dealer_ID") VALUES (364, 'Ford', 'Focus', 'Yellow', 105012, 42809.7, 3, 16);
INSERT INTO "Car" ("Car_ID", "Brand", "Model", "Color", "Mileage", "Price", "Car_condition_ID", "Car_dealer_ID") VALUES (365, 'Nissan', 'Ariya', 'White', 115247, 31393.87, 2, 20);
INSERT INTO "Car" ("Car_ID", "Brand", "Model", "Color", "Mileage", "Price", "Car_condition_ID", "Car_dealer_ID") VALUES (366, 'Nissan', 'Leaf', 'Grey', 63081, 93316.05, 1, 29);
INSERT INTO "Car" ("Car_ID", "Brand", "Model", "Color", "Mileage", "Price", "Car_condition_ID", "Car_dealer_ID") VALUES (367, 'Ford', 'Mondeo', 'Silver', 196313, 6951.65, 1, 7);
INSERT INTO "Car" ("Car_ID", "Brand", "Model", "Color", "Mileage", "Price", "Car_condition_ID", "Car_dealer_ID") VALUES (368, 'Audi', 'RS6', 'Blue', 128073, 28911.12, 3, 10);
INSERT INTO "Car" ("Car_ID", "Brand", "Model", "Color", "Mileage", "Price", "Car_condition_ID", "Car_dealer_ID") VALUES (369, 'Mercedes', 'GLE', 'Black', 85599, 82151.66, 3, 15);
INSERT INTO "Car" ("Car_ID", "Brand", "Model", "Color", "Mileage", "Price", "Car_condition_ID", "Car_dealer_ID") VALUES (370, 'Hyundai', 'Ioniq 6', 'Green', 70543, 53120.15, 1, 19);
INSERT INTO "Car" ("Car_ID", "Brand", "Model", "Color", "Mileage", "Price", "Car_condition_ID", "Car_dealer_ID") VALUES (371, 'Audi', 'RSQ5', 'Black', 49524, 7945.0, 1, 17);
INSERT INTO "Car" ("Car_ID", "Brand", "Model", "Color", "Mileage", "Price", "Car_condition_ID", "Car_dealer_ID") VALUES (372, 'Nissan', 'Qashqai', 'Silver', 71622, 43418.84, 3, 6);
INSERT INTO "Car" ("Car_ID", "Brand", "Model", "Color", "Mileage", "Price", "Car_condition_ID", "Car_dealer_ID") VALUES (373, 'Volkswagen', 'Polo', 'Black', 194102, 31190.45, 1, 10);
INSERT INTO "Car" ("Car_ID", "Brand", "Model", "Color", "Mileage", "Price", "Car_condition_ID", "Car_dealer_ID") VALUES (374, 'Hyundai', 'i10', 'Black', 25208, 10164.88, 1, 14);
INSERT INTO "Car" ("Car_ID", "Brand", "Model", "Color", "Mileage", "Price", "Car_condition_ID", "Car_dealer_ID") VALUES (375, 'Toyota', 'Highlander', 'Silver', 73532, 94373.97, 2, 4);
INSERT INTO "Car" ("Car_ID", "Brand", "Model", "Color", "Mileage", "Price", "Car_condition_ID", "Car_dealer_ID") VALUES (376, 'Toyota', 'Land Cruiser', 'Grey', 110141, 13581.41, 2, 27);
INSERT INTO "Car" ("Car_ID", "Brand", "Model", "Color", "Mileage", "Price", "Car_condition_ID", "Car_dealer_ID") VALUES (377, 'Nissan', 'Micra', 'Grey', 143009, 95719.37, 3, 29);
INSERT INTO "Car" ("Car_ID", "Brand", "Model", "Color", "Mileage", "Price", "Car_condition_ID", "Car_dealer_ID") VALUES (378, 'Hyundai', 'Kona', 'Green', 16858, 8764.93, 1, 1);
INSERT INTO "Car" ("Car_ID", "Brand", "Model", "Color", "Mileage", "Price", "Car_condition_ID", "Car_dealer_ID") VALUES (379, 'Ford', 'Fiesta', 'Red', 145307, 79583.83, 2, 8);
INSERT INTO "Car" ("Car_ID", "Brand", "Model", "Color", "Mileage", "Price", "Car_condition_ID", "Car_dealer_ID") VALUES (380, 'Nissan', 'Navara', 'Blue', 17961, 23967.93, 3, 12);
INSERT INTO "Car" ("Car_ID", "Brand", "Model", "Color", "Mileage", "Price", "Car_condition_ID", "Car_dealer_ID") VALUES (381, 'Hyundai', 'i30', 'Green', 62153, 15562.23, 3, 26);
INSERT INTO "Car" ("Car_ID", "Brand", "Model", "Color", "Mileage", "Price", "Car_condition_ID", "Car_dealer_ID") VALUES (382, 'Audi', 'RS7', 'Black', 31685, 18473.97, 1, 9);
INSERT INTO "Car" ("Car_ID", "Brand", "Model", "Color", "Mileage", "Price", "Car_condition_ID", "Car_dealer_ID") VALUES (383, 'Ford', 'Edge', 'Yellow', 193373, 72122.86, 2, 13);
INSERT INTO "Car" ("Car_ID", "Brand", "Model", "Color", "Mileage", "Price", "Car_condition_ID", "Car_dealer_ID") VALUES (384, 'Nissan', 'Juke', 'Green', 83193, 84780.73, 1, 27);
INSERT INTO "Car" ("Car_ID", "Brand", "Model", "Color", "Mileage", "Price", "Car_condition_ID", "Car_dealer_ID") VALUES (385, 'Toyota', 'Corolla', 'Grey', 15898, 57644.06, 3, 9);
INSERT INTO "Car" ("Car_ID", "Brand", "Model", "Color", "Mileage", "Price", "Car_condition_ID", "Car_dealer_ID") VALUES (386, 'BMW', 'M8', 'Grey', 157160, 89268.44, 2, 18);
INSERT INTO "Car" ("Car_ID", "Brand", "Model", "Color", "Mileage", "Price", "Car_condition_ID", "Car_dealer_ID") VALUES (387, 'Ford', 'Mondeo', 'Red', 102469, 52351.33, 3, 27);
INSERT INTO "Car" ("Car_ID", "Brand", "Model", "Color", "Mileage", "Price", "Car_condition_ID", "Car_dealer_ID") VALUES (388, 'Nissan', 'Leaf', 'Orange', 144280, 9111.6, 3, 8);
INSERT INTO "Car" ("Car_ID", "Brand", "Model", "Color", "Mileage", "Price", "Car_condition_ID", "Car_dealer_ID") VALUES (389, 'Hyundai', 'i30', 'Yellow', 100713, 36291.21, 3, 3);
INSERT INTO "Car" ("Car_ID", "Brand", "Model", "Color", "Mileage", "Price", "Car_condition_ID", "Car_dealer_ID") VALUES (390, 'Mercedes', 'CLA', 'Silver', 189438, 75987.75, 3, 24);
INSERT INTO "Car" ("Car_ID", "Brand", "Model", "Color", "Mileage", "Price", "Car_condition_ID", "Car_dealer_ID") VALUES (391, 'BMW', 'Z4', 'Orange', 106646, 39320.31, 2, 18);
INSERT INTO "Car" ("Car_ID", "Brand", "Model", "Color", "Mileage", "Price", "Car_condition_ID", "Car_dealer_ID") VALUES (392, 'Audi', 'RS5', 'Silver', 17612, 88796.19, 3, 11);
INSERT INTO "Car" ("Car_ID", "Brand", "Model", "Color", "Mileage", "Price", "Car_condition_ID", "Car_dealer_ID") VALUES (393, 'BMW', '540i', 'Green', 5231, 44958.71, 3, 28);
INSERT INTO "Car" ("Car_ID", "Brand", "Model", "Color", "Mileage", "Price", "Car_condition_ID", "Car_dealer_ID") VALUES (394, 'Toyota', 'Corolla', 'Grey', 191968, 18793.1, 3, 19);
INSERT INTO "Car" ("Car_ID", "Brand", "Model", "Color", "Mileage", "Price", "Car_condition_ID", "Car_dealer_ID") VALUES (395, 'Audi', 'RSQ5', 'White', 143390, 92102.14, 2, 23);
INSERT INTO "Car" ("Car_ID", "Brand", "Model", "Color", "Mileage", "Price", "Car_condition_ID", "Car_dealer_ID") VALUES (396, 'Ford', 'Ranger', 'Grey', 193902, 96164.52, 3, 13);
INSERT INTO "Car" ("Car_ID", "Brand", "Model", "Color", "Mileage", "Price", "Car_condition_ID", "Car_dealer_ID") VALUES (397, 'Volkswagen', 'Polo', 'Orange', 50121, 93604.99, 1, 27);
INSERT INTO "Car" ("Car_ID", "Brand", "Model", "Color", "Mileage", "Price", "Car_condition_ID", "Car_dealer_ID") VALUES (398, 'BMW', '118i', 'Yellow', 151877, 39933.93, 1, 14);
INSERT INTO "Car" ("Car_ID", "Brand", "Model", "Color", "Mileage", "Price", "Car_condition_ID", "Car_dealer_ID") VALUES (399, 'Hyundai', 'Ioniq 6', 'Orange', 83125, 12954.72, 1, 13);
INSERT INTO "Car" ("Car_ID", "Brand", "Model", "Color", "Mileage", "Price", "Car_condition_ID", "Car_dealer_ID") VALUES (400, 'Mercedes', 'GLS', 'White', 178832, 73290.87, 3, 15);
INSERT INTO "Car" ("Car_ID", "Brand", "Model", "Color", "Mileage", "Price", "Car_condition_ID", "Car_dealer_ID") VALUES (401, 'Kia', 'Ceed', 'Red', 121538, 88503.15, 2, 21);
INSERT INTO "Car" ("Car_ID", "Brand", "Model", "Color", "Mileage", "Price", "Car_condition_ID", "Car_dealer_ID") VALUES (402, 'Hyundai', 'i30', 'Yellow', 197949, 71771.16, 2, 24);
INSERT INTO "Car" ("Car_ID", "Brand", "Model", "Color", "Mileage", "Price", "Car_condition_ID", "Car_dealer_ID") VALUES (403, 'Mercedes', 'GLA', 'White', 53461, 23750.78, 1, 7);
INSERT INTO "Car" ("Car_ID", "Brand", "Model", "Color", "Mileage", "Price", "Car_condition_ID", "Car_dealer_ID") VALUES (404, 'Mercedes', 'AMG GT', 'Black', 134503, 22623.98, 1, 30);
INSERT INTO "Car" ("Car_ID", "Brand", "Model", "Color", "Mileage", "Price", "Car_condition_ID", "Car_dealer_ID") VALUES (405, 'Kia', 'EV6', 'Red', 15859, 84106.8, 3, 4);
INSERT INTO "Car" ("Car_ID", "Brand", "Model", "Color", "Mileage", "Price", "Car_condition_ID", "Car_dealer_ID") VALUES (406, 'Toyota', 'Corolla', 'Grey', 177797, 91158.63, 3, 12);
INSERT INTO "Car" ("Car_ID", "Brand", "Model", "Color", "Mileage", "Price", "Car_condition_ID", "Car_dealer_ID") VALUES (407, 'Nissan', 'Ariya', 'Yellow', 64655, 90262.48, 3, 27);
INSERT INTO "Car" ("Car_ID", "Brand", "Model", "Color", "Mileage", "Price", "Car_condition_ID", "Car_dealer_ID") VALUES (408, 'Toyota', 'C-HR', 'Silver', 36873, 66379.98, 3, 27);
INSERT INTO "Car" ("Car_ID", "Brand", "Model", "Color", "Mileage", "Price", "Car_condition_ID", "Car_dealer_ID") VALUES (409, 'Kia', 'Rio', 'Grey', 164556, 9206.1, 3, 18);
INSERT INTO "Car" ("Car_ID", "Brand", "Model", "Color", "Mileage", "Price", "Car_condition_ID", "Car_dealer_ID") VALUES (410, 'Volkswagen', 'Passat', 'Silver', 3185, 91345.61, 1, 26);
INSERT INTO "Car" ("Car_ID", "Brand", "Model", "Color", "Mileage", "Price", "Car_condition_ID", "Car_dealer_ID") VALUES (411, 'Volkswagen', 'ID.4', 'Red', 59986, 24125.03, 3, 16);
INSERT INTO "Car" ("Car_ID", "Brand", "Model", "Color", "Mileage", "Price", "Car_condition_ID", "Car_dealer_ID") VALUES (412, 'Toyota', 'C-HR', 'Grey', 69484, 53381.83, 2, 8);
INSERT INTO "Car" ("Car_ID", "Brand", "Model", "Color", "Mileage", "Price", "Car_condition_ID", "Car_dealer_ID") VALUES (413, 'Ford', 'Ranger', 'Red', 99168, 81982.74, 1, 7);
INSERT INTO "Car" ("Car_ID", "Brand", "Model", "Color", "Mileage", "Price", "Car_condition_ID", "Car_dealer_ID") VALUES (414, 'Kia', 'Ceed', 'White', 67527, 19883.69, 3, 18);
INSERT INTO "Car" ("Car_ID", "Brand", "Model", "Color", "Mileage", "Price", "Car_condition_ID", "Car_dealer_ID") VALUES (415, 'Kia', 'Ceed', 'Silver', 84266, 80196.69, 2, 25);
INSERT INTO "Car" ("Car_ID", "Brand", "Model", "Color", "Mileage", "Price", "Car_condition_ID", "Car_dealer_ID") VALUES (416, 'Volkswagen', 'Passat', 'Grey', 167565, 53033.56, 2, 27);
INSERT INTO "Car" ("Car_ID", "Brand", "Model", "Color", "Mileage", "Price", "Car_condition_ID", "Car_dealer_ID") VALUES (417, 'Volkswagen', 'ID.3', 'Black', 62487, 5305.05, 2, 11);
INSERT INTO "Car" ("Car_ID", "Brand", "Model", "Color", "Mileage", "Price", "Car_condition_ID", "Car_dealer_ID") VALUES (418, 'Mercedes', 'A-Class', 'Silver', 158530, 34928.58, 3, 5);
INSERT INTO "Car" ("Car_ID", "Brand", "Model", "Color", "Mileage", "Price", "Car_condition_ID", "Car_dealer_ID") VALUES (419, 'Hyundai', 'i10', 'Yellow', 77621, 12919.78, 1, 28);
INSERT INTO "Car" ("Car_ID", "Brand", "Model", "Color", "Mileage", "Price", "Car_condition_ID", "Car_dealer_ID") VALUES (420, 'Nissan', 'Micra', 'Yellow', 58906, 10695.38, 1, 27);
INSERT INTO "Car" ("Car_ID", "Brand", "Model", "Color", "Mileage", "Price", "Car_condition_ID", "Car_dealer_ID") VALUES (421, 'Ford', 'Mondeo', 'Red', 140313, 14127.31, 1, 1);
INSERT INTO "Car" ("Car_ID", "Brand", "Model", "Color", "Mileage", "Price", "Car_condition_ID", "Car_dealer_ID") VALUES (422, 'BMW', 'X3', 'Orange', 66217, 11015.01, 1, 11);
INSERT INTO "Car" ("Car_ID", "Brand", "Model", "Color", "Mileage", "Price", "Car_condition_ID", "Car_dealer_ID") VALUES (423, 'Toyota', 'RAV4', 'Black', 20537, 29775.25, 2, 28);
INSERT INTO "Car" ("Car_ID", "Brand", "Model", "Color", "Mileage", "Price", "Car_condition_ID", "Car_dealer_ID") VALUES (424, 'Nissan', 'Micra', 'Orange', 142839, 57104.32, 1, 13);
INSERT INTO "Car" ("Car_ID", "Brand", "Model", "Color", "Mileage", "Price", "Car_condition_ID", "Car_dealer_ID") VALUES (425, 'BMW', 'Z4', 'White', 153562, 42723.91, 3, 28);
INSERT INTO "Car" ("Car_ID", "Brand", "Model", "Color", "Mileage", "Price", "Car_condition_ID", "Car_dealer_ID") VALUES (426, 'Mercedes', 'GLS', 'White', 13051, 38001.91, 2, 9);
INSERT INTO "Car" ("Car_ID", "Brand", "Model", "Color", "Mileage", "Price", "Car_condition_ID", "Car_dealer_ID") VALUES (427, 'Audi', 'A5', 'White', 176706, 42460.57, 2, 18);
INSERT INTO "Car" ("Car_ID", "Brand", "Model", "Color", "Mileage", "Price", "Car_condition_ID", "Car_dealer_ID") VALUES (428, 'Toyota', 'Yaris', 'Blue', 115967, 85598.73, 1, 15);
INSERT INTO "Car" ("Car_ID", "Brand", "Model", "Color", "Mileage", "Price", "Car_condition_ID", "Car_dealer_ID") VALUES (429, 'Audi', 'RS3', 'Orange', 146529, 40910.37, 1, 7);
INSERT INTO "Car" ("Car_ID", "Brand", "Model", "Color", "Mileage", "Price", "Car_condition_ID", "Car_dealer_ID") VALUES (430, 'Nissan', 'X-Trail', 'Black', 52391, 67028.35, 1, 22);
INSERT INTO "Car" ("Car_ID", "Brand", "Model", "Color", "Mileage", "Price", "Car_condition_ID", "Car_dealer_ID") VALUES (431, 'Kia', 'Sportage', 'Black', 104405, 60495.24, 2, 22);
INSERT INTO "Car" ("Car_ID", "Brand", "Model", "Color", "Mileage", "Price", "Car_condition_ID", "Car_dealer_ID") VALUES (432, 'Volkswagen', 'ID.4', 'Green', 21625, 43313.68, 1, 1);
INSERT INTO "Car" ("Car_ID", "Brand", "Model", "Color", "Mileage", "Price", "Car_condition_ID", "Car_dealer_ID") VALUES (433, 'BMW', '435i', 'Grey', 168803, 78693.98, 2, 30);
INSERT INTO "Car" ("Car_ID", "Brand", "Model", "Color", "Mileage", "Price", "Car_condition_ID", "Car_dealer_ID") VALUES (434, 'Mercedes', 'E-Class', 'White', 168641, 46076.56, 1, 5);
INSERT INTO "Car" ("Car_ID", "Brand", "Model", "Color", "Mileage", "Price", "Car_condition_ID", "Car_dealer_ID") VALUES (435, 'Nissan', 'Qashqai', 'Grey', 193845, 39057.84, 2, 17);
INSERT INTO "Car" ("Car_ID", "Brand", "Model", "Color", "Mileage", "Price", "Car_condition_ID", "Car_dealer_ID") VALUES (436, 'Volkswagen', 'ID.3', 'Black', 142992, 10712.17, 3, 4);
INSERT INTO "Car" ("Car_ID", "Brand", "Model", "Color", "Mileage", "Price", "Car_condition_ID", "Car_dealer_ID") VALUES (437, 'Mercedes', 'C-Class', 'Blue', 189468, 66167.62, 2, 17);
INSERT INTO "Car" ("Car_ID", "Brand", "Model", "Color", "Mileage", "Price", "Car_condition_ID", "Car_dealer_ID") VALUES (438, 'Hyundai', 'Ioniq 5', 'Grey', 177585, 69586.37, 3, 19);
INSERT INTO "Car" ("Car_ID", "Brand", "Model", "Color", "Mileage", "Price", "Car_condition_ID", "Car_dealer_ID") VALUES (439, 'BMW', 'Z4', 'Yellow', 88974, 94995.49, 1, 3);
INSERT INTO "Car" ("Car_ID", "Brand", "Model", "Color", "Mileage", "Price", "Car_condition_ID", "Car_dealer_ID") VALUES (440, 'BMW', '435i', 'Green', 19898, 98779.18, 3, 21);
INSERT INTO "Car" ("Car_ID", "Brand", "Model", "Color", "Mileage", "Price", "Car_condition_ID", "Car_dealer_ID") VALUES (441, 'BMW', 'X6', 'Orange', 49096, 23939.68, 1, 1);
INSERT INTO "Car" ("Car_ID", "Brand", "Model", "Color", "Mileage", "Price", "Car_condition_ID", "Car_dealer_ID") VALUES (442, 'Ford', 'Mondeo', 'Blue', 185281, 25341.22, 1, 21);
INSERT INTO "Car" ("Car_ID", "Brand", "Model", "Color", "Mileage", "Price", "Car_condition_ID", "Car_dealer_ID") VALUES (443, 'Audi', 'S8', 'Orange', 9514, 61581.46, 3, 22);
INSERT INTO "Car" ("Car_ID", "Brand", "Model", "Color", "Mileage", "Price", "Car_condition_ID", "Car_dealer_ID") VALUES (444, 'Audi', 'Q3', 'White', 98030, 5058.65, 2, 12);
INSERT INTO "Car" ("Car_ID", "Brand", "Model", "Color", "Mileage", "Price", "Car_condition_ID", "Car_dealer_ID") VALUES (445, 'Ford', 'Fiesta', 'White', 102973, 80016.68, 3, 26);
INSERT INTO "Car" ("Car_ID", "Brand", "Model", "Color", "Mileage", "Price", "Car_condition_ID", "Car_dealer_ID") VALUES (446, 'Volkswagen', 'ID.3', 'Blue', 175999, 74097.9, 3, 15);
INSERT INTO "Car" ("Car_ID", "Brand", "Model", "Color", "Mileage", "Price", "Car_condition_ID", "Car_dealer_ID") VALUES (447, 'Hyundai', 'Ioniq 6', 'Blue', 90077, 14829.26, 1, 5);
INSERT INTO "Car" ("Car_ID", "Brand", "Model", "Color", "Mileage", "Price", "Car_condition_ID", "Car_dealer_ID") VALUES (448, 'Audi', 'S6', 'White', 171020, 51631.88, 3, 21);
INSERT INTO "Car" ("Car_ID", "Brand", "Model", "Color", "Mileage", "Price", "Car_condition_ID", "Car_dealer_ID") VALUES (449, 'Mercedes', 'GLA', 'Red', 86374, 85327.16, 1, 22);
INSERT INTO "Car" ("Car_ID", "Brand", "Model", "Color", "Mileage", "Price", "Car_condition_ID", "Car_dealer_ID") VALUES (450, 'Nissan', 'Juke', 'Blue', 84079, 5391.39, 1, 29);
INSERT INTO "Car" ("Car_ID", "Brand", "Model", "Color", "Mileage", "Price", "Car_condition_ID", "Car_dealer_ID") VALUES (451, 'Audi', 'RSQ8', 'White', 12101, 48920.04, 3, 5);
INSERT INTO "Car" ("Car_ID", "Brand", "Model", "Color", "Mileage", "Price", "Car_condition_ID", "Car_dealer_ID") VALUES (452, 'Ford', 'Ranger', 'Green', 18715, 53586.04, 3, 15);
INSERT INTO "Car" ("Car_ID", "Brand", "Model", "Color", "Mileage", "Price", "Car_condition_ID", "Car_dealer_ID") VALUES (453, 'Toyota', 'Yaris', 'Silver', 28905, 54577.16, 3, 19);
INSERT INTO "Car" ("Car_ID", "Brand", "Model", "Color", "Mileage", "Price", "Car_condition_ID", "Car_dealer_ID") VALUES (454, 'BMW', '440i', 'Silver', 88881, 95629.32, 1, 15);
INSERT INTO "Car" ("Car_ID", "Brand", "Model", "Color", "Mileage", "Price", "Car_condition_ID", "Car_dealer_ID") VALUES (455, 'Nissan', 'Ariya', 'Blue', 111112, 44251.02, 1, 14);
INSERT INTO "Car" ("Car_ID", "Brand", "Model", "Color", "Mileage", "Price", "Car_condition_ID", "Car_dealer_ID") VALUES (456, 'Toyota', 'Corolla', 'Silver', 108178, 87802.42, 1, 27);
INSERT INTO "Car" ("Car_ID", "Brand", "Model", "Color", "Mileage", "Price", "Car_condition_ID", "Car_dealer_ID") VALUES (457, 'Nissan', 'X-Trail', 'Grey', 99276, 5287.05, 1, 3);
INSERT INTO "Car" ("Car_ID", "Brand", "Model", "Color", "Mileage", "Price", "Car_condition_ID", "Car_dealer_ID") VALUES (458, 'Mercedes', 'A-Class', 'Red', 169357, 70571.93, 2, 11);
INSERT INTO "Car" ("Car_ID", "Brand", "Model", "Color", "Mileage", "Price", "Car_condition_ID", "Car_dealer_ID") VALUES (459, 'Audi', 'Q5', 'Blue', 67147, 36703.01, 3, 10);
INSERT INTO "Car" ("Car_ID", "Brand", "Model", "Color", "Mileage", "Price", "Car_condition_ID", "Car_dealer_ID") VALUES (460, 'Volkswagen', 'Arteon', 'Red', 50977, 20743.27, 3, 17);
INSERT INTO "Car" ("Car_ID", "Brand", "Model", "Color", "Mileage", "Price", "Car_condition_ID", "Car_dealer_ID") VALUES (461, 'Audi', 'RS6', 'Red', 107424, 22702.65, 2, 16);
INSERT INTO "Car" ("Car_ID", "Brand", "Model", "Color", "Mileage", "Price", "Car_condition_ID", "Car_dealer_ID") VALUES (462, 'BMW', 'M8', 'Green', 98738, 71042.03, 2, 10);
INSERT INTO "Car" ("Car_ID", "Brand", "Model", "Color", "Mileage", "Price", "Car_condition_ID", "Car_dealer_ID") VALUES (463, 'Mercedes', 'E-Class', 'Orange', 136758, 70110.88, 1, 18);
INSERT INTO "Car" ("Car_ID", "Brand", "Model", "Color", "Mileage", "Price", "Car_condition_ID", "Car_dealer_ID") VALUES (464, 'Toyota', 'Camry', 'Red', 185594, 71734.73, 1, 29);
INSERT INTO "Car" ("Car_ID", "Brand", "Model", "Color", "Mileage", "Price", "Car_condition_ID", "Car_dealer_ID") VALUES (465, 'Audi', 'S7', 'White', 108621, 77141.23, 3, 12);
INSERT INTO "Car" ("Car_ID", "Brand", "Model", "Color", "Mileage", "Price", "Car_condition_ID", "Car_dealer_ID") VALUES (466, 'Kia', 'Stinger', 'Silver', 145803, 14553.19, 1, 13);
INSERT INTO "Car" ("Car_ID", "Brand", "Model", "Color", "Mileage", "Price", "Car_condition_ID", "Car_dealer_ID") VALUES (467, 'Nissan', 'Navara', 'Silver', 15137, 95599.45, 1, 22);
INSERT INTO "Car" ("Car_ID", "Brand", "Model", "Color", "Mileage", "Price", "Car_condition_ID", "Car_dealer_ID") VALUES (468, 'Volkswagen', 'ID.4', 'Black', 86252, 72454.68, 1, 7);
INSERT INTO "Car" ("Car_ID", "Brand", "Model", "Color", "Mileage", "Price", "Car_condition_ID", "Car_dealer_ID") VALUES (469, 'Toyota', 'RAV4', 'Black', 87023, 62896.65, 1, 29);
INSERT INTO "Car" ("Car_ID", "Brand", "Model", "Color", "Mileage", "Price", "Car_condition_ID", "Car_dealer_ID") VALUES (470, 'Nissan', 'Juke', 'Grey', 114957, 83836.6, 1, 1);
INSERT INTO "Car" ("Car_ID", "Brand", "Model", "Color", "Mileage", "Price", "Car_condition_ID", "Car_dealer_ID") VALUES (471, 'Ford', 'Kuga', 'White', 7313, 48976.05, 1, 24);
INSERT INTO "Car" ("Car_ID", "Brand", "Model", "Color", "Mileage", "Price", "Car_condition_ID", "Car_dealer_ID") VALUES (472, 'Nissan', 'Leaf', 'Silver', 121128, 9739.55, 2, 10);
INSERT INTO "Car" ("Car_ID", "Brand", "Model", "Color", "Mileage", "Price", "Car_condition_ID", "Car_dealer_ID") VALUES (473, 'Kia', 'Sorento', 'Silver', 111027, 80536.41, 1, 25);
INSERT INTO "Car" ("Car_ID", "Brand", "Model", "Color", "Mileage", "Price", "Car_condition_ID", "Car_dealer_ID") VALUES (474, 'Kia', 'Stinger', 'White', 192440, 41857.23, 3, 5);
INSERT INTO "Car" ("Car_ID", "Brand", "Model", "Color", "Mileage", "Price", "Car_condition_ID", "Car_dealer_ID") VALUES (475, 'Ford', 'Edge', 'Orange', 77399, 45461.9, 1, 24);
INSERT INTO "Car" ("Car_ID", "Brand", "Model", "Color", "Mileage", "Price", "Car_condition_ID", "Car_dealer_ID") VALUES (476, 'Mercedes', 'CLA', 'Orange', 81959, 29301.88, 2, 20);
INSERT INTO "Car" ("Car_ID", "Brand", "Model", "Color", "Mileage", "Price", "Car_condition_ID", "Car_dealer_ID") VALUES (477, 'Mercedes', 'S-Class', 'Grey', 154116, 71715.69, 1, 13);
INSERT INTO "Car" ("Car_ID", "Brand", "Model", "Color", "Mileage", "Price", "Car_condition_ID", "Car_dealer_ID") VALUES (478, 'BMW', '420i', 'Red', 94690, 57209.75, 1, 14);
INSERT INTO "Car" ("Car_ID", "Brand", "Model", "Color", "Mileage", "Price", "Car_condition_ID", "Car_dealer_ID") VALUES (479, 'BMW', '335i', 'White', 27988, 57803.23, 1, 17);
INSERT INTO "Car" ("Car_ID", "Brand", "Model", "Color", "Mileage", "Price", "Car_condition_ID", "Car_dealer_ID") VALUES (480, 'Ford', 'Mondeo', 'Silver', 25624, 80056.18, 3, 10);
INSERT INTO "Car" ("Car_ID", "Brand", "Model", "Color", "Mileage", "Price", "Car_condition_ID", "Car_dealer_ID") VALUES (481, 'Volkswagen', 'T-Cross', 'White', 32468, 95393.03, 2, 26);
INSERT INTO "Car" ("Car_ID", "Brand", "Model", "Color", "Mileage", "Price", "Car_condition_ID", "Car_dealer_ID") VALUES (482, 'Audi', 'S5', 'Silver', 199317, 97014.68, 2, 1);
INSERT INTO "Car" ("Car_ID", "Brand", "Model", "Color", "Mileage", "Price", "Car_condition_ID", "Car_dealer_ID") VALUES (483, 'BMW', 'M3', 'Grey', 105302, 26125.21, 2, 11);
INSERT INTO "Car" ("Car_ID", "Brand", "Model", "Color", "Mileage", "Price", "Car_condition_ID", "Car_dealer_ID") VALUES (484, 'BMW', 'M5', 'Orange', 134898, 63809.18, 1, 6);
INSERT INTO "Car" ("Car_ID", "Brand", "Model", "Color", "Mileage", "Price", "Car_condition_ID", "Car_dealer_ID") VALUES (485, 'Ford', 'Focus', 'Green', 28341, 70810.17, 2, 26);
INSERT INTO "Car" ("Car_ID", "Brand", "Model", "Color", "Mileage", "Price", "Car_condition_ID", "Car_dealer_ID") VALUES (486, 'Mercedes', 'AMG GT', 'Orange', 116477, 68206.8, 2, 22);
INSERT INTO "Car" ("Car_ID", "Brand", "Model", "Color", "Mileage", "Price", "Car_condition_ID", "Car_dealer_ID") VALUES (487, 'Mercedes', 'GLE', 'White', 111874, 99392.64, 3, 18);
INSERT INTO "Car" ("Car_ID", "Brand", "Model", "Color", "Mileage", "Price", "Car_condition_ID", "Car_dealer_ID") VALUES (488, 'Kia', 'Stinger', 'Yellow', 67240, 40201.71, 3, 19);
INSERT INTO "Car" ("Car_ID", "Brand", "Model", "Color", "Mileage", "Price", "Car_condition_ID", "Car_dealer_ID") VALUES (489, 'Volkswagen', 'Golf', 'Yellow', 9875, 67483.46, 1, 19);
INSERT INTO "Car" ("Car_ID", "Brand", "Model", "Color", "Mileage", "Price", "Car_condition_ID", "Car_dealer_ID") VALUES (490, 'BMW', '335i', 'Black', 40053, 9369.28, 2, 1);
INSERT INTO "Car" ("Car_ID", "Brand", "Model", "Color", "Mileage", "Price", "Car_condition_ID", "Car_dealer_ID") VALUES (491, 'Kia', 'EV6', 'Orange', 97136, 16026.56, 1, 7);
INSERT INTO "Car" ("Car_ID", "Brand", "Model", "Color", "Mileage", "Price", "Car_condition_ID", "Car_dealer_ID") VALUES (492, 'Audi', 'Q3', 'Orange', 3434, 20613.91, 1, 5);
INSERT INTO "Car" ("Car_ID", "Brand", "Model", "Color", "Mileage", "Price", "Car_condition_ID", "Car_dealer_ID") VALUES (493, 'Mercedes', 'E-Class', 'Yellow', 62633, 90804.71, 1, 25);
INSERT INTO "Car" ("Car_ID", "Brand", "Model", "Color", "Mileage", "Price", "Car_condition_ID", "Car_dealer_ID") VALUES (494, 'Audi', 'A6', 'White', 199826, 82638.68, 3, 18);
INSERT INTO "Car" ("Car_ID", "Brand", "Model", "Color", "Mileage", "Price", "Car_condition_ID", "Car_dealer_ID") VALUES (495, 'Toyota', 'Yaris', 'Red', 6338, 99638.86, 1, 29);
INSERT INTO "Car" ("Car_ID", "Brand", "Model", "Color", "Mileage", "Price", "Car_condition_ID", "Car_dealer_ID") VALUES (496, 'Volkswagen', 'ID.3', 'Yellow', 180465, 58561.36, 1, 1);
INSERT INTO "Car" ("Car_ID", "Brand", "Model", "Color", "Mileage", "Price", "Car_condition_ID", "Car_dealer_ID") VALUES (497, 'Hyundai', 'Kona', 'Black', 75695, 38346.54, 3, 17);
INSERT INTO "Car" ("Car_ID", "Brand", "Model", "Color", "Mileage", "Price", "Car_condition_ID", "Car_dealer_ID") VALUES (498, 'Hyundai', 'Santa Fe', 'White', 85453, 79887.39, 1, 12);
INSERT INTO "Car" ("Car_ID", "Brand", "Model", "Color", "Mileage", "Price", "Car_condition_ID", "Car_dealer_ID") VALUES (499, 'Toyota', 'C-HR', 'Grey', 111400, 39618.01, 2, 8);
INSERT INTO "Car" ("Car_ID", "Brand", "Model", "Color", "Mileage", "Price", "Car_condition_ID", "Car_dealer_ID") VALUES (500, 'Audi', 'S8', 'Grey', 59611, 35896.56, 2, 19);
INSERT INTO "Car" ("Car_ID", "Brand", "Model", "Color", "Mileage", "Price", "Car_condition_ID", "Car_dealer_ID") VALUES (501, 'Audi', 'A6', 'Red', 185092, 79060.45, 2, 1);
INSERT INTO "Car" ("Car_ID", "Brand", "Model", "Color", "Mileage", "Price", "Car_condition_ID", "Car_dealer_ID") VALUES (502, 'Kia', 'EV6', 'Silver', 38604, 57944.85, 2, 20);
INSERT INTO "Car" ("Car_ID", "Brand", "Model", "Color", "Mileage", "Price", "Car_condition_ID", "Car_dealer_ID") VALUES (503, 'BMW', '435i', 'Orange', 198202, 63755.07, 3, 15);
INSERT INTO "Car" ("Car_ID", "Brand", "Model", "Color", "Mileage", "Price", "Car_condition_ID", "Car_dealer_ID") VALUES (504, 'BMW', '440i', 'Black', 29147, 80751.55, 1, 11);
INSERT INTO "Car" ("Car_ID", "Brand", "Model", "Color", "Mileage", "Price", "Car_condition_ID", "Car_dealer_ID") VALUES (505, 'Nissan', 'Ariya', 'Orange', 157608, 93303.6, 2, 2);
INSERT INTO "Car" ("Car_ID", "Brand", "Model", "Color", "Mileage", "Price", "Car_condition_ID", "Car_dealer_ID") VALUES (506, 'Hyundai', 'i10', 'Orange', 93849, 11626.68, 3, 16);
INSERT INTO "Car" ("Car_ID", "Brand", "Model", "Color", "Mileage", "Price", "Car_condition_ID", "Car_dealer_ID") VALUES (507, 'Audi', 'SQ8', 'Yellow', 163626, 79034.82, 2, 13);
INSERT INTO "Car" ("Car_ID", "Brand", "Model", "Color", "Mileage", "Price", "Car_condition_ID", "Car_dealer_ID") VALUES (508, 'Audi', 'RS7', 'Grey', 142082, 66858.4, 3, 13);
INSERT INTO "Car" ("Car_ID", "Brand", "Model", "Color", "Mileage", "Price", "Car_condition_ID", "Car_dealer_ID") VALUES (509, 'BMW', '440i', 'Red', 14110, 31744.16, 2, 3);
INSERT INTO "Car" ("Car_ID", "Brand", "Model", "Color", "Mileage", "Price", "Car_condition_ID", "Car_dealer_ID") VALUES (510, 'Volkswagen', 'Tiguan', 'Green', 165589, 60718.87, 1, 3);
INSERT INTO "Car" ("Car_ID", "Brand", "Model", "Color", "Mileage", "Price", "Car_condition_ID", "Car_dealer_ID") VALUES (511, 'Volkswagen', 'ID.Buzz', 'Grey', 149511, 7181.73, 1, 21);
INSERT INTO "Car" ("Car_ID", "Brand", "Model", "Color", "Mileage", "Price", "Car_condition_ID", "Car_dealer_ID") VALUES (512, 'Hyundai', 'i20', 'Black', 171568, 16316.3, 3, 7);
INSERT INTO "Car" ("Car_ID", "Brand", "Model", "Color", "Mileage", "Price", "Car_condition_ID", "Car_dealer_ID") VALUES (513, 'Hyundai', 'i10', 'Yellow', 177863, 82974.84, 3, 17);
INSERT INTO "Car" ("Car_ID", "Brand", "Model", "Color", "Mileage", "Price", "Car_condition_ID", "Car_dealer_ID") VALUES (514, 'BMW', '335i', 'Orange', 7857, 74526.02, 3, 23);
INSERT INTO "Car" ("Car_ID", "Brand", "Model", "Color", "Mileage", "Price", "Car_condition_ID", "Car_dealer_ID") VALUES (515, 'Audi', 'Q3', 'Yellow', 13444, 20415.2, 2, 1);
INSERT INTO "Car" ("Car_ID", "Brand", "Model", "Color", "Mileage", "Price", "Car_condition_ID", "Car_dealer_ID") VALUES (516, 'Mercedes', 'CLA', 'Blue', 168540, 7053.74, 1, 29);
INSERT INTO "Car" ("Car_ID", "Brand", "Model", "Color", "Mileage", "Price", "Car_condition_ID", "Car_dealer_ID") VALUES (517, 'Volkswagen', 'Polo', 'Black', 84216, 22959.34, 1, 26);
INSERT INTO "Car" ("Car_ID", "Brand", "Model", "Color", "Mileage", "Price", "Car_condition_ID", "Car_dealer_ID") VALUES (518, 'Hyundai', 'i30', 'Red', 136837, 33949.15, 3, 3);
INSERT INTO "Car" ("Car_ID", "Brand", "Model", "Color", "Mileage", "Price", "Car_condition_ID", "Car_dealer_ID") VALUES (519, 'Volkswagen', 'Touareg', 'Black', 143752, 70706.3, 2, 23);
INSERT INTO "Car" ("Car_ID", "Brand", "Model", "Color", "Mileage", "Price", "Car_condition_ID", "Car_dealer_ID") VALUES (520, 'Nissan', 'Navara', 'Black', 168501, 98964.49, 2, 24);
INSERT INTO "Car" ("Car_ID", "Brand", "Model", "Color", "Mileage", "Price", "Car_condition_ID", "Car_dealer_ID") VALUES (521, 'Toyota', 'RAV4', 'Silver', 125212, 23756.9, 2, 8);
INSERT INTO "Car" ("Car_ID", "Brand", "Model", "Color", "Mileage", "Price", "Car_condition_ID", "Car_dealer_ID") VALUES (522, 'BMW', 'M8', 'Yellow', 134786, 25586.31, 3, 20);
INSERT INTO "Car" ("Car_ID", "Brand", "Model", "Color", "Mileage", "Price", "Car_condition_ID", "Car_dealer_ID") VALUES (523, 'Nissan', 'Micra', 'Blue', 124885, 24201.68, 2, 28);
INSERT INTO "Car" ("Car_ID", "Brand", "Model", "Color", "Mileage", "Price", "Car_condition_ID", "Car_dealer_ID") VALUES (524, 'Hyundai', 'Ioniq 6', 'Black', 25724, 59495.56, 2, 23);
INSERT INTO "Car" ("Car_ID", "Brand", "Model", "Color", "Mileage", "Price", "Car_condition_ID", "Car_dealer_ID") VALUES (525, 'Volkswagen', 'ID.4', 'White', 44685, 38370.56, 2, 28);
INSERT INTO "Car" ("Car_ID", "Brand", "Model", "Color", "Mileage", "Price", "Car_condition_ID", "Car_dealer_ID") VALUES (526, 'Hyundai', 'i10', 'Grey', 119433, 94816.71, 1, 13);
INSERT INTO "Car" ("Car_ID", "Brand", "Model", "Color", "Mileage", "Price", "Car_condition_ID", "Car_dealer_ID") VALUES (527, 'BMW', '540i', 'Red', 92465, 71834.79, 1, 21);
INSERT INTO "Car" ("Car_ID", "Brand", "Model", "Color", "Mileage", "Price", "Car_condition_ID", "Car_dealer_ID") VALUES (528, 'Mercedes', 'GLS', 'Blue', 65702, 14975.47, 3, 16);
INSERT INTO "Car" ("Car_ID", "Brand", "Model", "Color", "Mileage", "Price", "Car_condition_ID", "Car_dealer_ID") VALUES (529, 'Toyota', 'Land Cruiser', 'Orange', 104020, 22298.15, 2, 10);
INSERT INTO "Car" ("Car_ID", "Brand", "Model", "Color", "Mileage", "Price", "Car_condition_ID", "Car_dealer_ID") VALUES (530, 'Toyota', 'C-HR', 'Blue', 22150, 15412.44, 1, 15);
INSERT INTO "Car" ("Car_ID", "Brand", "Model", "Color", "Mileage", "Price", "Car_condition_ID", "Car_dealer_ID") VALUES (531, 'Nissan', 'Qashqai', 'Grey', 28548, 79086.85, 1, 10);
INSERT INTO "Car" ("Car_ID", "Brand", "Model", "Color", "Mileage", "Price", "Car_condition_ID", "Car_dealer_ID") VALUES (532, 'Nissan', 'Micra', 'White', 193824, 19862.26, 1, 11);
INSERT INTO "Car" ("Car_ID", "Brand", "Model", "Color", "Mileage", "Price", "Car_condition_ID", "Car_dealer_ID") VALUES (533, 'Mercedes', 'E-Class', 'Black', 33388, 38224.27, 3, 4);
INSERT INTO "Car" ("Car_ID", "Brand", "Model", "Color", "Mileage", "Price", "Car_condition_ID", "Car_dealer_ID") VALUES (534, 'Ford', 'Edge', 'Yellow', 141558, 6401.29, 3, 4);
INSERT INTO "Car" ("Car_ID", "Brand", "Model", "Color", "Mileage", "Price", "Car_condition_ID", "Car_dealer_ID") VALUES (535, 'Volkswagen', 'ID.3', 'Orange', 42329, 37817.87, 3, 2);
INSERT INTO "Car" ("Car_ID", "Brand", "Model", "Color", "Mileage", "Price", "Car_condition_ID", "Car_dealer_ID") VALUES (536, 'Audi', 'RSQ7', 'Orange', 120819, 95595.63, 1, 30);
INSERT INTO "Car" ("Car_ID", "Brand", "Model", "Color", "Mileage", "Price", "Car_condition_ID", "Car_dealer_ID") VALUES (537, 'Nissan', 'Juke', 'Blue', 64135, 86325.73, 1, 5);
INSERT INTO "Car" ("Car_ID", "Brand", "Model", "Color", "Mileage", "Price", "Car_condition_ID", "Car_dealer_ID") VALUES (538, 'Audi', 'A4', 'White', 97978, 92408.6, 1, 26);
INSERT INTO "Car" ("Car_ID", "Brand", "Model", "Color", "Mileage", "Price", "Car_condition_ID", "Car_dealer_ID") VALUES (539, 'Mercedes', 'A-Class', 'Black', 124625, 52128.43, 2, 26);
INSERT INTO "Car" ("Car_ID", "Brand", "Model", "Color", "Mileage", "Price", "Car_condition_ID", "Car_dealer_ID") VALUES (540, 'Ford', 'Kuga', 'Blue', 138105, 36195.9, 3, 21);
INSERT INTO "Car" ("Car_ID", "Brand", "Model", "Color", "Mileage", "Price", "Car_condition_ID", "Car_dealer_ID") VALUES (541, 'Kia', 'Sportage', 'Black', 78809, 58950.02, 1, 28);
INSERT INTO "Car" ("Car_ID", "Brand", "Model", "Color", "Mileage", "Price", "Car_condition_ID", "Car_dealer_ID") VALUES (542, 'Nissan', 'Navara', 'Red', 161014, 79658.02, 3, 26);
INSERT INTO "Car" ("Car_ID", "Brand", "Model", "Color", "Mileage", "Price", "Car_condition_ID", "Car_dealer_ID") VALUES (543, 'Kia', 'Stinger', 'Red', 196396, 94201.05, 1, 9);
INSERT INTO "Car" ("Car_ID", "Brand", "Model", "Color", "Mileage", "Price", "Car_condition_ID", "Car_dealer_ID") VALUES (544, 'Ford', 'Mondeo', 'Red', 179440, 29425.27, 3, 5);
INSERT INTO "Car" ("Car_ID", "Brand", "Model", "Color", "Mileage", "Price", "Car_condition_ID", "Car_dealer_ID") VALUES (545, 'BMW', 'X6', 'Orange', 143254, 99864.32, 1, 15);
INSERT INTO "Car" ("Car_ID", "Brand", "Model", "Color", "Mileage", "Price", "Car_condition_ID", "Car_dealer_ID") VALUES (546, 'Nissan', 'Navara', 'Yellow', 194225, 50644.72, 3, 17);
INSERT INTO "Car" ("Car_ID", "Brand", "Model", "Color", "Mileage", "Price", "Car_condition_ID", "Car_dealer_ID") VALUES (547, 'Nissan', 'Leaf', 'Red', 43356, 41595.15, 1, 23);
INSERT INTO "Car" ("Car_ID", "Brand", "Model", "Color", "Mileage", "Price", "Car_condition_ID", "Car_dealer_ID") VALUES (548, 'Mercedes', 'A-Class', 'Orange', 131656, 7133.06, 1, 22);
INSERT INTO "Car" ("Car_ID", "Brand", "Model", "Color", "Mileage", "Price", "Car_condition_ID", "Car_dealer_ID") VALUES (549, 'Volkswagen', 'ID.Buzz', 'Red', 180299, 28635.96, 2, 1);
INSERT INTO "Car" ("Car_ID", "Brand", "Model", "Color", "Mileage", "Price", "Car_condition_ID", "Car_dealer_ID") VALUES (550, 'Volkswagen', 'Touareg', 'Silver', 107111, 82116.68, 3, 2);
INSERT INTO "Car" ("Car_ID", "Brand", "Model", "Color", "Mileage", "Price", "Car_condition_ID", "Car_dealer_ID") VALUES (551, 'BMW', '440i', 'Black', 166160, 68764.0, 3, 17);
INSERT INTO "Car" ("Car_ID", "Brand", "Model", "Color", "Mileage", "Price", "Car_condition_ID", "Car_dealer_ID") VALUES (552, 'Volkswagen', 'Passat', 'White', 118651, 87154.59, 1, 15);
INSERT INTO "Car" ("Car_ID", "Brand", "Model", "Color", "Mileage", "Price", "Car_condition_ID", "Car_dealer_ID") VALUES (553, 'Toyota', 'Corolla', 'Yellow', 28427, 73401.83, 2, 2);
INSERT INTO "Car" ("Car_ID", "Brand", "Model", "Color", "Mileage", "Price", "Car_condition_ID", "Car_dealer_ID") VALUES (554, 'BMW', 'X7', 'Red', 147150, 72259.76, 1, 28);
INSERT INTO "Car" ("Car_ID", "Brand", "Model", "Color", "Mileage", "Price", "Car_condition_ID", "Car_dealer_ID") VALUES (555, 'Mercedes', 'A-Class', 'Green', 165608, 90506.44, 3, 21);
INSERT INTO "Car" ("Car_ID", "Brand", "Model", "Color", "Mileage", "Price", "Car_condition_ID", "Car_dealer_ID") VALUES (556, 'Volkswagen', 'T-Cross', 'Silver', 108167, 41958.68, 3, 27);
INSERT INTO "Car" ("Car_ID", "Brand", "Model", "Color", "Mileage", "Price", "Car_condition_ID", "Car_dealer_ID") VALUES (557, 'Audi', 'RSQ5', 'White', 7583, 64305.5, 3, 12);
INSERT INTO "Car" ("Car_ID", "Brand", "Model", "Color", "Mileage", "Price", "Car_condition_ID", "Car_dealer_ID") VALUES (558, 'Nissan', 'Micra', 'Black', 169459, 47261.52, 2, 17);
INSERT INTO "Car" ("Car_ID", "Brand", "Model", "Color", "Mileage", "Price", "Car_condition_ID", "Car_dealer_ID") VALUES (559, 'BMW', 'X6', 'Yellow', 89792, 32435.19, 2, 23);
INSERT INTO "Car" ("Car_ID", "Brand", "Model", "Color", "Mileage", "Price", "Car_condition_ID", "Car_dealer_ID") VALUES (560, 'Mercedes', 'CLA', 'Silver', 120888, 96346.87, 1, 22);
INSERT INTO "Car" ("Car_ID", "Brand", "Model", "Color", "Mileage", "Price", "Car_condition_ID", "Car_dealer_ID") VALUES (561, 'Volkswagen', 'ID.3', 'Green', 162431, 10012.27, 3, 1);
INSERT INTO "Car" ("Car_ID", "Brand", "Model", "Color", "Mileage", "Price", "Car_condition_ID", "Car_dealer_ID") VALUES (562, 'Kia', 'Sportage', 'Orange', 188610, 69882.71, 3, 10);
INSERT INTO "Car" ("Car_ID", "Brand", "Model", "Color", "Mileage", "Price", "Car_condition_ID", "Car_dealer_ID") VALUES (563, 'Audi', 'S5', 'Blue', 64873, 62563.14, 2, 25);
INSERT INTO "Car" ("Car_ID", "Brand", "Model", "Color", "Mileage", "Price", "Car_condition_ID", "Car_dealer_ID") VALUES (564, 'Toyota', 'Supra', 'Blue', 199652, 89049.05, 1, 22);
INSERT INTO "Car" ("Car_ID", "Brand", "Model", "Color", "Mileage", "Price", "Car_condition_ID", "Car_dealer_ID") VALUES (565, 'Nissan', 'Navara', 'Black', 25244, 17262.12, 2, 8);
INSERT INTO "Car" ("Car_ID", "Brand", "Model", "Color", "Mileage", "Price", "Car_condition_ID", "Car_dealer_ID") VALUES (566, 'Mercedes', 'CLA', 'Yellow', 114605, 32521.74, 3, 20);
INSERT INTO "Car" ("Car_ID", "Brand", "Model", "Color", "Mileage", "Price", "Car_condition_ID", "Car_dealer_ID") VALUES (567, 'Mercedes', 'GLC', 'Grey', 35269, 77045.7, 3, 23);
INSERT INTO "Car" ("Car_ID", "Brand", "Model", "Color", "Mileage", "Price", "Car_condition_ID", "Car_dealer_ID") VALUES (568, 'BMW', 'M8', 'White', 183504, 31675.13, 3, 25);
INSERT INTO "Car" ("Car_ID", "Brand", "Model", "Color", "Mileage", "Price", "Car_condition_ID", "Car_dealer_ID") VALUES (569, 'Nissan', 'Navara', 'Red', 23272, 78450.15, 2, 28);
INSERT INTO "Car" ("Car_ID", "Brand", "Model", "Color", "Mileage", "Price", "Car_condition_ID", "Car_dealer_ID") VALUES (570, 'Hyundai', 'Ioniq 5', 'White', 1511, 81908.1, 1, 2);
INSERT INTO "Car" ("Car_ID", "Brand", "Model", "Color", "Mileage", "Price", "Car_condition_ID", "Car_dealer_ID") VALUES (571, 'BMW', 'X1', 'Green', 36904, 92295.57, 1, 6);
INSERT INTO "Car" ("Car_ID", "Brand", "Model", "Color", "Mileage", "Price", "Car_condition_ID", "Car_dealer_ID") VALUES (572, 'BMW', '540i', 'Red', 109221, 15581.96, 1, 25);
INSERT INTO "Car" ("Car_ID", "Brand", "Model", "Color", "Mileage", "Price", "Car_condition_ID", "Car_dealer_ID") VALUES (573, 'Toyota', 'RAV4', 'Yellow', 192254, 70933.73, 3, 22);
INSERT INTO "Car" ("Car_ID", "Brand", "Model", "Color", "Mileage", "Price", "Car_condition_ID", "Car_dealer_ID") VALUES (574, 'Hyundai', 'i10', 'Blue', 150237, 5085.24, 3, 18);
INSERT INTO "Car" ("Car_ID", "Brand", "Model", "Color", "Mileage", "Price", "Car_condition_ID", "Car_dealer_ID") VALUES (575, 'Hyundai', 'i20', 'Blue', 161292, 97920.13, 3, 16);
INSERT INTO "Car" ("Car_ID", "Brand", "Model", "Color", "Mileage", "Price", "Car_condition_ID", "Car_dealer_ID") VALUES (576, 'Mercedes', 'GLA', 'White', 126418, 65177.89, 2, 27);
INSERT INTO "Car" ("Car_ID", "Brand", "Model", "Color", "Mileage", "Price", "Car_condition_ID", "Car_dealer_ID") VALUES (577, 'Hyundai', 'i10', 'Blue', 45537, 40321.03, 3, 25);
INSERT INTO "Car" ("Car_ID", "Brand", "Model", "Color", "Mileage", "Price", "Car_condition_ID", "Car_dealer_ID") VALUES (578, 'Volkswagen', 'ID.4', 'Green', 158990, 58305.02, 1, 28);
INSERT INTO "Car" ("Car_ID", "Brand", "Model", "Color", "Mileage", "Price", "Car_condition_ID", "Car_dealer_ID") VALUES (579, 'BMW', 'X3', 'Grey', 49617, 69206.62, 3, 11);
INSERT INTO "Car" ("Car_ID", "Brand", "Model", "Color", "Mileage", "Price", "Car_condition_ID", "Car_dealer_ID") VALUES (580, 'Audi', 'Q8', 'White', 140180, 61631.49, 1, 12);
INSERT INTO "Car" ("Car_ID", "Brand", "Model", "Color", "Mileage", "Price", "Car_condition_ID", "Car_dealer_ID") VALUES (581, 'Audi', 'A4', 'Silver', 144111, 81049.36, 3, 6);
INSERT INTO "Car" ("Car_ID", "Brand", "Model", "Color", "Mileage", "Price", "Car_condition_ID", "Car_dealer_ID") VALUES (582, 'Volkswagen', 'Touareg', 'Green', 99335, 20119.07, 3, 29);
INSERT INTO "Car" ("Car_ID", "Brand", "Model", "Color", "Mileage", "Price", "Car_condition_ID", "Car_dealer_ID") VALUES (583, 'Mercedes', 'A-Class', 'White', 108430, 6341.89, 1, 6);
INSERT INTO "Car" ("Car_ID", "Brand", "Model", "Color", "Mileage", "Price", "Car_condition_ID", "Car_dealer_ID") VALUES (584, 'Mercedes', 'S-Class', 'White', 100601, 37385.26, 2, 7);
INSERT INTO "Car" ("Car_ID", "Brand", "Model", "Color", "Mileage", "Price", "Car_condition_ID", "Car_dealer_ID") VALUES (585, 'Hyundai', 'Tucson', 'Yellow', 126504, 83219.94, 3, 16);
INSERT INTO "Car" ("Car_ID", "Brand", "Model", "Color", "Mileage", "Price", "Car_condition_ID", "Car_dealer_ID") VALUES (586, 'BMW', 'M3', 'Blue', 69608, 97971.84, 1, 6);
INSERT INTO "Car" ("Car_ID", "Brand", "Model", "Color", "Mileage", "Price", "Car_condition_ID", "Car_dealer_ID") VALUES (587, 'BMW', 'M3', 'Yellow', 75824, 10692.75, 2, 23);
INSERT INTO "Car" ("Car_ID", "Brand", "Model", "Color", "Mileage", "Price", "Car_condition_ID", "Car_dealer_ID") VALUES (588, 'BMW', 'X5', 'Green', 112653, 62139.24, 3, 14);
INSERT INTO "Car" ("Car_ID", "Brand", "Model", "Color", "Mileage", "Price", "Car_condition_ID", "Car_dealer_ID") VALUES (589, 'Mercedes', 'E-Class', 'Blue', 6328, 67237.23, 3, 28);
INSERT INTO "Car" ("Car_ID", "Brand", "Model", "Color", "Mileage", "Price", "Car_condition_ID", "Car_dealer_ID") VALUES (590, 'Hyundai', 'Tucson', 'Silver', 39990, 76703.64, 2, 15);
INSERT INTO "Car" ("Car_ID", "Brand", "Model", "Color", "Mileage", "Price", "Car_condition_ID", "Car_dealer_ID") VALUES (591, 'Toyota', 'Yaris', 'White', 55708, 49908.86, 2, 18);
INSERT INTO "Car" ("Car_ID", "Brand", "Model", "Color", "Mileage", "Price", "Car_condition_ID", "Car_dealer_ID") VALUES (592, 'Mercedes', 'GLS', 'Black', 67958, 35414.19, 2, 19);
INSERT INTO "Car" ("Car_ID", "Brand", "Model", "Color", "Mileage", "Price", "Car_condition_ID", "Car_dealer_ID") VALUES (593, 'Toyota', 'Camry', 'Grey', 3753, 14003.34, 3, 20);
INSERT INTO "Car" ("Car_ID", "Brand", "Model", "Color", "Mileage", "Price", "Car_condition_ID", "Car_dealer_ID") VALUES (594, 'Ford', 'Explorer', 'Grey', 42350, 16307.46, 2, 29);
INSERT INTO "Car" ("Car_ID", "Brand", "Model", "Color", "Mileage", "Price", "Car_condition_ID", "Car_dealer_ID") VALUES (595, 'BMW', '435i', 'Grey', 68435, 45209.62, 2, 11);
INSERT INTO "Car" ("Car_ID", "Brand", "Model", "Color", "Mileage", "Price", "Car_condition_ID", "Car_dealer_ID") VALUES (596, 'Audi', 'A7', 'Silver', 57327, 95694.47, 1, 4);
INSERT INTO "Car" ("Car_ID", "Brand", "Model", "Color", "Mileage", "Price", "Car_condition_ID", "Car_dealer_ID") VALUES (597, 'Kia', 'EV6', 'Black', 110289, 28633.67, 2, 3);
INSERT INTO "Car" ("Car_ID", "Brand", "Model", "Color", "Mileage", "Price", "Car_condition_ID", "Car_dealer_ID") VALUES (598, 'Hyundai', 'i30', 'Green', 81731, 17864.69, 2, 4);
INSERT INTO "Car" ("Car_ID", "Brand", "Model", "Color", "Mileage", "Price", "Car_condition_ID", "Car_dealer_ID") VALUES (599, 'Volkswagen', 'T-Cross', 'Green', 170050, 47436.09, 2, 1);
INSERT INTO "Car" ("Car_ID", "Brand", "Model", "Color", "Mileage", "Price", "Car_condition_ID", "Car_dealer_ID") VALUES (600, 'Toyota', 'Supra', 'Green', 15958, 82833.1, 3, 20);
INSERT INTO "Position_history" ("Position_history_ID", "Date_start", "Date_end", "Position_ID", "Employee_ID") VALUES (1, '2019-12-11', NULL, 1, 1);
INSERT INTO "Position_history" ("Position_history_ID", "Date_start", "Date_end", "Position_ID", "Employee_ID") VALUES (2, '2015-09-19', NULL, 1, 2);
INSERT INTO "Position_history" ("Position_history_ID", "Date_start", "Date_end", "Position_ID", "Employee_ID") VALUES (3, '2015-08-07', NULL, 1, 3);
INSERT INTO "Position_history" ("Position_history_ID", "Date_start", "Date_end", "Position_ID", "Employee_ID") VALUES (4, '2020-01-14', NULL, 3, 4);
INSERT INTO "Position_history" ("Position_history_ID", "Date_start", "Date_end", "Position_ID", "Employee_ID") VALUES (5, '2020-03-26', NULL, 1, 5);
INSERT INTO "Position_history" ("Position_history_ID", "Date_start", "Date_end", "Position_ID", "Employee_ID") VALUES (6, '2014-06-18', NULL, 1, 6);
INSERT INTO "Position_history" ("Position_history_ID", "Date_start", "Date_end", "Position_ID", "Employee_ID") VALUES (7, '2020-06-10', NULL, 2, 7);
INSERT INTO "Position_history" ("Position_history_ID", "Date_start", "Date_end", "Position_ID", "Employee_ID") VALUES (8, '2020-04-02', NULL, 2, 8);
INSERT INTO "Position_history" ("Position_history_ID", "Date_start", "Date_end", "Position_ID", "Employee_ID") VALUES (9, '2022-08-27', NULL, 3, 9);
INSERT INTO "Position_history" ("Position_history_ID", "Date_start", "Date_end", "Position_ID", "Employee_ID") VALUES (10, '2024-02-05', NULL, 3, 10);
INSERT INTO "Position_history" ("Position_history_ID", "Date_start", "Date_end", "Position_ID", "Employee_ID") VALUES (11, '2021-11-03', NULL, 1, 11);
INSERT INTO "Position_history" ("Position_history_ID", "Date_start", "Date_end", "Position_ID", "Employee_ID") VALUES (12, '2015-11-22', NULL, 1, 12);
INSERT INTO "Position_history" ("Position_history_ID", "Date_start", "Date_end", "Position_ID", "Employee_ID") VALUES (13, '2018-08-26', NULL, 3, 13);
INSERT INTO "Position_history" ("Position_history_ID", "Date_start", "Date_end", "Position_ID", "Employee_ID") VALUES (14, '2018-10-15', NULL, 3, 14);
INSERT INTO "Position_history" ("Position_history_ID", "Date_start", "Date_end", "Position_ID", "Employee_ID") VALUES (15, '2017-10-09', NULL, 1, 15);
INSERT INTO "Position_history" ("Position_history_ID", "Date_start", "Date_end", "Position_ID", "Employee_ID") VALUES (16, '2016-06-29', NULL, 3, 16);
INSERT INTO "Position_history" ("Position_history_ID", "Date_start", "Date_end", "Position_ID", "Employee_ID") VALUES (17, '2014-04-25', NULL, 1, 17);
INSERT INTO "Position_history" ("Position_history_ID", "Date_start", "Date_end", "Position_ID", "Employee_ID") VALUES (18, '2018-09-19', NULL, 3, 18);
INSERT INTO "Position_history" ("Position_history_ID", "Date_start", "Date_end", "Position_ID", "Employee_ID") VALUES (19, '2019-03-28', NULL, 3, 19);
INSERT INTO "Position_history" ("Position_history_ID", "Date_start", "Date_end", "Position_ID", "Employee_ID") VALUES (20, '2020-12-04', NULL, 2, 20);
INSERT INTO "Position_history" ("Position_history_ID", "Date_start", "Date_end", "Position_ID", "Employee_ID") VALUES (21, '2017-02-09', NULL, 2, 21);
INSERT INTO "Position_history" ("Position_history_ID", "Date_start", "Date_end", "Position_ID", "Employee_ID") VALUES (22, '2023-11-22', NULL, 1, 22);
INSERT INTO "Position_history" ("Position_history_ID", "Date_start", "Date_end", "Position_ID", "Employee_ID") VALUES (23, '2017-09-17', NULL, 2, 23);
INSERT INTO "Position_history" ("Position_history_ID", "Date_start", "Date_end", "Position_ID", "Employee_ID") VALUES (24, '2016-06-04', NULL, 2, 24);
INSERT INTO "Position_history" ("Position_history_ID", "Date_start", "Date_end", "Position_ID", "Employee_ID") VALUES (25, '2017-06-08', NULL, 3, 25);
INSERT INTO "Position_history" ("Position_history_ID", "Date_start", "Date_end", "Position_ID", "Employee_ID") VALUES (26, '2020-01-15', NULL, 3, 26);
INSERT INTO "Position_history" ("Position_history_ID", "Date_start", "Date_end", "Position_ID", "Employee_ID") VALUES (27, '2022-05-02', NULL, 3, 27);
INSERT INTO "Position_history" ("Position_history_ID", "Date_start", "Date_end", "Position_ID", "Employee_ID") VALUES (28, '2024-12-18', NULL, 1, 28);
INSERT INTO "Position_history" ("Position_history_ID", "Date_start", "Date_end", "Position_ID", "Employee_ID") VALUES (29, '2023-08-21', NULL, 1, 29);
INSERT INTO "Position_history" ("Position_history_ID", "Date_start", "Date_end", "Position_ID", "Employee_ID") VALUES (30, '2015-10-13', NULL, 1, 30);
INSERT INTO "Position_history" ("Position_history_ID", "Date_start", "Date_end", "Position_ID", "Employee_ID") VALUES (31, '2024-07-23', NULL, 1, 31);
INSERT INTO "Position_history" ("Position_history_ID", "Date_start", "Date_end", "Position_ID", "Employee_ID") VALUES (32, '2021-03-18', NULL, 1, 32);
INSERT INTO "Position_history" ("Position_history_ID", "Date_start", "Date_end", "Position_ID", "Employee_ID") VALUES (33, '2022-06-05', NULL, 3, 33);
INSERT INTO "Position_history" ("Position_history_ID", "Date_start", "Date_end", "Position_ID", "Employee_ID") VALUES (34, '2022-05-31', NULL, 3, 34);
INSERT INTO "Position_history" ("Position_history_ID", "Date_start", "Date_end", "Position_ID", "Employee_ID") VALUES (35, '2018-09-29', NULL, 3, 35);
INSERT INTO "Position_history" ("Position_history_ID", "Date_start", "Date_end", "Position_ID", "Employee_ID") VALUES (36, '2024-12-17', NULL, 1, 36);
INSERT INTO "Position_history" ("Position_history_ID", "Date_start", "Date_end", "Position_ID", "Employee_ID") VALUES (37, '2015-08-10', NULL, 3, 37);
INSERT INTO "Position_history" ("Position_history_ID", "Date_start", "Date_end", "Position_ID", "Employee_ID") VALUES (38, '2023-02-18', NULL, 2, 38);
INSERT INTO "Position_history" ("Position_history_ID", "Date_start", "Date_end", "Position_ID", "Employee_ID") VALUES (39, '2019-11-23', NULL, 3, 39);
INSERT INTO "Position_history" ("Position_history_ID", "Date_start", "Date_end", "Position_ID", "Employee_ID") VALUES (40, '2019-07-27', NULL, 2, 40);
INSERT INTO "Position_history" ("Position_history_ID", "Date_start", "Date_end", "Position_ID", "Employee_ID") VALUES (41, '2015-09-07', NULL, 3, 41);
INSERT INTO "Position_history" ("Position_history_ID", "Date_start", "Date_end", "Position_ID", "Employee_ID") VALUES (42, '2018-12-20', NULL, 3, 42);
INSERT INTO "Position_history" ("Position_history_ID", "Date_start", "Date_end", "Position_ID", "Employee_ID") VALUES (43, '2020-08-15', NULL, 2, 43);
INSERT INTO "Position_history" ("Position_history_ID", "Date_start", "Date_end", "Position_ID", "Employee_ID") VALUES (44, '2020-04-06', NULL, 2, 44);
INSERT INTO "Position_history" ("Position_history_ID", "Date_start", "Date_end", "Position_ID", "Employee_ID") VALUES (45, '2022-10-15', NULL, 2, 45);
INSERT INTO "Position_history" ("Position_history_ID", "Date_start", "Date_end", "Position_ID", "Employee_ID") VALUES (46, '2021-09-16', NULL, 2, 46);
INSERT INTO "Position_history" ("Position_history_ID", "Date_start", "Date_end", "Position_ID", "Employee_ID") VALUES (47, '2016-11-07', NULL, 1, 47);
INSERT INTO "Position_history" ("Position_history_ID", "Date_start", "Date_end", "Position_ID", "Employee_ID") VALUES (48, '2016-12-23', NULL, 3, 48);
INSERT INTO "Position_history" ("Position_history_ID", "Date_start", "Date_end", "Position_ID", "Employee_ID") VALUES (49, '2024-02-19', NULL, 3, 49);
INSERT INTO "Position_history" ("Position_history_ID", "Date_start", "Date_end", "Position_ID", "Employee_ID") VALUES (50, '2014-10-22', NULL, 2, 50);
INSERT INTO "Position_history" ("Position_history_ID", "Date_start", "Date_end", "Position_ID", "Employee_ID") VALUES (51, '2014-04-30', NULL, 2, 51);
INSERT INTO "Position_history" ("Position_history_ID", "Date_start", "Date_end", "Position_ID", "Employee_ID") VALUES (52, '2014-10-07', NULL, 2, 52);
INSERT INTO "Position_history" ("Position_history_ID", "Date_start", "Date_end", "Position_ID", "Employee_ID") VALUES (53, '2017-12-04', NULL, 1, 53);
INSERT INTO "Position_history" ("Position_history_ID", "Date_start", "Date_end", "Position_ID", "Employee_ID") VALUES (54, '2017-08-04', NULL, 3, 54);
INSERT INTO "Position_history" ("Position_history_ID", "Date_start", "Date_end", "Position_ID", "Employee_ID") VALUES (55, '2020-01-20', NULL, 1, 55);
INSERT INTO "Position_history" ("Position_history_ID", "Date_start", "Date_end", "Position_ID", "Employee_ID") VALUES (56, '2023-06-04', NULL, 1, 56);
INSERT INTO "Position_history" ("Position_history_ID", "Date_start", "Date_end", "Position_ID", "Employee_ID") VALUES (57, '2020-06-03', NULL, 1, 57);
INSERT INTO "Position_history" ("Position_history_ID", "Date_start", "Date_end", "Position_ID", "Employee_ID") VALUES (58, '2016-07-18', NULL, 3, 58);
INSERT INTO "Position_history" ("Position_history_ID", "Date_start", "Date_end", "Position_ID", "Employee_ID") VALUES (59, '2015-06-30', NULL, 1, 59);
INSERT INTO "Position_history" ("Position_history_ID", "Date_start", "Date_end", "Position_ID", "Employee_ID") VALUES (60, '2020-12-08', NULL, 2, 60);
INSERT INTO "Position_history" ("Position_history_ID", "Date_start", "Date_end", "Position_ID", "Employee_ID") VALUES (61, '2022-05-25', NULL, 1, 61);
INSERT INTO "Position_history" ("Position_history_ID", "Date_start", "Date_end", "Position_ID", "Employee_ID") VALUES (62, '2017-11-18', NULL, 2, 62);
INSERT INTO "Position_history" ("Position_history_ID", "Date_start", "Date_end", "Position_ID", "Employee_ID") VALUES (63, '2023-03-17', NULL, 2, 63);
INSERT INTO "Position_history" ("Position_history_ID", "Date_start", "Date_end", "Position_ID", "Employee_ID") VALUES (64, '2018-10-05', NULL, 1, 64);
INSERT INTO "Position_history" ("Position_history_ID", "Date_start", "Date_end", "Position_ID", "Employee_ID") VALUES (65, '2024-08-28', NULL, 2, 65);
INSERT INTO "Position_history" ("Position_history_ID", "Date_start", "Date_end", "Position_ID", "Employee_ID") VALUES (66, '2019-10-28', NULL, 1, 66);
INSERT INTO "Position_history" ("Position_history_ID", "Date_start", "Date_end", "Position_ID", "Employee_ID") VALUES (67, '2024-01-26', NULL, 1, 67);
INSERT INTO "Position_history" ("Position_history_ID", "Date_start", "Date_end", "Position_ID", "Employee_ID") VALUES (68, '2022-07-12', NULL, 2, 68);
INSERT INTO "Position_history" ("Position_history_ID", "Date_start", "Date_end", "Position_ID", "Employee_ID") VALUES (69, '2024-04-06', NULL, 2, 69);
INSERT INTO "Position_history" ("Position_history_ID", "Date_start", "Date_end", "Position_ID", "Employee_ID") VALUES (70, '2014-01-19', NULL, 1, 70);
INSERT INTO "Position_history" ("Position_history_ID", "Date_start", "Date_end", "Position_ID", "Employee_ID") VALUES (71, '2024-04-16', NULL, 1, 71);
INSERT INTO "Position_history" ("Position_history_ID", "Date_start", "Date_end", "Position_ID", "Employee_ID") VALUES (72, '2017-12-28', NULL, 3, 72);
INSERT INTO "Position_history" ("Position_history_ID", "Date_start", "Date_end", "Position_ID", "Employee_ID") VALUES (73, '2023-12-12', NULL, 1, 73);
INSERT INTO "Position_history" ("Position_history_ID", "Date_start", "Date_end", "Position_ID", "Employee_ID") VALUES (74, '2024-01-04', NULL, 3, 74);
INSERT INTO "Position_history" ("Position_history_ID", "Date_start", "Date_end", "Position_ID", "Employee_ID") VALUES (75, '2014-11-19', NULL, 3, 75);
INSERT INTO "Position_history" ("Position_history_ID", "Date_start", "Date_end", "Position_ID", "Employee_ID") VALUES (76, '2023-02-28', NULL, 2, 76);
INSERT INTO "Position_history" ("Position_history_ID", "Date_start", "Date_end", "Position_ID", "Employee_ID") VALUES (77, '2015-09-19', NULL, 3, 77);
INSERT INTO "Position_history" ("Position_history_ID", "Date_start", "Date_end", "Position_ID", "Employee_ID") VALUES (78, '2018-04-01', NULL, 1, 78);
INSERT INTO "Position_history" ("Position_history_ID", "Date_start", "Date_end", "Position_ID", "Employee_ID") VALUES (79, '2018-03-10', NULL, 2, 79);
INSERT INTO "Position_history" ("Position_history_ID", "Date_start", "Date_end", "Position_ID", "Employee_ID") VALUES (80, '2021-01-21', NULL, 1, 80);
INSERT INTO "Position_history" ("Position_history_ID", "Date_start", "Date_end", "Position_ID", "Employee_ID") VALUES (81, '2020-08-27', NULL, 1, 81);
INSERT INTO "Position_history" ("Position_history_ID", "Date_start", "Date_end", "Position_ID", "Employee_ID") VALUES (82, '2023-10-13', NULL, 2, 82);
INSERT INTO "Position_history" ("Position_history_ID", "Date_start", "Date_end", "Position_ID", "Employee_ID") VALUES (83, '2020-04-03', NULL, 1, 83);
INSERT INTO "Position_history" ("Position_history_ID", "Date_start", "Date_end", "Position_ID", "Employee_ID") VALUES (84, '2022-03-05', NULL, 1, 84);
INSERT INTO "Position_history" ("Position_history_ID", "Date_start", "Date_end", "Position_ID", "Employee_ID") VALUES (85, '2016-03-25', NULL, 2, 85);
INSERT INTO "Position_history" ("Position_history_ID", "Date_start", "Date_end", "Position_ID", "Employee_ID") VALUES (86, '2020-12-09', NULL, 2, 86);
INSERT INTO "Position_history" ("Position_history_ID", "Date_start", "Date_end", "Position_ID", "Employee_ID") VALUES (87, '2019-09-01', NULL, 3, 87);
INSERT INTO "Position_history" ("Position_history_ID", "Date_start", "Date_end", "Position_ID", "Employee_ID") VALUES (88, '2023-07-15', NULL, 2, 88);
INSERT INTO "Position_history" ("Position_history_ID", "Date_start", "Date_end", "Position_ID", "Employee_ID") VALUES (89, '2018-11-22', NULL, 1, 89);
INSERT INTO "Position_history" ("Position_history_ID", "Date_start", "Date_end", "Position_ID", "Employee_ID") VALUES (90, '2020-10-24', NULL, 2, 90);
INSERT INTO "Position_history" ("Position_history_ID", "Date_start", "Date_end", "Position_ID", "Employee_ID") VALUES (91, '2017-11-03', NULL, 1, 91);
INSERT INTO "Position_history" ("Position_history_ID", "Date_start", "Date_end", "Position_ID", "Employee_ID") VALUES (92, '2021-02-19', NULL, 2, 92);
INSERT INTO "Position_history" ("Position_history_ID", "Date_start", "Date_end", "Position_ID", "Employee_ID") VALUES (93, '2023-04-03', NULL, 3, 93);
INSERT INTO "Position_history" ("Position_history_ID", "Date_start", "Date_end", "Position_ID", "Employee_ID") VALUES (94, '2022-06-14', NULL, 1, 94);
INSERT INTO "Position_history" ("Position_history_ID", "Date_start", "Date_end", "Position_ID", "Employee_ID") VALUES (95, '2016-06-23', NULL, 2, 95);
INSERT INTO "Position_history" ("Position_history_ID", "Date_start", "Date_end", "Position_ID", "Employee_ID") VALUES (96, '2014-05-26', NULL, 1, 96);
INSERT INTO "Position_history" ("Position_history_ID", "Date_start", "Date_end", "Position_ID", "Employee_ID") VALUES (97, '2017-12-29', NULL, 3, 97);
INSERT INTO "Position_history" ("Position_history_ID", "Date_start", "Date_end", "Position_ID", "Employee_ID") VALUES (98, '2022-03-05', NULL, 3, 98);
INSERT INTO "Position_history" ("Position_history_ID", "Date_start", "Date_end", "Position_ID", "Employee_ID") VALUES (99, '2017-08-16', NULL, 3, 99);
INSERT INTO "Position_history" ("Position_history_ID", "Date_start", "Date_end", "Position_ID", "Employee_ID") VALUES (100, '2018-06-22', NULL, 2, 100);
