INSERT INTO "City" ("City_ID", "Name", "Country") VALUES (1, 'Warszawa', 'Poland');
INSERT INTO "City" ("City_ID", "Name", "Country") VALUES (2, 'Kraków', 'Poland');
INSERT INTO "City" ("City_ID", "Name", "Country") VALUES (3, 'Łódź', 'Poland');
INSERT INTO "City" ("City_ID", "Name", "Country") VALUES (4, 'Wrocław', 'Poland');
INSERT INTO "City" ("City_ID", "Name", "Country") VALUES (5, 'Poznań', 'Poland');
INSERT INTO "City" ("City_ID", "Name", "Country") VALUES (6, 'Gdańsk', 'Poland');
INSERT INTO "City" ("City_ID", "Name", "Country") VALUES (7, 'Szczecin', 'Poland');
INSERT INTO "City" ("City_ID", "Name", "Country") VALUES (8, 'Bydgoszcz', 'Poland');
INSERT INTO "City" ("City_ID", "Name", "Country") VALUES (9, 'Lublin', 'Poland');
INSERT INTO "City" ("City_ID", "Name", "Country") VALUES (10, 'Białystok', 'Poland');
INSERT INTO "City" ("City_ID", "Name", "Country") VALUES (11, 'Berlin', 'Germany');
INSERT INTO "City" ("City_ID", "Name", "Country") VALUES (12, 'München', 'Germany');
INSERT INTO "City" ("City_ID", "Name", "Country") VALUES (13, 'Hamburg', 'Germany');
INSERT INTO "City" ("City_ID", "Name", "Country") VALUES (14, 'Köln', 'Germany');
INSERT INTO "City" ("City_ID", "Name", "Country") VALUES (15, 'Frankfurt am Main', 'Germany');
INSERT INTO "City" ("City_ID", "Name", "Country") VALUES (16, 'Stuttgart', 'Germany');
INSERT INTO "City" ("City_ID", "Name", "Country") VALUES (17, 'Düsseldorf', 'Germany');
INSERT INTO "City" ("City_ID", "Name", "Country") VALUES (18, 'Dresden', 'Germany');
INSERT INTO "City" ("City_ID", "Name", "Country") VALUES (19, 'Leipzig', 'Germany');
INSERT INTO "City" ("City_ID", "Name", "Country") VALUES (20, 'Hannover', 'Germany');
INSERT INTO "City" ("City_ID", "Name", "Country") VALUES (21, 'Paris', 'France');
INSERT INTO "City" ("City_ID", "Name", "Country") VALUES (22, 'Marseille', 'France');
INSERT INTO "City" ("City_ID", "Name", "Country") VALUES (23, 'Lyon', 'France');
INSERT INTO "City" ("City_ID", "Name", "Country") VALUES (24, 'Toulouse', 'France');
INSERT INTO "City" ("City_ID", "Name", "Country") VALUES (25, 'Nice', 'France');
INSERT INTO "City" ("City_ID", "Name", "Country") VALUES (26, 'Nantes', 'France');
INSERT INTO "City" ("City_ID", "Name", "Country") VALUES (27, 'Strasbourg', 'France');
INSERT INTO "City" ("City_ID", "Name", "Country") VALUES (28, 'Montpellier', 'France');
INSERT INTO "City" ("City_ID", "Name", "Country") VALUES (29, 'Bordeaux', 'France');
INSERT INTO "City" ("City_ID", "Name", "Country") VALUES (30, 'Lille', 'France');
INSERT INTO "City" ("City_ID", "Name", "Country") VALUES (31, 'London', 'United Kingdom');
INSERT INTO "City" ("City_ID", "Name", "Country") VALUES (32, 'Birmingham', 'United Kingdom');
INSERT INTO "City" ("City_ID", "Name", "Country") VALUES (33, 'Manchester', 'United Kingdom');
INSERT INTO "City" ("City_ID", "Name", "Country") VALUES (34, 'Glasgow', 'United Kingdom');
INSERT INTO "City" ("City_ID", "Name", "Country") VALUES (35, 'Leeds', 'United Kingdom');
INSERT INTO "City" ("City_ID", "Name", "Country") VALUES (36, 'Liverpool', 'United Kingdom');
INSERT INTO "City" ("City_ID", "Name", "Country") VALUES (37, 'Bristol', 'United Kingdom');
INSERT INTO "City" ("City_ID", "Name", "Country") VALUES (38, 'Edinburgh', 'United Kingdom');
INSERT INTO "City" ("City_ID", "Name", "Country") VALUES (39, 'Sheffield', 'United Kingdom');
INSERT INTO "City" ("City_ID", "Name", "Country") VALUES (40, 'Cardiff', 'United Kingdom');
INSERT INTO "City" ("City_ID", "Name", "Country") VALUES (41, 'Roma', 'Italy');
INSERT INTO "City" ("City_ID", "Name", "Country") VALUES (42, 'Milano', 'Italy');
INSERT INTO "City" ("City_ID", "Name", "Country") VALUES (43, 'Napoli', 'Italy');
INSERT INTO "City" ("City_ID", "Name", "Country") VALUES (44, 'Torino', 'Italy');
INSERT INTO "City" ("City_ID", "Name", "Country") VALUES (45, 'Palermo', 'Italy');
INSERT INTO "City" ("City_ID", "Name", "Country") VALUES (46, 'Genova', 'Italy');
INSERT INTO "City" ("City_ID", "Name", "Country") VALUES (47, 'Bologna', 'Italy');
INSERT INTO "City" ("City_ID", "Name", "Country") VALUES (48, 'Firenze', 'Italy');
INSERT INTO "City" ("City_ID", "Name", "Country") VALUES (49, 'Bari', 'Italy');
INSERT INTO "City" ("City_ID", "Name", "Country") VALUES (50, 'Catania', 'Italy');
INSERT INTO "City" ("City_ID", "Name", "Country") VALUES (51, 'Madrid', 'Spain');
INSERT INTO "City" ("City_ID", "Name", "Country") VALUES (52, 'Barcelona', 'Spain');
INSERT INTO "City" ("City_ID", "Name", "Country") VALUES (53, 'Valencia', 'Spain');
INSERT INTO "City" ("City_ID", "Name", "Country") VALUES (54, 'Sevilla', 'Spain');
INSERT INTO "City" ("City_ID", "Name", "Country") VALUES (55, 'Zaragoza', 'Spain');
INSERT INTO "City" ("City_ID", "Name", "Country") VALUES (56, 'Málaga', 'Spain');
INSERT INTO "City" ("City_ID", "Name", "Country") VALUES (57, 'Murcia', 'Spain');
INSERT INTO "City" ("City_ID", "Name", "Country") VALUES (58, 'Palma', 'Spain');
INSERT INTO "City" ("City_ID", "Name", "Country") VALUES (59, 'Bilbao', 'Spain');
INSERT INTO "City" ("City_ID", "Name", "Country") VALUES (60, 'Alicante', 'Spain');
INSERT INTO "Address" ("Address_ID", "Postcode", "Street", "Street_number", "City_ID") VALUES (1, '89514', 'ul. Długa', 43, 2);
INSERT INTO "Address" ("Address_ID", "Postcode", "Street", "Street_number", "City_ID") VALUES (2, '29918', 'ul. Wojska Polskiego', 22, 7);
INSERT INTO "Address" ("Address_ID", "Postcode", "Street", "Street_number", "City_ID") VALUES (3, '92057', 'Grindelallee', 44, 13);
INSERT INTO "Address" ("Address_ID", "Postcode", "Street", "Street_number", "City_ID") VALUES (4, '88451', 'Via Veneto', 42, 41);
INSERT INTO "Address" ("Address_ID", "Postcode", "Street", "Street_number", "City_ID") VALUES (5, '67683', 'Avenue Jean Médecin', 62, 25);
INSERT INTO "Address" ("Address_ID", "Postcode", "Street", "Street_number", "City_ID") VALUES (6, '06111', 'Calle Trapería', 86, 57);
INSERT INTO "Address" ("Address_ID", "Postcode", "Street", "Street_number", "City_ID") VALUES (7, '96672', 'ul. Mickiewicza', 53, 10);
INSERT INTO "Address" ("Address_ID", "Postcode", "Street", "Street_number", "City_ID") VALUES (8, '44717', 'Hildesheimer Straße', 98, 20);
INSERT INTO "Address" ("Address_ID", "Postcode", "Street", "Street_number", "City_ID") VALUES (9, '45393', 'Via della Vigna Nuova', 35, 48);
INSERT INTO "Address" ("Address_ID", "Postcode", "Street", "Street_number", "City_ID") VALUES (10, '94642', 'Via Etnea', 90, 50);
INSERT INTO "Address" ("Address_ID", "Postcode", "Street", "Street_number", "City_ID") VALUES (11, '21967', 'Wilmslow Road', 66, 33);
INSERT INTO "Address" ("Address_ID", "Postcode", "Street", "Street_number", "City_ID") VALUES (12, '17943', 'Passeig des Born', 55, 58);
INSERT INTO "Address" ("Address_ID", "Postcode", "Street", "Street_number", "City_ID") VALUES (13, '53772', 'Carrer dels Oms', 68, 58);
INSERT INTO "Address" ("Address_ID", "Postcode", "Street", "Street_number", "City_ID") VALUES (14, '92123', 'Corso Vittorio Emanuele', 81, 45);
INSERT INTO "Address" ("Address_ID", "Postcode", "Street", "Street_number", "City_ID") VALUES (15, '37419', 'Quai des Bateliers', 96, 27);
INSERT INTO "Address" ("Address_ID", "Postcode", "Street", "Street_number", "City_ID") VALUES (16, '28630', 'Fleet Street', 58, 31);
INSERT INTO "Address" ("Address_ID", "Postcode", "Street", "Street_number", "City_ID") VALUES (17, '35453', 'Broad Street', 86, 32);
INSERT INTO "Address" ("Address_ID", "Postcode", "Street", "Street_number", "City_ID") VALUES (18, '14372', 'Bold Street', 98, 36);
INSERT INTO "Address" ("Address_ID", "Postcode", "Street", "Street_number", "City_ID") VALUES (19, '11068', 'Calle San Fernando', 76, 54);
INSERT INTO "Address" ("Address_ID", "Postcode", "Street", "Street_number", "City_ID") VALUES (20, '91068', 'Hohe Straße', 46, 14);
INSERT INTO "Address" ("Address_ID", "Postcode", "Street", "Street_number", "City_ID") VALUES (21, '00762', 'Calle San Andrés', 25, 57);
INSERT INTO "Address" ("Address_ID", "Postcode", "Street", "Street_number", "City_ID") VALUES (22, '30225', 'Calle Carretería', 56, 56);
INSERT INTO "Address" ("Address_ID", "Postcode", "Street", "Street_number", "City_ID") VALUES (23, '16532', 'Rue Saint-Ferréol', 34, 22);
INSERT INTO "Address" ("Address_ID", "Postcode", "Street", "Street_number", "City_ID") VALUES (24, '42022', 'ul. Krakowskie Przedmieście', 62, 9);
INSERT INTO "Address" ("Address_ID", "Postcode", "Street", "Street_number", "City_ID") VALUES (25, '26834', 'Rue de la République', 53, 23);
INSERT INTO "Address" ("Address_ID", "Postcode", "Street", "Street_number", "City_ID") VALUES (26, '58431', 'Abbeydale Road', 90, 39);
INSERT INTO "Address" ("Address_ID", "Postcode", "Street", "Street_number", "City_ID") VALUES (27, '26115', 'Via Sparano', 24, 49);
INSERT INTO "Address" ("Address_ID", "Postcode", "Street", "Street_number", "City_ID") VALUES (28, '60565', 'The Headrow', 11, 35);
INSERT INTO "Address" ("Address_ID", "Postcode", "Street", "Street_number", "City_ID") VALUES (29, '85796', 'Zwinglistraße', 38, 18);
INSERT INTO "Address" ("Address_ID", "Postcode", "Street", "Street_number", "City_ID") VALUES (30, '26051', 'Hohe Straße', 42, 14);
INSERT INTO "Car_condition" ("Car_condition_ID", "Condition") VALUES (1, 'New');
INSERT INTO "Car_condition" ("Car_condition_ID", "Condition") VALUES (2, 'Used');
INSERT INTO "Car_condition" ("Car_condition_ID", "Condition") VALUES (3, 'Damaged');
INSERT INTO "Car_dealer" ("Car_dealer_ID", "Name", "Address_ID") VALUES (1, 'AutoKingz', 29);
INSERT INTO "Car_dealer" ("Car_dealer_ID", "Name", "Address_ID") VALUES (2, 'AutoCraft Showroom', 6);
INSERT INTO "Car_dealer" ("Car_dealer_ID", "Name", "Address_ID") VALUES (3, 'Elite Auto Sales', 16);
INSERT INTO "Car_dealer" ("Car_dealer_ID", "Name", "Address_ID") VALUES (4, 'Infinity Drive', 28);
INSERT INTO "Car_dealer" ("Car_dealer_ID", "Name", "Address_ID") VALUES (5, 'WestEnd Motors', 4);
INSERT INTO "Car_dealer" ("Car_dealer_ID", "Name", "Address_ID") VALUES (6, 'Turbo Auto Mart', 30);
INSERT INTO "Car_dealer" ("Car_dealer_ID", "Name", "Address_ID") VALUES (7, 'Metro Car Exchange', 21);
INSERT INTO "Car_dealer" ("Car_dealer_ID", "Name", "Address_ID") VALUES (8, 'AutoNova', 13);
INSERT INTO "Car_dealer" ("Car_dealer_ID", "Name", "Address_ID") VALUES (9, 'Rapid Ride Dealers', 23);
INSERT INTO "Car_dealer" ("Car_dealer_ID", "Name", "Address_ID") VALUES (10, 'Phoenix Auto Spot', 25);
INSERT INTO "Car_dealer" ("Car_dealer_ID", "Name", "Address_ID") VALUES (11, 'Horizon Auto Hub', 11);
INSERT INTO "Car_dealer" ("Car_dealer_ID", "Name", "Address_ID") VALUES (12, 'RoadStar Dealers', 9);
INSERT INTO "Car_dealer" ("Car_dealer_ID", "Name", "Address_ID") VALUES (13, 'Prime Wheels', 15);
INSERT INTO "Car_dealer" ("Car_dealer_ID", "Name", "Address_ID") VALUES (14, 'TopGear Motors', 3);
INSERT INTO "Car_dealer" ("Car_dealer_ID", "Name", "Address_ID") VALUES (15, 'Greenline Motors', 24);
INSERT INTO "Car_dealer" ("Car_dealer_ID", "Name", "Address_ID") VALUES (16, 'Titan Auto Center', 2);
INSERT INTO "Car_dealer" ("Car_dealer_ID", "Name", "Address_ID") VALUES (17, 'Eagle Motors', 26);
INSERT INTO "Car_dealer" ("Car_dealer_ID", "Name", "Address_ID") VALUES (18, 'LuxDrive Showroom', 12);
INSERT INTO "Car_dealer" ("Car_dealer_ID", "Name", "Address_ID") VALUES (19, 'Autobahn Traders', 8);
INSERT INTO "Car_dealer" ("Car_dealer_ID", "Name", "Address_ID") VALUES (20, 'Summit Auto Sales', 18);
INSERT INTO "Car_dealer" ("Car_dealer_ID", "Name", "Address_ID") VALUES (21, 'Carverse Dealership', 7);
INSERT INTO "Car_dealer" ("Car_dealer_ID", "Name", "Address_ID") VALUES (22, 'Highway Motors', 17);
INSERT INTO "Car_dealer" ("Car_dealer_ID", "Name", "Address_ID") VALUES (23, 'Motion Auto Center', 5);
INSERT INTO "Car_dealer" ("Car_dealer_ID", "Name", "Address_ID") VALUES (24, 'CityRide Dealership', 14);
INSERT INTO "Car_dealer" ("Car_dealer_ID", "Name", "Address_ID") VALUES (25, 'StreetSmart Motors', 19);
INSERT INTO "Car_dealer" ("Car_dealer_ID", "Name", "Address_ID") VALUES (26, 'FirstChoice Cars', 20);
INSERT INTO "Car_dealer" ("Car_dealer_ID", "Name", "Address_ID") VALUES (27, 'AutoXpress', 1);
INSERT INTO "Car_dealer" ("Car_dealer_ID", "Name", "Address_ID") VALUES (28, 'Vantage Drive', 27);
INSERT INTO "Car_dealer" ("Car_dealer_ID", "Name", "Address_ID") VALUES (29, 'CarPoint Auto', 22);
INSERT INTO "Car_dealer" ("Car_dealer_ID", "Name", "Address_ID") VALUES (30, 'BlueSky Motors', 10);
INSERT INTO "Employee_status" ("Employee_status_ID", "Status_name") VALUES (1, 'Active');
INSERT INTO "Employee_status" ("Employee_status_ID", "Status_name") VALUES (2, 'Inactive');
INSERT INTO "Position" ("Position_ID", "Name", "Min_salary", "Max_salary") VALUES (1, 'Salesperson', 15520, 16430);
INSERT INTO "Position" ("Position_ID", "Name", "Min_salary", "Max_salary") VALUES (2, 'Manager', 10199, 18114);
INSERT INTO "Position" ("Position_ID", "Name", "Min_salary", "Max_salary") VALUES (3, 'Technician', 6522, 15769);
INSERT INTO "Login_credentials" ("Login_credentials_ID", "Login", "Password") VALUES (1, 'admin', 'scrypt:32768:8:1$a9IFJPKBGvvByZIg$f8f463bab671fd3068c17cc6826b83ba13d522ce9293bdee4ef7f9460c9364284cf4aee8e62aeb1872596a2b8b3387a18aad61d2f61316aaaaac6010d6edaa22');
INSERT INTO "Login_credentials" ("Login_credentials_ID", "Login", "Password") VALUES (2, 'worker1', 'scrypt:32768:8:1$1tuwswecDUyT3IbD$e6c4617a409a0dbb29c5db75fb5b38e94500a0c6f97098be954cb76264776ee174149ebecc340cb3f31e8d9fd42e4a6b37740776827eb90b24aad87bf250d311');
INSERT INTO "Login_credentials" ("Login_credentials_ID", "Login", "Password") VALUES (3, 'worker2', 'scrypt:32768:8:1$CNlieBNZC8DwNuB0$f12d810fe3554302009e4df9be457d1c781c2c97c8628b962b326e313f54c2a270f2a199f400034531463b8ba1223edbb242998bd4561e7a857edf2fa7901ce4');
INSERT INTO "Login_credentials" ("Login_credentials_ID", "Login", "Password") VALUES (4, 'worker3', 'scrypt:32768:8:1$SX70YJGCwjk84irD$aed62c604ca34adb4aab1624a8b664a520860e38d7300ee686670f3dbc94a24d914614f01687217227233c2a240a14b59596de5449fce8f2843b3d163b5a78f2');
INSERT INTO "Login_credentials" ("Login_credentials_ID", "Login", "Password") VALUES (5, 'worker4', 'scrypt:32768:8:1$nWgtOM6xEQQDWQ9K$37d255f7610de7150ddcc646dac9fd05cc5e7245b9c2d047fdf60617e020f8a6ebb0baf1123639bb91ab3f5c128b0c717fae148e1fd5f74890170b3ee0a6c2b9');
INSERT INTO "Login_credentials" ("Login_credentials_ID", "Login", "Password") VALUES (6, 'worker5', 'scrypt:32768:8:1$zUO42VJyitw4FQPM$c9fde2a67a8c6accb6eefa8bdb047de4aefba06ead5d1c129b4f9e619eda9612471d7b26508e83c7c91d60f5e9a4250ec07ef85298598ad8c2c05d3e35c62386');
INSERT INTO "Login_credentials" ("Login_credentials_ID", "Login", "Password") VALUES (7, 'YCFIgTRQ', 'scrypt:32768:8:1$PUn0zRivUT4AsgzY$ee7887600dd9da15813dbeb2adba36662c0b684ddaeb690988c97b7830e702613fc73afecbdd487d02778dccf13828c3630677b23c03a69431d890a8e6ac7603');
INSERT INTO "Login_credentials" ("Login_credentials_ID", "Login", "Password") VALUES (8, 'DTKnA', 'scrypt:32768:8:1$Xi6ukMxnNnRIH5OI$87180b05f421a98b04db6b10a1a96348309f9f4069d0e6b2d7e000fca2050ab0566493170059492af2ba2d111a6486e8ccf0da8a73eb02db0d3658b1008f0c56');
INSERT INTO "Login_credentials" ("Login_credentials_ID", "Login", "Password") VALUES (9, 'ODrtYtjQ', 'scrypt:32768:8:1$CeyAKjyvYBAx0v9g$9977a701667f0a94f3eb90992b1f8fbb9075f37b332329856d0cb947f5cf4dd6be19b3d50dc53236146d0ced04e657f58e46dc0674802f59b2e8003727896976');
INSERT INTO "Login_credentials" ("Login_credentials_ID", "Login", "Password") VALUES (10, 'CrhlvKCH', 'scrypt:32768:8:1$5cO4kKyI8VLPCP4W$9dc2bd0cf105ee8f19bc04745cac6574678e1d60fdefa9f209bd74d9825568b30cc285ab966490fff5d0e8f134b12ed912309418f4efd654093e92a3c3389c6c');
INSERT INTO "Login_credentials" ("Login_credentials_ID", "Login", "Password") VALUES (11, 'UADgl', 'scrypt:32768:8:1$742hOmCflwGFyhrU$daeef1278f97f6af58bef1028b33789738a6aff7700171e24bc58ac0302fb785dac67bbaa04330bbaac3e68061e2e6325c5a6f0a4a646a67661e2042510a4716');
INSERT INTO "Login_credentials" ("Login_credentials_ID", "Login", "Password") VALUES (12, 'CKqdulPCUw', 'scrypt:32768:8:1$R1f1tLJZSq2ApL0f$b6e316d44da87c95fdd755d3affb24751e93201d9106d1913019f52e5745055f620668bb1e8ce1f7ff391e5ce9575152dbdd090971146d4364023872ed795a4a');
INSERT INTO "Login_credentials" ("Login_credentials_ID", "Login", "Password") VALUES (13, 'RKbHPiGZ', 'scrypt:32768:8:1$TTLd8FSugYU8Xpfn$2593c21d851aba6f757dd72979631d94a7aa418d6ad15baa367eb11c3f4864f5da27951f3b0a7fa44af5109eedd7b880e17b1121b62e703711eb201d7fe56bb0');
INSERT INTO "Login_credentials" ("Login_credentials_ID", "Login", "Password") VALUES (14, 'agAZD', 'scrypt:32768:8:1$PVPJv2LOQ03Oeaao$f034c678c7d47bf45cc647a565e3188938c10b77648b69256b2b6d74ab96e363c7cc5b9e729bc40e2dd1a5c1997f3de15c2e774d6869ee73c81ade83343bc1c9');
INSERT INTO "Login_credentials" ("Login_credentials_ID", "Login", "Password") VALUES (15, 'aCzkjGeN', 'scrypt:32768:8:1$ihbAs0nFmetiXGQB$c9a27e82e208ebf78d443d692d1e4bfb08badeb139c42ab2b842c0c4a18a72febc9c2b78a1e2e2743da6ca2502750846919594baaff82a58a2516c75ef12e078');
INSERT INTO "Login_credentials" ("Login_credentials_ID", "Login", "Password") VALUES (16, 'tGVgkPNnxZ', 'scrypt:32768:8:1$HW0fVVVhix05gkmD$703551a1b3e02fe0f7e926dece08625ee8e9b2730775f9cc7c11a2d859d9978bc2e6cacaab0b84097085501b2c0bbc7b0114ea372e32b2d53f279b01e930084d');
INSERT INTO "Login_credentials" ("Login_credentials_ID", "Login", "Password") VALUES (17, 'LFThHcaHr', 'scrypt:32768:8:1$lZ0LHzZqoPlScePn$3f6ef6e7c30a426da22d3ffcbf6a502bb1806f6974c0ff8e1c008543dd793070b85385a13787d1f006843fc588e12d6d927c5bf3ddef1ac93c41f4a4d7962b00');
INSERT INTO "Login_credentials" ("Login_credentials_ID", "Login", "Password") VALUES (18, 'jeWoiVxSGP', 'scrypt:32768:8:1$eWo2m2pD9KCPUUw5$3f519776d7094b6aa84d4a38ae4054086e5d8de9df70d9406cbfcd6448834a5dad19d8cbff6a09dfc341be415d78ff13f6a47c9fc6d02fd2e226cca308be465f');
INSERT INTO "Login_credentials" ("Login_credentials_ID", "Login", "Password") VALUES (19, 'AHGqGAjXq', 'scrypt:32768:8:1$SFqNwlaLLhh3skhl$8568cc8cfd3d8c2815157a92b945374a6ec0041d427d2d35a8d0067df954c031aaf54185e390a835f536d9fdadb27ef20b6d4203cd0983c5dd59fb4da5cf582d');
INSERT INTO "Login_credentials" ("Login_credentials_ID", "Login", "Password") VALUES (20, 'oaEvFK', 'scrypt:32768:8:1$KjcQkTxqDjatl02p$6f9cb31e5bfaf05d4988b816535f610eb120ba9ee7a914a75d6c4ab6a7456cdfef30a364175c6bd55b27713dee859260c637aab1fa18436acdcbbcaa3f327dda');
INSERT INTO "Login_credentials" ("Login_credentials_ID", "Login", "Password") VALUES (21, 'HbRTCUTCj', 'scrypt:32768:8:1$xxZnIrLkzGpks8me$997ffc7a4716c5996aa850d78e205fdc3cd84303c168c2274ed2500d836a889c01c3c68fba69602b706e73d7f8a2962092a8447e1f94c37e76cdcdbc0bccfb57');
INSERT INTO "Login_credentials" ("Login_credentials_ID", "Login", "Password") VALUES (22, 'lxUWCRnkNh', 'scrypt:32768:8:1$sZqqZ2rfrEERHCWH$c9a6b8ae786e6777fc419f8970e9e862d45203d72b7affe74d956c9f86f9d3d962c98104c0ac62c9598dfd58c9b28df3cded8c8017e9fe0d3d7236d5742108b7');
INSERT INTO "Login_credentials" ("Login_credentials_ID", "Login", "Password") VALUES (23, 'jwffSBuTN', 'scrypt:32768:8:1$hdLmbRIyEzBmgETj$9daec25e8d4fc4730f9ad9f5708bd9e0d28b6d0eaaf5288311e8a90b7bfbefc00580766745699c03fb73c81e0a90ce9ca30392577828286e9d77133d9da5c0a5');
INSERT INTO "Login_credentials" ("Login_credentials_ID", "Login", "Password") VALUES (24, 'nOavY', 'scrypt:32768:8:1$zsj5UpI8fuLEn7c1$53b3b284082e12916e2ab3f0a815a908f4a9e738dde9e01a332dbf2c1bb2fac80b885160e0815500bbfa78a414fc4fef3c68b8eb5622b1513cc8f32b7a8da379');
INSERT INTO "Login_credentials" ("Login_credentials_ID", "Login", "Password") VALUES (25, 'gvQLlZZw', 'scrypt:32768:8:1$oLBfDaLQwhQdN20j$2b02eedd82fc7cdc487795ee6c7f8f14e46cc4a40321f94feccaf4c6e0e11c4edb39ea37ee3e019f2ff3285d6fb1c668358baa6392f23fa1b880d74003f26e50');
INSERT INTO "Login_credentials" ("Login_credentials_ID", "Login", "Password") VALUES (26, 'KqfdeNW', 'scrypt:32768:8:1$EIRL5cHt3MkXQFja$1200dd0573569c4397887c8bb26640c4367d401b3e5d7b13af72c37236bfde87c3198ac528fcbf5e79f646cfc310907117a3a9d33b7f44e6b2743eae0a1fa4c2');
INSERT INTO "Login_credentials" ("Login_credentials_ID", "Login", "Password") VALUES (27, 'GOLHsi', 'scrypt:32768:8:1$Aw44HswUyDobb4cH$d1f748338d5547d0997323c6d669f78643071666ea60c48d44c0ad612a8409f0dcae69ac17a6f1d2037cbf64011f190b42eaeeeffb411d5b20066c012cddf10a');
INSERT INTO "Login_credentials" ("Login_credentials_ID", "Login", "Password") VALUES (28, 'udeRCg', 'scrypt:32768:8:1$j6UbydPlFgaIua7r$acc3082cde887b8afee20cf5508994db2bebee4bb90987c3d6a467a3e1c27bec5ae050f858fa6c48b24eabb4589b7f1692d4c81cb8a22c53cefd8839ec139a37');
INSERT INTO "Login_credentials" ("Login_credentials_ID", "Login", "Password") VALUES (29, 'bhdbK', 'scrypt:32768:8:1$8lv4saXxS9orGPwz$1e407866db295b5df2ae0df282320df96806df1c39cd080b2e3289b4610246e8edc274a53c520126e7f2912f779e57b9c54a6a2156da0575bb3349ddefcbadad');
INSERT INTO "Login_credentials" ("Login_credentials_ID", "Login", "Password") VALUES (30, 'BarCF', 'scrypt:32768:8:1$LX1nEmNlE0MBPTFS$f82d156570d114382809ade6432b17fbf1b00466c80fd8f788d2e0b773523ba3e7698d15e6ae6a2f00219348ab728efe63c45705a10204f2248f77fbd968533e');
INSERT INTO "Login_credentials" ("Login_credentials_ID", "Login", "Password") VALUES (31, 'OrqNnmjJ', 'scrypt:32768:8:1$ISvCeK6nkXofOfC4$da557c791d7745276844c54280b872827e267175f21e89b67cc35bfa2fb5ce335a8977d887e256251931780bc2a434e831ac7c4f51488ef8550501666f9b36d1');
INSERT INTO "Login_credentials" ("Login_credentials_ID", "Login", "Password") VALUES (32, 'TgwTw', 'scrypt:32768:8:1$KP1jM7pUsiJXzCAm$bcd390ca9ef9b90d45a29b60e2053955bb9eb83026cb4a61d0cecdc60a4405c503dd38529e166fbe8c9d0b2fa1dad1341dc64793bffe73124be835b92ae59d46');
INSERT INTO "Login_credentials" ("Login_credentials_ID", "Login", "Password") VALUES (33, 'rlbCLrlc', 'scrypt:32768:8:1$3qYPXECI3nJQuVn2$e5783a792305c900e7b81646973e3f067748efff9787e59ccd420c2199b0efdffb51a6634ec74bc722baa7526a6f29b064e2f600fc5a6035aefa3a35ff140b9d');
INSERT INTO "Login_credentials" ("Login_credentials_ID", "Login", "Password") VALUES (34, 'LsOVRA', 'scrypt:32768:8:1$HfOVKmcBGF3Ow8OB$3ab2638d7d2e721c4220507b7136f4c8212f99c259e46bc64e247486dea6bbe2de1f5796442e0cd628c24f2d270b3a6daa6613744969b3f7f759e55262272341');
INSERT INTO "Login_credentials" ("Login_credentials_ID", "Login", "Password") VALUES (35, 'GVIHg', 'scrypt:32768:8:1$Xv9hldaRqVa2G10u$a513bf82b8ea5020801b9d5f2caa556a6e37e8a8877002bdc1eca36d34c495fbe3028d56ab4db38be87e2c85adef549aa89b2f2a6517c9e6f7a934baa968d41c');
INSERT INTO "Login_credentials" ("Login_credentials_ID", "Login", "Password") VALUES (36, 'PbFcHG', 'scrypt:32768:8:1$eVo0MM1ZdazprLIW$c0edaf2041efb845a313107e476c8ffed816d91a79419167ec10ca0654f71c5ea3f28fd933843a638b3703a291629fb8d1ba02745dc470329872e08fe92bad87');
INSERT INTO "Login_credentials" ("Login_credentials_ID", "Login", "Password") VALUES (37, 'NmdtR', 'scrypt:32768:8:1$MOaFt9DvlLMfiFbG$18ca43faf46e68e9b15677b66c8dfc2840a00c376c3451ec09dc43b633b6fa2d8ce8c4c1d2f5b3403338722310ee44b4d38e00f9f5edf026389c6c0bcf17a9dc');
INSERT INTO "Login_credentials" ("Login_credentials_ID", "Login", "Password") VALUES (38, 'BoFoXd', 'scrypt:32768:8:1$OWnsFof9TXk4Wves$c302238ef7644ad670a30bbb85a82398292b88920c8f889831fcd657bcd1eb91e0466b5c05a2d7e1294f825b9d9becc61373c9243f6218494469582938baf5a0');
INSERT INTO "Login_credentials" ("Login_credentials_ID", "Login", "Password") VALUES (39, 'dNgMBejE', 'scrypt:32768:8:1$1yZ9Fy7Re9eoqj3M$d43f536f2942c4cac53330bfe304dddd6d60678e69b753a0e5c3c4c269a2f0219bd46b95b801e8793496988f6b5fa3ffe458ac316a9bf0b77d1a4fc45f714e0d');
INSERT INTO "Login_credentials" ("Login_credentials_ID", "Login", "Password") VALUES (40, 'gDEmIr', 'scrypt:32768:8:1$pGsakOHuVJSsspV5$e3ad37f7b6ec008073cc48f0929bf62d50f8d19f5d43806afe876bb7dca76c5c1720c553294715de6c3a26ab9375bdfe5eb894e2d34881c649a725a3a8d45ed0');
INSERT INTO "Login_credentials" ("Login_credentials_ID", "Login", "Password") VALUES (41, 'VoMJQKt', 'scrypt:32768:8:1$m2ZoO9UP4mG6EGMG$9dee4592e13d151a8555260bf24c509dd0a7dd9b6e64f3c415a2ace680a5606d23d848afdb285fc234abdd9f4fa428e2734295deeeb93ae7bd2fd025136c5ebb');
INSERT INTO "Login_credentials" ("Login_credentials_ID", "Login", "Password") VALUES (42, 'nkMtCEaTRD', 'scrypt:32768:8:1$Rt2ypWXvuenfDdNc$b2e7afa440809891d1ed2daf6a6454383cd47b0e528a624eac0cc9aa57d68fc519d40c5547e3bcd227e0b289c91b42d9aa04cfb1d4e7b836c1176a9e08fe245e');
INSERT INTO "Login_credentials" ("Login_credentials_ID", "Login", "Password") VALUES (43, 'wMzPKcsm', 'scrypt:32768:8:1$HNU3wUhBGYbBaX5e$0950b2c90ee2580ab3d87aa08fd6b4fbef8d16e5e645bbd67368df4ec6ee51ee7a3fb65be03978d5ae79fd03e24d5dd7a60491a99872e728547a37808bfb0a01');
INSERT INTO "Login_credentials" ("Login_credentials_ID", "Login", "Password") VALUES (44, 'zqRtxu', 'scrypt:32768:8:1$Hh8wHI3sLoQeFDds$a4cc0b6d59ee1f2da90fca6b60fa4dabce52d46d60e9512cca20ffbaf982a0c36c5cfbf07a4aa7895d679fb06bbf10956b7d29783213565c72b4198f17d5dd3b');
INSERT INTO "Login_credentials" ("Login_credentials_ID", "Login", "Password") VALUES (45, 'HkBNl', 'scrypt:32768:8:1$iiGLXEPaYoyDIei2$5ac32c1700b1c033dc1846f51ba874040047570cfd98dc0827737185aa5d3bc98d6cfdad818b9e91d1215084f55e773a3dacca6a45e990ca3f2d4369bf65eaf3');
INSERT INTO "Login_credentials" ("Login_credentials_ID", "Login", "Password") VALUES (46, 'mzFxJhrpx', 'scrypt:32768:8:1$FToBXWmOtyR3DWWq$ff38437792a7dd21d1f2fbf0235bb2ba5be7dd83d22d82aa416eb0a1b627b4675cb7c100bb43248fd73507c69b2fecab42a599128114195b561d9ed47358267a');
INSERT INTO "Login_credentials" ("Login_credentials_ID", "Login", "Password") VALUES (47, 'BdVUksufB', 'scrypt:32768:8:1$9q94LSLmbuUnoDJF$c89b3712f2991039a897d4ea54af4472118933aaec2349e84c94ee51b96f58f461c9de3342160dee2e76542e3a14f773e577e94ce6bf76323b52e6371e86d4ab');
INSERT INTO "Login_credentials" ("Login_credentials_ID", "Login", "Password") VALUES (48, 'WNDGQL', 'scrypt:32768:8:1$0g3kpRAVNpkDJfNU$36b10cc98b8f4542dc04997387af3a591348fd937f8924e9b4f972624e4432fd7be3e9032f52041800ee5a4da5ebbab33c8cd2a0a37b7c3d6602bedf4560eca8');
INSERT INTO "Login_credentials" ("Login_credentials_ID", "Login", "Password") VALUES (49, 'vfSsWYEsK', 'scrypt:32768:8:1$HeQ83ACUlOGXzwm0$487d85f7af6f82c2edbd9c9ed7eb8c9354b6ed7a1f9f48608212ac7c98804056a38f715d32966f1582e9fd351e006c5a90d1f7015518871e3c824421d17501ed');
INSERT INTO "Login_credentials" ("Login_credentials_ID", "Login", "Password") VALUES (50, 'FXTPu', 'scrypt:32768:8:1$GXOoM0ueyw2juAyJ$2dc02aaeab03134a746f00ae23d927e3743566e1c3c9223222b1e7bcf94d327cebf9f4bd8ba37457369c156bd144a797ac6106ab19f982593e0b2a6181d3e719');
INSERT INTO "Login_credentials" ("Login_credentials_ID", "Login", "Password") VALUES (51, 'AgoPDLAqC', 'scrypt:32768:8:1$rSOOTchtHvQc2Wqb$bb0e9124f5157564474d95cd3d5403c0f1f63310c33585ed6b575b0fc528ed76d3a2d4509c578398a94a9f3be83b5e3eeba4cf9cf385b2e9048a0b86d2568812');
INSERT INTO "Login_credentials" ("Login_credentials_ID", "Login", "Password") VALUES (52, 'zJEVSyUHi', 'scrypt:32768:8:1$BwtABYmZuvyQ6Dva$2770d335adfc1b29160165ec41c233f9b62d7362d3697627638e5e6e927c25a82cb87776d0141d81124b7b92e3c4279a4f279fd9ea22652c98a724a821291186');
INSERT INTO "Login_credentials" ("Login_credentials_ID", "Login", "Password") VALUES (53, 'JoROiUc', 'scrypt:32768:8:1$VyR1dGhbl6CalX2d$be74390882e5ce2abfbf5153b977e228d8a1b69e6c834c52022fc249fc52ed8c0015417c778c9ac445a9cd8254da5a47e2035d585a257d3bb50da5a1a77e0e03');
INSERT INTO "Login_credentials" ("Login_credentials_ID", "Login", "Password") VALUES (54, 'BHwNKK', 'scrypt:32768:8:1$HFy8FPWvSO9WACOw$87de45e8ad3446ad46724e58493d7234c1fa83944eecb564d8f21655f9d55c0d9d8892210eaba9a4e5073ee5df391a9554ff4570a0557d3705631c5746fe83e4');
INSERT INTO "Login_credentials" ("Login_credentials_ID", "Login", "Password") VALUES (55, 'oMAQRS', 'scrypt:32768:8:1$Aly5tldbfcrNg1ED$a8fad601e57734154619774819523e52361043feefc181831e5a00a38ae59801cab73c43ad62a045be7f5ba6df7d0f669aa4a96bb697274215430c6ed3623727');
INSERT INTO "Login_credentials" ("Login_credentials_ID", "Login", "Password") VALUES (56, 'xDzNunhYc', 'scrypt:32768:8:1$JFNaL8tnfjnFozTE$90d396b4d0857e7638aec46f3bc18210ef8cfd21f0be24b7b41f624f6041cdde6671eef557524f65f8663acba8309ff5a3a130dc3988c4e5b4ea8a1611f3b162');
INSERT INTO "Login_credentials" ("Login_credentials_ID", "Login", "Password") VALUES (57, 'hhooU', 'scrypt:32768:8:1$XMUIVxH1sSEmoQBt$20e897a8a8e1744e7c9055f5a33b441d5abed7cac327cac5019e2a28a9ad2aa7773a934712fefc0d1650cbee5f1e10205af999e73a40767d7721ffa5eacdb64d');
INSERT INTO "Login_credentials" ("Login_credentials_ID", "Login", "Password") VALUES (58, 'xZziVMSJ', 'scrypt:32768:8:1$3By1ZbWoGRj2GRYE$60737cd2764e67ff3126524a786b611578fb14ddb367fc4e0f309f3dc9794cf6d8de8dee50314729d4b5c53b405291e8553a33a97981071e568485736e8b2eb2');
INSERT INTO "Login_credentials" ("Login_credentials_ID", "Login", "Password") VALUES (59, 'vDxucMB', 'scrypt:32768:8:1$iz9vECbI6tshQ986$d6f2585903814bb2162e1369eb300b3657f43780ec53e219d21cbdd168f993f3664838a2ca15eb4455f0ec61c259f6ca55cce7413abff25961a13c1158d514ab');
INSERT INTO "Login_credentials" ("Login_credentials_ID", "Login", "Password") VALUES (60, 'asNXPUWB', 'scrypt:32768:8:1$yxAZodYkhYhP22gy$2a5e5b2aff20a53cf2deff514404aa76ca35d9afcdecad169ef4079b16a196c87ffdf5ba0d0e422263485ffd4c8b65470e0e38345ac6654173be97d6f7cd9ec4');
INSERT INTO "Login_credentials" ("Login_credentials_ID", "Login", "Password") VALUES (61, 'IHdPFuBK', 'scrypt:32768:8:1$gSuvtTlCTCQp675r$887480c5006f7bcf4e1b7e655377d6d47aa2b329485868b98a62bed6448976f7f0d9a1f9998677ca609677ad169f287baab452233b1199e470e5603c872b47b0');
INSERT INTO "Login_credentials" ("Login_credentials_ID", "Login", "Password") VALUES (62, 'viAeNsO', 'scrypt:32768:8:1$VCGMeu3HvLjFz6Dd$2ef9b2f21d13bac0c7a245e642082e7cb2e3fda813d83d3f9959f3fc831c2ddb626749d4d9b8d72e8529667df360a7bb0249b6fce50efa9502f6d06525340770');
INSERT INTO "Login_credentials" ("Login_credentials_ID", "Login", "Password") VALUES (63, 'VyeAgSK', 'scrypt:32768:8:1$EhygvTJxMQQB2HYJ$cc344747d5f74aa9bd974eede837e00da5a8313e4c5a2411df9ba52b4fba524b904e410cbf96950ba0cede26f2bdccef2864e40c5aa0b801ca29a06958e17bcd');
INSERT INTO "Login_credentials" ("Login_credentials_ID", "Login", "Password") VALUES (64, 'tczAOXGD', 'scrypt:32768:8:1$hV1kDVzXMIenF68c$b3bce14cf61f502e4d116e7537cedbbe94cf013826a71d0bbfcfd3fc5cdf88902b621a02a9677b4b09abfa6ab0bdb5a9f895763994ae260a10dce5b99e35150e');
INSERT INTO "Login_credentials" ("Login_credentials_ID", "Login", "Password") VALUES (65, 'ArffYpjC', 'scrypt:32768:8:1$OKuoy9qnYHmNj1y1$3595438c18b01afd43f3b480f3ccd061276bcecccb5353b6050ec894096c1b3d253fdac4d4e859035afb916d87ce0ff4be0f223b529e798d6a8431f990da7ad5');
INSERT INTO "Login_credentials" ("Login_credentials_ID", "Login", "Password") VALUES (66, 'tMPeVgzFSC', 'scrypt:32768:8:1$RsVtE1mgvuhuF5He$ebf5e0a851817fcf481966906f1db6b1190b1874a39c37b480610817b94866f8a1f8ece57ce31d45a5b7a3bbdccf3dd17448cbc63bab63d98d34ff41fff27d48');
INSERT INTO "Login_credentials" ("Login_credentials_ID", "Login", "Password") VALUES (67, 'YEBhTJd', 'scrypt:32768:8:1$ru9KLN7zhyesX3XI$6a77901e7b4e49dbfbc450e40481925402d8c979388f6aa920495a629ef5711ad6d160574b4d2849efe1063621bd5d86c057076701fd36d563cff7425d97374e');
INSERT INTO "Login_credentials" ("Login_credentials_ID", "Login", "Password") VALUES (68, 'RtWxPez', 'scrypt:32768:8:1$OBGyigsE67QunoVr$17ded6127f0589ff936521090680a402a620d7fd305ec67a400698517cfa37589c43435390bdae902abe378b7a411558b51af3df507c6f37b112352b32821d69');
INSERT INTO "Login_credentials" ("Login_credentials_ID", "Login", "Password") VALUES (69, 'SWASLrwA', 'scrypt:32768:8:1$hiiko9aYE0t8Poz4$0cf9fe487f477a54ff73bb94c75e1610d4162bcfb930ed21ced7b6838a8712dcf55bfad5b619d513fcba492e9f1d01104cab906c4b1c263937ae48f095388ae3');
INSERT INTO "Login_credentials" ("Login_credentials_ID", "Login", "Password") VALUES (70, 'ObzjRI', 'scrypt:32768:8:1$TuSdndslSqqd5PMA$eadc449a90964e67a9d3256404d8914d5531b176ab86dd916475cfcecd2eda9af854e248f2d8e51199a356c84559e2c685f2bd5f9f05ce1d078045a32538a7b0');
INSERT INTO "Login_credentials" ("Login_credentials_ID", "Login", "Password") VALUES (71, 'FNVKUt', 'scrypt:32768:8:1$kYAXy5QRvoZ0JxVI$e562509e7f3f87d1782a421db47aab83f724edd10b5f316dbdc9cda06ff701ec71d2ab549d47461b2c19454e57e7c494629c6a39ff74cebafa45914513221d1b');
INSERT INTO "Login_credentials" ("Login_credentials_ID", "Login", "Password") VALUES (72, 'ufytRXxst', 'scrypt:32768:8:1$cmKPzAh1VkioMW2q$3b34ea0a44e576116ba064ce12d59fbf53060bb8a6ee24045d6b69882a5977a791064e6be7e1d5793c49d65088236d9eadb8a9e4f82875f252c79edfb73c8fc8');
INSERT INTO "Login_credentials" ("Login_credentials_ID", "Login", "Password") VALUES (73, 'EmZpFnR', 'scrypt:32768:8:1$XpC1fbHl9JnXOESJ$82aa9f495ad2bef46bf649bc13ea118eaf0b81ad8b2e707a2df0cd34f398fd1eccc2a8830394a016de5dee75f202c8b47d70acb2ad6924394d06f7e2ef2b8f22');
INSERT INTO "Login_credentials" ("Login_credentials_ID", "Login", "Password") VALUES (74, 'YegJCFLhQH', 'scrypt:32768:8:1$rKhS4u8AVoFhmg1A$f18839a1bdc0183b066a8c12725ed12305d7ec6b4cb707baad184eec50dfcaa8aacd93fdefaa7319a8603f4d6228b9f30bf124a08d09ddd3433296e4b8c10ecc');
INSERT INTO "Login_credentials" ("Login_credentials_ID", "Login", "Password") VALUES (75, 'TXmpt', 'scrypt:32768:8:1$H141AzmMcjOruzLR$f5630b674d336856be36262864b410c6db6a6132fe22691c8c3e400b1f32f1408c19dbb5a2f4c1179d7e9f978a79c885598c8b06098f187d56f7418d765cf78c');
INSERT INTO "Login_credentials" ("Login_credentials_ID", "Login", "Password") VALUES (76, 'KWqOzbXDrT', 'scrypt:32768:8:1$85uLX8isrZYeVNBW$1bcc1f0a5fe8aa9a1e2bf4c56662c1ce887315be309ed0de94a4e3e4b3933ddc36a577535dc18c2bf75cc5a93c70f3bee37b7dafec1fd1c1feed4ea8972e01c0');
INSERT INTO "Login_credentials" ("Login_credentials_ID", "Login", "Password") VALUES (77, 'ZXKuu', 'scrypt:32768:8:1$cEBX6SnsWOmJDxZV$c43cbd8f26fcdb626ef22acdfa43d2fb857e09193b7eb66923cd8ed939df7e40afeb19eb4db64fd7f5adc90549c2f033f892b47b5c011a9c6ee3239116f71bd3');
INSERT INTO "Login_credentials" ("Login_credentials_ID", "Login", "Password") VALUES (78, 'pXnrEMNOq', 'scrypt:32768:8:1$EDZLjJpnWxslUImx$8038d48913f8181e48b6f0e7b05e986ffa8602f991d2cbf9ed20600e3551f35fbf27a53d9194ae3b0a1f8c1f77e34a53ac05ffb21d94b698dc8fba9c9e009062');
INSERT INTO "Login_credentials" ("Login_credentials_ID", "Login", "Password") VALUES (79, 'aylfUZ', 'scrypt:32768:8:1$okvqpB1xC6xFUXeS$8d7e8d5cf23387e054ed109475518ad6ce3bad8fb2300502fb8c97a3f56689b21bf4c7212b26c1bcd6f14ea5297befee477aec67f675a8a3d8b7cb9b0f84940d');
INSERT INTO "Login_credentials" ("Login_credentials_ID", "Login", "Password") VALUES (80, 'UwDfVS', 'scrypt:32768:8:1$5fjOSt0G0DI81wlr$3c4e31e0410cb58695473e25cb5b9d8c6c73e877dc4fd6808df9deaa811159761f0fb2c04789b11075934489a52c952fb0af94bd6c3b6188018aee99475eb8ca');
INSERT INTO "Login_credentials" ("Login_credentials_ID", "Login", "Password") VALUES (81, 'sXnBmYWScL', 'scrypt:32768:8:1$P9brVtXh24ygYWiu$979faf2e99f4e0e92f4d6ca6983b4ce064866bc052a7e4dd84956ca2982b78ad77e880ec5294bdd537061573fb9967aa1bfcb144b284ab7f953c0e552f83ef32');
INSERT INTO "Login_credentials" ("Login_credentials_ID", "Login", "Password") VALUES (82, 'VnrccVyz', 'scrypt:32768:8:1$QflKxz0ATGr93nRy$a933e272557fd289921113afe48c7ad3d27ba7134faef82173675ddca77c37ef614a9f33979819355771c15ec06ca686378d340875f39883e831072c7d81fe5d');
INSERT INTO "Login_credentials" ("Login_credentials_ID", "Login", "Password") VALUES (83, 'YugemfFvJC', 'scrypt:32768:8:1$Mmn3WMhRCQXSRoPx$ea5f25347dff5c888d6cad70df299108f783257c7759290063fcd8d7a8543aac85c2c044a76173d102687ea31a6378257cc89ab7de54180322033e0803e44abd');
INSERT INTO "Login_credentials" ("Login_credentials_ID", "Login", "Password") VALUES (84, 'pHEuh', 'scrypt:32768:8:1$3awq8TV7biWIwi57$e5891ba8e7f51d4c6d9159b5a5f16af2f4b85ab86186958f58027eb084046b360c308ed3ace1607fbc14006895485792cbef2a01cbbac2f667fcb919346a503a');
INSERT INTO "Login_credentials" ("Login_credentials_ID", "Login", "Password") VALUES (85, 'EyBvN', 'scrypt:32768:8:1$XgJzsZURRw8f14mZ$6ef9d6421bb92a577e8eb5046f4fc83225ebb3633fd7fc5e0c759f05e34956165c2645b284a3019a7b3da7c9bf4fbb1dea6cf3a0ff538d500c16973fafe3824e');
INSERT INTO "Login_credentials" ("Login_credentials_ID", "Login", "Password") VALUES (86, 'iGVmBLo', 'scrypt:32768:8:1$APVd3VNgPAdgkz2Q$7ecf719b4ab5ed09a5bb34b73fb27c5f692dbf251ab54610aecfd3757d748b598f92494f525fd9a868b3138d26ff9b22a426dcda907c2cff122deb1cdecbdd8b');
INSERT INTO "Login_credentials" ("Login_credentials_ID", "Login", "Password") VALUES (87, 'NvMAOApw', 'scrypt:32768:8:1$lgKSM32hUL77jOEn$79531ae5687b54d153ef74e76264f33fda3de169b2e442cf058181dbedaf06b3af33ea69ee4344a593888e099d77476bbe913387d9b983d7f9119ca20549992e');
INSERT INTO "Login_credentials" ("Login_credentials_ID", "Login", "Password") VALUES (88, 'EUYdaV', 'scrypt:32768:8:1$EEpJopni2Kxs1KTq$1c119e75cdd106604c9a72d94bbe77010e90a06042664beda2aabbe40fe537efc68e7f5e5f7abb552f2e0d91d4f1b2c52ab47477d435621277fe85b235e1a6b4');
INSERT INTO "Login_credentials" ("Login_credentials_ID", "Login", "Password") VALUES (89, 'IdLRpEXCKP', 'scrypt:32768:8:1$MKaHkJcCpwRIZiic$c5a43c39aa6161d880d525857d8782ad25ad1ab7be6639d14ab7eed7c46bc67e68d6fc65f2040ae282156c7d5feb8d7bbbbf530210eeb66ed821ed940d162a3c');
INSERT INTO "Login_credentials" ("Login_credentials_ID", "Login", "Password") VALUES (90, 'VJXwD', 'scrypt:32768:8:1$YVwifQlBDPzizMyT$ce741fa32ea08b806608789aa8543a88eb7095a7019617dced877e10a5058e9728a4db9a7b3db3ea58ae35ac07045311bff822675a121612b27a8b951b0d46a5');
INSERT INTO "Login_credentials" ("Login_credentials_ID", "Login", "Password") VALUES (91, 'iOkkA', 'scrypt:32768:8:1$cTaCfsjbcgw3lQeT$f2f6d26bfa55b09e31bb8a94c035a52061e598165305d264b22fc24a4cc3a92c371f68b60396553732ac44efa467ab1cf810a0216cc20a3371aff516dffec9c3');
INSERT INTO "Login_credentials" ("Login_credentials_ID", "Login", "Password") VALUES (92, 'jNqDhcyjoE', 'scrypt:32768:8:1$W0y5i600NvJ2qDvn$0c0c15462fd2b122d838fd6085f9b1c07b8635762a773647afea2a7fded0804e486fa608c941791851f15750939ba6b64ad617a0cbbda3822f58e0bd79291127');
INSERT INTO "Login_credentials" ("Login_credentials_ID", "Login", "Password") VALUES (93, 'cWgOD', 'scrypt:32768:8:1$CX0AicYi6NNbOtZH$39692445c11d9c268b78234fdd35abe2bb8cca213a119b8fe08b2338b4fe09454d5785a1f69ec1ace846fd84681cef61d22930ff441edd242a75431f949d2bcd');
INSERT INTO "Login_credentials" ("Login_credentials_ID", "Login", "Password") VALUES (94, 'iXHrkhtj', 'scrypt:32768:8:1$nNfi3qMW7xcsFKhT$637cb2ecc09081e02e97410be60c796bb21cf5e118d488c77e22017302d3d461adc60bd29330825c0a7fea39b1d447b3f2b58a11b409855825619f139069c1b7');
INSERT INTO "Login_credentials" ("Login_credentials_ID", "Login", "Password") VALUES (95, 'OblZozDZSf', 'scrypt:32768:8:1$A29072tbMIzdDla2$a5770fc71c1abe6c0c9b37140880d1c5110a7b215e2708fc5288d7d5836de9ef0fc5c98583b8c4d8b25332277b85a6e3d7251c3753b96c655c18a53f532e7946');
INSERT INTO "Login_credentials" ("Login_credentials_ID", "Login", "Password") VALUES (96, 'vumIuGGV', 'scrypt:32768:8:1$LxGBXsLXUr2jsW7i$890df4ea72124ffe26ea987771de5e3a190e90c2bd0e4516c0a0709cd933ad2ce83f18a4fd4d4fb34731b98ea7aa60dc0c3f7e5437d2535face1a01d1a1fc15f');
INSERT INTO "Login_credentials" ("Login_credentials_ID", "Login", "Password") VALUES (97, 'QfdwGVDxO', 'scrypt:32768:8:1$qVwsTnsmR8Ed7Hto$bd78be41d83ef35723b416a88595f8eb60ead2743130ecaffa04c074fd11bef3e192cce64aa122efaf914ae86a6f235a9587afb7ac1f01930068b9e83a272897');
INSERT INTO "Login_credentials" ("Login_credentials_ID", "Login", "Password") VALUES (98, 'VzlgfZTR', 'scrypt:32768:8:1$bM5PDKdnMwQtA5KO$2614bc7863e6aa8d880e53fe02439f0b8bb8e693d58d59ed49e7260c105baf7a022d59fdb84a8616acbfde9e1536467bde60ef474a76095df6d8a0e8e63b498c');
INSERT INTO "Login_credentials" ("Login_credentials_ID", "Login", "Password") VALUES (99, 'TDRDombGhq', 'scrypt:32768:8:1$lIx8Warg6Kf5gge7$d3f68769eaacdf93e32c9c8f64c6029f6bae5c79c5926eb6542dc90efa88dedd6655491f349bae3786859cfe7d8be29820fcbf8fc46785638b754a4ccb89fda3');
INSERT INTO "Login_credentials" ("Login_credentials_ID", "Login", "Password") VALUES (100, 'qvpdVIs', 'scrypt:32768:8:1$zyrPCUWelMLWFNsT$dcd568e893f39e0c0132939cbff1507bba3fc53f00d0d7aae73792a5b029cb83c43859c8426b9b875df1f685958d0130ddb73ea9a18e5feb9d552957c656d87f');
INSERT INTO "Employee" ("Employee_ID", "Name", "Surname", "Gender", "Salary", "Date_of_birth", "Phone_number", "Employee_status_ID", "Car_dealer_ID", "Login_credentials_ID") VALUES (1, 'Emery', 'Carr', 'F', NULL, '1979-12-06', '461646530', 1, 6, 1);
INSERT INTO "Employee" ("Employee_ID", "Name", "Surname", "Gender", "Salary", "Date_of_birth", "Phone_number", "Employee_status_ID", "Car_dealer_ID", "Login_credentials_ID") VALUES (2, 'Gideon', 'Fleming', 'M', NULL, '1963-05-02', '209805257', 1, 18, 2);
INSERT INTO "Employee" ("Employee_ID", "Name", "Surname", "Gender", "Salary", "Date_of_birth", "Phone_number", "Employee_status_ID", "Car_dealer_ID", "Login_credentials_ID") VALUES (3, 'Emmanuel', 'Hamilton', 'M', NULL, '1970-08-21', '525439330', 1, 30, 3);
INSERT INTO "Employee" ("Employee_ID", "Name", "Surname", "Gender", "Salary", "Date_of_birth", "Phone_number", "Employee_status_ID", "Car_dealer_ID", "Login_credentials_ID") VALUES (4, 'Isla', 'Butler', 'F', NULL, '1968-02-07', '760157084', 2, 15, 4);
INSERT INTO "Employee" ("Employee_ID", "Name", "Surname", "Gender", "Salary", "Date_of_birth", "Phone_number", "Employee_status_ID", "Car_dealer_ID", "Login_credentials_ID") VALUES (5, 'Max', 'Gibbs', 'M', NULL, '2006-12-31', '396496489', 2, 26, 5);
INSERT INTO "Employee" ("Employee_ID", "Name", "Surname", "Gender", "Salary", "Date_of_birth", "Phone_number", "Employee_status_ID", "Car_dealer_ID", "Login_credentials_ID") VALUES (6, 'Quentin', 'Tyler', 'M', NULL, '1963-09-20', '484746184', 1, 29, 6);
INSERT INTO "Employee" ("Employee_ID", "Name", "Surname", "Gender", "Salary", "Date_of_birth", "Phone_number", "Employee_status_ID", "Car_dealer_ID", "Login_credentials_ID") VALUES (7, 'Laila', 'Hart', 'F', NULL, '1956-03-18', '261720922', 2, 30, 7);
INSERT INTO "Employee" ("Employee_ID", "Name", "Surname", "Gender", "Salary", "Date_of_birth", "Phone_number", "Employee_status_ID", "Car_dealer_ID", "Login_credentials_ID") VALUES (8, 'Nathan', 'Reed', 'M', NULL, '1958-08-31', '829306702', 1, 5, 8);
INSERT INTO "Employee" ("Employee_ID", "Name", "Surname", "Gender", "Salary", "Date_of_birth", "Phone_number", "Employee_status_ID", "Car_dealer_ID", "Login_credentials_ID") VALUES (9, 'Kylie', 'Kennedy', 'F', NULL, '2004-09-02', '977391397', 1, 22, 9);
INSERT INTO "Employee" ("Employee_ID", "Name", "Surname", "Gender", "Salary", "Date_of_birth", "Phone_number", "Employee_status_ID", "Car_dealer_ID", "Login_credentials_ID") VALUES (10, 'Caroline', 'Reed', 'F', NULL, '1987-06-22', '689605488', 1, 10, 10);
INSERT INTO "Employee" ("Employee_ID", "Name", "Surname", "Gender", "Salary", "Date_of_birth", "Phone_number", "Employee_status_ID", "Car_dealer_ID", "Login_credentials_ID") VALUES (11, 'Hudson', 'Perez', 'M', NULL, '1980-11-26', '238936205', 2, 21, 11);
INSERT INTO "Employee" ("Employee_ID", "Name", "Surname", "Gender", "Salary", "Date_of_birth", "Phone_number", "Employee_status_ID", "Car_dealer_ID", "Login_credentials_ID") VALUES (12, 'Ivy', 'Sanders', 'F', NULL, '1956-06-03', '876877913', 2, 7, 12);
INSERT INTO "Employee" ("Employee_ID", "Name", "Surname", "Gender", "Salary", "Date_of_birth", "Phone_number", "Employee_status_ID", "Car_dealer_ID", "Login_credentials_ID") VALUES (13, 'Penelope', 'Lee', 'F', NULL, '1962-11-17', '606183850', 2, 29, 13);
INSERT INTO "Employee" ("Employee_ID", "Name", "Surname", "Gender", "Salary", "Date_of_birth", "Phone_number", "Employee_status_ID", "Car_dealer_ID", "Login_credentials_ID") VALUES (14, 'Katherine', 'Bennett', 'F', NULL, '1971-09-25', '698072984', 1, 21, 14);
INSERT INTO "Employee" ("Employee_ID", "Name", "Surname", "Gender", "Salary", "Date_of_birth", "Phone_number", "Employee_status_ID", "Car_dealer_ID", "Login_credentials_ID") VALUES (15, 'Jacob', 'Jackson', 'M', NULL, '1998-06-25', '334858041', 1, 2, 15);
INSERT INTO "Employee" ("Employee_ID", "Name", "Surname", "Gender", "Salary", "Date_of_birth", "Phone_number", "Employee_status_ID", "Car_dealer_ID", "Login_credentials_ID") VALUES (16, 'Scarlett', 'Garcia', 'F', NULL, '1969-04-30', '740453894', 1, 3, 16);
INSERT INTO "Employee" ("Employee_ID", "Name", "Surname", "Gender", "Salary", "Date_of_birth", "Phone_number", "Employee_status_ID", "Car_dealer_ID", "Login_credentials_ID") VALUES (17, 'Evan', 'Henderson', 'M', NULL, '1958-06-11', '916001588', 2, 13, 17);
INSERT INTO "Employee" ("Employee_ID", "Name", "Surname", "Gender", "Salary", "Date_of_birth", "Phone_number", "Employee_status_ID", "Car_dealer_ID", "Login_credentials_ID") VALUES (18, 'Oakley', 'Barber', 'F', NULL, '1987-01-15', '314267183', 1, 6, 18);
INSERT INTO "Employee" ("Employee_ID", "Name", "Surname", "Gender", "Salary", "Date_of_birth", "Phone_number", "Employee_status_ID", "Car_dealer_ID", "Login_credentials_ID") VALUES (19, 'Niko', 'Doyle', 'M', NULL, '2002-10-10', '352648896', 1, 20, 19);
INSERT INTO "Employee" ("Employee_ID", "Name", "Surname", "Gender", "Salary", "Date_of_birth", "Phone_number", "Employee_status_ID", "Car_dealer_ID", "Login_credentials_ID") VALUES (20, 'Karter', 'Hicks', 'M', NULL, '1997-05-27', '709778389', 1, 19, 20);
INSERT INTO "Employee" ("Employee_ID", "Name", "Surname", "Gender", "Salary", "Date_of_birth", "Phone_number", "Employee_status_ID", "Car_dealer_ID", "Login_credentials_ID") VALUES (21, 'Cassidy', 'Brewer', 'F', NULL, '1991-12-21', '890712410', 1, 8, 21);
INSERT INTO "Employee" ("Employee_ID", "Name", "Surname", "Gender", "Salary", "Date_of_birth", "Phone_number", "Employee_status_ID", "Car_dealer_ID", "Login_credentials_ID") VALUES (22, 'Roy', 'Vargas', 'M', NULL, '1988-11-02', '282268711', 2, 27, 22);
INSERT INTO "Employee" ("Employee_ID", "Name", "Surname", "Gender", "Salary", "Date_of_birth", "Phone_number", "Employee_status_ID", "Car_dealer_ID", "Login_credentials_ID") VALUES (23, 'Josiah', 'Collins', 'M', NULL, '2005-04-28', '295580504', 2, 16, 23);
INSERT INTO "Employee" ("Employee_ID", "Name", "Surname", "Gender", "Salary", "Date_of_birth", "Phone_number", "Employee_status_ID", "Car_dealer_ID", "Login_credentials_ID") VALUES (24, 'Troy', 'Osborne', 'M', NULL, '1987-07-19', '311003292', 2, 9, 24);
INSERT INTO "Employee" ("Employee_ID", "Name", "Surname", "Gender", "Salary", "Date_of_birth", "Phone_number", "Employee_status_ID", "Car_dealer_ID", "Login_credentials_ID") VALUES (25, 'Luke', 'Wright', 'M', NULL, '1980-05-13', '842281570', 2, 9, 25);
INSERT INTO "Employee" ("Employee_ID", "Name", "Surname", "Gender", "Salary", "Date_of_birth", "Phone_number", "Employee_status_ID", "Car_dealer_ID", "Login_credentials_ID") VALUES (26, 'Freya', 'Warren', 'F', NULL, '1964-10-20', '390410005', 2, 1, 26);
INSERT INTO "Employee" ("Employee_ID", "Name", "Surname", "Gender", "Salary", "Date_of_birth", "Phone_number", "Employee_status_ID", "Car_dealer_ID", "Login_credentials_ID") VALUES (27, 'Charli', 'Parks', 'F', NULL, '2002-03-07', '925390681', 2, 3, 27);
INSERT INTO "Employee" ("Employee_ID", "Name", "Surname", "Gender", "Salary", "Date_of_birth", "Phone_number", "Employee_status_ID", "Car_dealer_ID", "Login_credentials_ID") VALUES (28, 'Nylah', 'Tyler', 'F', NULL, '1988-08-27', '978855661', 2, 13, 28);
INSERT INTO "Employee" ("Employee_ID", "Name", "Surname", "Gender", "Salary", "Date_of_birth", "Phone_number", "Employee_status_ID", "Car_dealer_ID", "Login_credentials_ID") VALUES (29, 'Kaylani', 'Glass', 'F', NULL, '1996-09-21', '392274144', 2, 27, 29);
INSERT INTO "Employee" ("Employee_ID", "Name", "Surname", "Gender", "Salary", "Date_of_birth", "Phone_number", "Employee_status_ID", "Car_dealer_ID", "Login_credentials_ID") VALUES (30, 'Jack', 'Clark', 'M', NULL, '1972-06-08', '671574204', 2, 30, 30);
INSERT INTO "Employee" ("Employee_ID", "Name", "Surname", "Gender", "Salary", "Date_of_birth", "Phone_number", "Employee_status_ID", "Car_dealer_ID", "Login_credentials_ID") VALUES (31, 'Angela', 'Medina', 'F', NULL, '1972-09-22', '572610109', 1, 8, 31);
INSERT INTO "Employee" ("Employee_ID", "Name", "Surname", "Gender", "Salary", "Date_of_birth", "Phone_number", "Employee_status_ID", "Car_dealer_ID", "Login_credentials_ID") VALUES (32, 'Madison', 'Thompson', 'F', NULL, '1963-02-13', '791816757', 2, 28, 32);
INSERT INTO "Employee" ("Employee_ID", "Name", "Surname", "Gender", "Salary", "Date_of_birth", "Phone_number", "Employee_status_ID", "Car_dealer_ID", "Login_credentials_ID") VALUES (33, 'Jared', 'Roy', 'M', NULL, '1981-05-29', '335158252', 1, 27, 33);
INSERT INTO "Employee" ("Employee_ID", "Name", "Surname", "Gender", "Salary", "Date_of_birth", "Phone_number", "Employee_status_ID", "Car_dealer_ID", "Login_credentials_ID") VALUES (34, 'Maximus', 'Diaz', 'M', NULL, '1971-08-10', '906047107', 2, 17, 34);
INSERT INTO "Employee" ("Employee_ID", "Name", "Surname", "Gender", "Salary", "Date_of_birth", "Phone_number", "Employee_status_ID", "Car_dealer_ID", "Login_credentials_ID") VALUES (35, 'Cora', 'Peterson', 'F', NULL, '1971-02-10', '195162408', 1, 11, 35);
INSERT INTO "Employee" ("Employee_ID", "Name", "Surname", "Gender", "Salary", "Date_of_birth", "Phone_number", "Employee_status_ID", "Car_dealer_ID", "Login_credentials_ID") VALUES (36, 'Timothy', 'West', 'M', NULL, '1963-08-25', '935223396', 2, 29, 36);
INSERT INTO "Employee" ("Employee_ID", "Name", "Surname", "Gender", "Salary", "Date_of_birth", "Phone_number", "Employee_status_ID", "Car_dealer_ID", "Login_credentials_ID") VALUES (37, 'Brody', 'Chapman', 'M', NULL, '1979-10-23', '549915619', 2, 20, 37);
INSERT INTO "Employee" ("Employee_ID", "Name", "Surname", "Gender", "Salary", "Date_of_birth", "Phone_number", "Employee_status_ID", "Car_dealer_ID", "Login_credentials_ID") VALUES (38, 'Evelyn', 'Moore', 'F', NULL, '1994-10-20', '861561974', 1, 7, 38);
INSERT INTO "Employee" ("Employee_ID", "Name", "Surname", "Gender", "Salary", "Date_of_birth", "Phone_number", "Employee_status_ID", "Car_dealer_ID", "Login_credentials_ID") VALUES (39, 'Benjamin', 'Miller', 'M', NULL, '1965-04-23', '802595351', 2, 11, 39);
INSERT INTO "Employee" ("Employee_ID", "Name", "Surname", "Gender", "Salary", "Date_of_birth", "Phone_number", "Employee_status_ID", "Car_dealer_ID", "Login_credentials_ID") VALUES (40, 'Antonio', 'Andrews', 'M', NULL, '1989-08-23', '670143324', 1, 23, 40);
INSERT INTO "Employee" ("Employee_ID", "Name", "Surname", "Gender", "Salary", "Date_of_birth", "Phone_number", "Employee_status_ID", "Car_dealer_ID", "Login_credentials_ID") VALUES (41, 'Savannah', 'Gonzalez', 'F', NULL, '1983-08-29', '793391698', 2, 3, 41);
INSERT INTO "Employee" ("Employee_ID", "Name", "Surname", "Gender", "Salary", "Date_of_birth", "Phone_number", "Employee_status_ID", "Car_dealer_ID", "Login_credentials_ID") VALUES (42, 'Hayden', 'Stone', 'M', NULL, '1965-05-06', '861558428', 2, 28, 42);
INSERT INTO "Employee" ("Employee_ID", "Name", "Surname", "Gender", "Salary", "Date_of_birth", "Phone_number", "Employee_status_ID", "Car_dealer_ID", "Login_credentials_ID") VALUES (43, 'Isaiah', 'Stewart', 'M', NULL, '1970-09-03', '548656499', 2, 18, 43);
INSERT INTO "Employee" ("Employee_ID", "Name", "Surname", "Gender", "Salary", "Date_of_birth", "Phone_number", "Employee_status_ID", "Car_dealer_ID", "Login_credentials_ID") VALUES (44, 'Tessa', 'Mason', 'F', NULL, '1956-01-12', '245518460', 2, 6, 44);
INSERT INTO "Employee" ("Employee_ID", "Name", "Surname", "Gender", "Salary", "Date_of_birth", "Phone_number", "Employee_status_ID", "Car_dealer_ID", "Login_credentials_ID") VALUES (45, 'Matilda', 'Todd', 'F', NULL, '1981-01-08', '317683075', 1, 2, 45);
INSERT INTO "Employee" ("Employee_ID", "Name", "Surname", "Gender", "Salary", "Date_of_birth", "Phone_number", "Employee_status_ID", "Car_dealer_ID", "Login_credentials_ID") VALUES (46, 'Serenity', 'Ward', 'F', NULL, '1991-07-24', '339201696', 2, 8, 46);
INSERT INTO "Employee" ("Employee_ID", "Name", "Surname", "Gender", "Salary", "Date_of_birth", "Phone_number", "Employee_status_ID", "Car_dealer_ID", "Login_credentials_ID") VALUES (47, 'Emmett', 'Myers', 'M', NULL, '1985-04-22', '215105110', 1, 4, 47);
INSERT INTO "Employee" ("Employee_ID", "Name", "Surname", "Gender", "Salary", "Date_of_birth", "Phone_number", "Employee_status_ID", "Car_dealer_ID", "Login_credentials_ID") VALUES (48, 'Christian', 'Cooper', 'M', NULL, '1994-04-27', '450478104', 2, 30, 48);
INSERT INTO "Employee" ("Employee_ID", "Name", "Surname", "Gender", "Salary", "Date_of_birth", "Phone_number", "Employee_status_ID", "Car_dealer_ID", "Login_credentials_ID") VALUES (49, 'Beau', 'Alexander', 'M', NULL, '2003-06-30', '197333852', 2, 29, 49);
INSERT INTO "Employee" ("Employee_ID", "Name", "Surname", "Gender", "Salary", "Date_of_birth", "Phone_number", "Employee_status_ID", "Car_dealer_ID", "Login_credentials_ID") VALUES (50, 'Theodore', 'Lewis', 'M', NULL, '1986-10-12', '757233571', 2, 6, 50);
INSERT INTO "Employee" ("Employee_ID", "Name", "Surname", "Gender", "Salary", "Date_of_birth", "Phone_number", "Employee_status_ID", "Car_dealer_ID", "Login_credentials_ID") VALUES (51, 'Brooks', 'Patterson', 'M', NULL, '2000-04-12', '474050695', 2, 9, 51);
INSERT INTO "Employee" ("Employee_ID", "Name", "Surname", "Gender", "Salary", "Date_of_birth", "Phone_number", "Employee_status_ID", "Car_dealer_ID", "Login_credentials_ID") VALUES (52, 'Darius', 'Bishop', 'M', NULL, '1993-08-27', '567948321', 1, 10, 52);
INSERT INTO "Employee" ("Employee_ID", "Name", "Surname", "Gender", "Salary", "Date_of_birth", "Phone_number", "Employee_status_ID", "Car_dealer_ID", "Login_credentials_ID") VALUES (53, 'Mia', 'Miller', 'F', NULL, '2006-06-05', '573088285', 2, 23, 53);
INSERT INTO "Employee" ("Employee_ID", "Name", "Surname", "Gender", "Salary", "Date_of_birth", "Phone_number", "Employee_status_ID", "Car_dealer_ID", "Login_credentials_ID") VALUES (54, 'Alexandra', 'Lane', 'F', NULL, '1957-05-06', '564480076', 2, 18, 54);
INSERT INTO "Employee" ("Employee_ID", "Name", "Surname", "Gender", "Salary", "Date_of_birth", "Phone_number", "Employee_status_ID", "Car_dealer_ID", "Login_credentials_ID") VALUES (55, 'Cooper', 'Kelly', 'M', NULL, '1978-05-15', '887395042', 2, 15, 55);
INSERT INTO "Employee" ("Employee_ID", "Name", "Surname", "Gender", "Salary", "Date_of_birth", "Phone_number", "Employee_status_ID", "Car_dealer_ID", "Login_credentials_ID") VALUES (56, 'Peter', 'Daniels', 'M', NULL, '2004-07-02', '385284637', 2, 13, 56);
INSERT INTO "Employee" ("Employee_ID", "Name", "Surname", "Gender", "Salary", "Date_of_birth", "Phone_number", "Employee_status_ID", "Car_dealer_ID", "Login_credentials_ID") VALUES (57, 'Danielle', 'Ballard', 'F', NULL, '1959-03-01', '827204076', 1, 22, 57);
INSERT INTO "Employee" ("Employee_ID", "Name", "Surname", "Gender", "Salary", "Date_of_birth", "Phone_number", "Employee_status_ID", "Car_dealer_ID", "Login_credentials_ID") VALUES (58, 'Bryce', 'Cross', 'M', NULL, '1957-04-19', '274886565', 1, 6, 58);
INSERT INTO "Employee" ("Employee_ID", "Name", "Surname", "Gender", "Salary", "Date_of_birth", "Phone_number", "Employee_status_ID", "Car_dealer_ID", "Login_credentials_ID") VALUES (59, 'Leo', 'Adams', 'M', NULL, '1991-02-03', '348902235', 2, 8, 59);
INSERT INTO "Employee" ("Employee_ID", "Name", "Surname", "Gender", "Salary", "Date_of_birth", "Phone_number", "Employee_status_ID", "Car_dealer_ID", "Login_credentials_ID") VALUES (60, 'Malik', 'Bishop', 'M', NULL, '1990-01-06', '394634953', 2, 7, 60);
INSERT INTO "Employee" ("Employee_ID", "Name", "Surname", "Gender", "Salary", "Date_of_birth", "Phone_number", "Employee_status_ID", "Car_dealer_ID", "Login_credentials_ID") VALUES (61, 'Joy', 'Thornton', 'F', NULL, '1997-12-22', '558287725', 1, 17, 61);
INSERT INTO "Employee" ("Employee_ID", "Name", "Surname", "Gender", "Salary", "Date_of_birth", "Phone_number", "Employee_status_ID", "Car_dealer_ID", "Login_credentials_ID") VALUES (62, 'Marley', 'Morales', 'F', NULL, '1979-01-23', '454859692', 2, 14, 62);
INSERT INTO "Employee" ("Employee_ID", "Name", "Surname", "Gender", "Salary", "Date_of_birth", "Phone_number", "Employee_status_ID", "Car_dealer_ID", "Login_credentials_ID") VALUES (63, 'Lauren', 'Spencer', 'F', NULL, '2000-10-06', '280688591', 1, 23, 63);
INSERT INTO "Employee" ("Employee_ID", "Name", "Surname", "Gender", "Salary", "Date_of_birth", "Phone_number", "Employee_status_ID", "Car_dealer_ID", "Login_credentials_ID") VALUES (64, 'Colin', 'Arnold', 'M', NULL, '1995-08-31', '742577122', 2, 4, 64);
INSERT INTO "Employee" ("Employee_ID", "Name", "Surname", "Gender", "Salary", "Date_of_birth", "Phone_number", "Employee_status_ID", "Car_dealer_ID", "Login_credentials_ID") VALUES (65, 'Santiago', 'James', 'M', NULL, '1966-04-28', '129791036', 1, 28, 65);
INSERT INTO "Employee" ("Employee_ID", "Name", "Surname", "Gender", "Salary", "Date_of_birth", "Phone_number", "Employee_status_ID", "Car_dealer_ID", "Login_credentials_ID") VALUES (66, 'Matthew', 'King', 'M', NULL, '1987-07-15', '324909403', 2, 15, 66);
INSERT INTO "Employee" ("Employee_ID", "Name", "Surname", "Gender", "Salary", "Date_of_birth", "Phone_number", "Employee_status_ID", "Car_dealer_ID", "Login_credentials_ID") VALUES (67, 'Alex', 'Mason', 'M', NULL, '1996-12-18', '234007611', 2, 1, 67);
INSERT INTO "Employee" ("Employee_ID", "Name", "Surname", "Gender", "Salary", "Date_of_birth", "Phone_number", "Employee_status_ID", "Car_dealer_ID", "Login_credentials_ID") VALUES (68, 'Henry', 'Wilson', 'M', NULL, '1977-03-01', '658187437', 1, 29, 68);
INSERT INTO "Employee" ("Employee_ID", "Name", "Surname", "Gender", "Salary", "Date_of_birth", "Phone_number", "Employee_status_ID", "Car_dealer_ID", "Login_credentials_ID") VALUES (69, 'Ian', 'Ross', 'M', NULL, '1959-06-01', '426095272', 2, 8, 69);
INSERT INTO "Employee" ("Employee_ID", "Name", "Surname", "Gender", "Salary", "Date_of_birth", "Phone_number", "Employee_status_ID", "Car_dealer_ID", "Login_credentials_ID") VALUES (70, 'Julian', 'Scott', 'M', NULL, '1958-01-20', '582525417', 2, 26, 70);
INSERT INTO "Employee" ("Employee_ID", "Name", "Surname", "Gender", "Salary", "Date_of_birth", "Phone_number", "Employee_status_ID", "Car_dealer_ID", "Login_credentials_ID") VALUES (71, 'Luca', 'Torres', 'M', NULL, '2000-07-02', '743688788', 1, 28, 71);
INSERT INTO "Employee" ("Employee_ID", "Name", "Surname", "Gender", "Salary", "Date_of_birth", "Phone_number", "Employee_status_ID", "Car_dealer_ID", "Login_credentials_ID") VALUES (72, 'Oscar', 'Pierce', 'M', NULL, '1964-01-05', '733538614', 2, 13, 72);
INSERT INTO "Employee" ("Employee_ID", "Name", "Surname", "Gender", "Salary", "Date_of_birth", "Phone_number", "Employee_status_ID", "Car_dealer_ID", "Login_credentials_ID") VALUES (73, 'Angela', 'Freeman', 'F', NULL, '1978-06-08', '516909791', 2, 13, 73);
INSERT INTO "Employee" ("Employee_ID", "Name", "Surname", "Gender", "Salary", "Date_of_birth", "Phone_number", "Employee_status_ID", "Car_dealer_ID", "Login_credentials_ID") VALUES (74, 'Ruth', 'Jordan', 'F', NULL, '1969-11-27', '424111573', 1, 17, 74);
INSERT INTO "Employee" ("Employee_ID", "Name", "Surname", "Gender", "Salary", "Date_of_birth", "Phone_number", "Employee_status_ID", "Car_dealer_ID", "Login_credentials_ID") VALUES (75, 'Daisy', 'Elliott', 'F', NULL, '1999-03-02', '644365331', 1, 27, 75);
INSERT INTO "Employee" ("Employee_ID", "Name", "Surname", "Gender", "Salary", "Date_of_birth", "Phone_number", "Employee_status_ID", "Car_dealer_ID", "Login_credentials_ID") VALUES (76, 'Louis', 'Hunter', 'M', NULL, '1983-06-11', '889223098', 2, 26, 76);
INSERT INTO "Employee" ("Employee_ID", "Name", "Surname", "Gender", "Salary", "Date_of_birth", "Phone_number", "Employee_status_ID", "Car_dealer_ID", "Login_credentials_ID") VALUES (77, 'Trinity', 'Simmons', 'F', NULL, '1966-09-13', '482295397', 2, 15, 77);
INSERT INTO "Employee" ("Employee_ID", "Name", "Surname", "Gender", "Salary", "Date_of_birth", "Phone_number", "Employee_status_ID", "Car_dealer_ID", "Login_credentials_ID") VALUES (78, 'Hannah', 'Lopez', 'F', NULL, '2004-01-24', '460179235', 2, 2, 78);
INSERT INTO "Employee" ("Employee_ID", "Name", "Surname", "Gender", "Salary", "Date_of_birth", "Phone_number", "Employee_status_ID", "Car_dealer_ID", "Login_credentials_ID") VALUES (79, 'Harper', 'Anderson', 'F', NULL, '1989-09-24', '242674889', 2, 4, 79);
INSERT INTO "Employee" ("Employee_ID", "Name", "Surname", "Gender", "Salary", "Date_of_birth", "Phone_number", "Employee_status_ID", "Car_dealer_ID", "Login_credentials_ID") VALUES (80, 'Vincent', 'Warren', 'M', NULL, '2001-02-11', '952112850', 2, 1, 80);
INSERT INTO "Employee" ("Employee_ID", "Name", "Surname", "Gender", "Salary", "Date_of_birth", "Phone_number", "Employee_status_ID", "Car_dealer_ID", "Login_credentials_ID") VALUES (81, 'Aaron', 'Richardson', 'M', NULL, '1985-05-08', '326687287', 2, 3, 81);
INSERT INTO "Employee" ("Employee_ID", "Name", "Surname", "Gender", "Salary", "Date_of_birth", "Phone_number", "Employee_status_ID", "Car_dealer_ID", "Login_credentials_ID") VALUES (82, 'Jason', 'Bennett', 'M', NULL, '1971-04-19', '451882283', 2, 29, 82);
INSERT INTO "Employee" ("Employee_ID", "Name", "Surname", "Gender", "Salary", "Date_of_birth", "Phone_number", "Employee_status_ID", "Car_dealer_ID", "Login_credentials_ID") VALUES (83, 'Cecilia', 'Rowe', 'F', NULL, '1994-05-02', '312250788', 1, 24, 83);
INSERT INTO "Employee" ("Employee_ID", "Name", "Surname", "Gender", "Salary", "Date_of_birth", "Phone_number", "Employee_status_ID", "Car_dealer_ID", "Login_credentials_ID") VALUES (84, 'Kayla', 'Steele', 'F', NULL, '1985-08-23', '786413718', 1, 4, 84);
INSERT INTO "Employee" ("Employee_ID", "Name", "Surname", "Gender", "Salary", "Date_of_birth", "Phone_number", "Employee_status_ID", "Car_dealer_ID", "Login_credentials_ID") VALUES (85, 'Cyrus', 'Barrett', 'M', NULL, '2001-03-04', '538751247', 2, 2, 85);
INSERT INTO "Employee" ("Employee_ID", "Name", "Surname", "Gender", "Salary", "Date_of_birth", "Phone_number", "Employee_status_ID", "Car_dealer_ID", "Login_credentials_ID") VALUES (86, 'James', 'Jones', 'M', NULL, '1985-03-22', '583077578', 2, 1, 86);
INSERT INTO "Employee" ("Employee_ID", "Name", "Surname", "Gender", "Salary", "Date_of_birth", "Phone_number", "Employee_status_ID", "Car_dealer_ID", "Login_credentials_ID") VALUES (87, 'Lawson', 'Rice', 'M', NULL, '1996-11-01', '230560377', 2, 27, 87);
INSERT INTO "Employee" ("Employee_ID", "Name", "Surname", "Gender", "Salary", "Date_of_birth", "Phone_number", "Employee_status_ID", "Car_dealer_ID", "Login_credentials_ID") VALUES (88, 'Elliot', 'Chambers', 'F', NULL, '1988-12-24', '195676832', 1, 6, 88);
INSERT INTO "Employee" ("Employee_ID", "Name", "Surname", "Gender", "Salary", "Date_of_birth", "Phone_number", "Employee_status_ID", "Car_dealer_ID", "Login_credentials_ID") VALUES (89, 'Liliana', 'Washington', 'F', NULL, '2005-03-16', '390727176', 2, 11, 89);
INSERT INTO "Employee" ("Employee_ID", "Name", "Surname", "Gender", "Salary", "Date_of_birth", "Phone_number", "Employee_status_ID", "Car_dealer_ID", "Login_credentials_ID") VALUES (90, 'Michael', 'Taylor', 'M', NULL, '1992-05-02', '260364769', 1, 30, 90);
INSERT INTO "Employee" ("Employee_ID", "Name", "Surname", "Gender", "Salary", "Date_of_birth", "Phone_number", "Employee_status_ID", "Car_dealer_ID", "Login_credentials_ID") VALUES (91, 'Thomas', 'Phillips', 'M', NULL, '1994-09-11', '923768474', 2, 18, 91);
INSERT INTO "Employee" ("Employee_ID", "Name", "Surname", "Gender", "Salary", "Date_of_birth", "Phone_number", "Employee_status_ID", "Car_dealer_ID", "Login_credentials_ID") VALUES (92, 'Grant', 'Hawkins', 'M', NULL, '1968-06-24', '873327000', 1, 11, 92);
INSERT INTO "Employee" ("Employee_ID", "Name", "Surname", "Gender", "Salary", "Date_of_birth", "Phone_number", "Employee_status_ID", "Car_dealer_ID", "Login_credentials_ID") VALUES (93, 'Warren', 'Steele', 'M', NULL, '1974-03-19', '612896374', 2, 18, 93);
INSERT INTO "Employee" ("Employee_ID", "Name", "Surname", "Gender", "Salary", "Date_of_birth", "Phone_number", "Employee_status_ID", "Car_dealer_ID", "Login_credentials_ID") VALUES (94, 'Easton', 'Brooks', 'M', NULL, '1970-01-11', '693340792', 2, 1, 94);
INSERT INTO "Employee" ("Employee_ID", "Name", "Surname", "Gender", "Salary", "Date_of_birth", "Phone_number", "Employee_status_ID", "Car_dealer_ID", "Login_credentials_ID") VALUES (95, 'Sage', 'Pierce', 'F', NULL, '1991-08-11', '662842040', 1, 28, 95);
INSERT INTO "Employee" ("Employee_ID", "Name", "Surname", "Gender", "Salary", "Date_of_birth", "Phone_number", "Employee_status_ID", "Car_dealer_ID", "Login_credentials_ID") VALUES (96, 'Alaia', 'Foster', 'F', NULL, '2003-09-07', '279356620', 1, 12, 96);
INSERT INTO "Employee" ("Employee_ID", "Name", "Surname", "Gender", "Salary", "Date_of_birth", "Phone_number", "Employee_status_ID", "Car_dealer_ID", "Login_credentials_ID") VALUES (97, 'Katie', 'Graham', 'F', NULL, '2000-04-03', '119989745', 1, 26, 97);
INSERT INTO "Employee" ("Employee_ID", "Name", "Surname", "Gender", "Salary", "Date_of_birth", "Phone_number", "Employee_status_ID", "Car_dealer_ID", "Login_credentials_ID") VALUES (98, 'Amber', 'Phelps', 'F', NULL, '2004-11-30', '879748539', 1, 2, 98);
INSERT INTO "Employee" ("Employee_ID", "Name", "Surname", "Gender", "Salary", "Date_of_birth", "Phone_number", "Employee_status_ID", "Car_dealer_ID", "Login_credentials_ID") VALUES (99, 'Cameron', 'Pope', 'F', NULL, '1962-03-26', '624717211', 1, 14, 99);
INSERT INTO "Employee" ("Employee_ID", "Name", "Surname", "Gender", "Salary", "Date_of_birth", "Phone_number", "Employee_status_ID", "Car_dealer_ID", "Login_credentials_ID") VALUES (100, 'Abigail', 'Taylor', 'F', NULL, '2002-10-11', '548982346', 1, 3, 100);
INSERT INTO "Client" ("Client_ID", "Name", "Surname", "Gender", "Mail", "Phone") VALUES (1, 'Diana', 'Porter', 'F', 'Diana.Porter@outlook.com', '719159337');
INSERT INTO "Client" ("Client_ID", "Name", "Surname", "Gender", "Mail", "Phone") VALUES (2, 'Mira', 'Berry', 'F', 'Mira.Berry@gmail.com', '128838761');
INSERT INTO "Client" ("Client_ID", "Name", "Surname", "Gender", "Mail", "Phone") VALUES (3, 'Jake', 'Freeman', 'M', 'Jake.Freeman@aol.com', '859505965');
INSERT INTO "Client" ("Client_ID", "Name", "Surname", "Gender", "Mail", "Phone") VALUES (4, 'Paisley', 'Phillips', 'F', 'Paisley.Phillips@aol.com', '521877952');
INSERT INTO "Client" ("Client_ID", "Name", "Surname", "Gender", "Mail", "Phone") VALUES (5, 'Theo', 'Perkins', 'M', 'Theo.Perkins@yahoo.com', '844848187');
INSERT INTO "Client" ("Client_ID", "Name", "Surname", "Gender", "Mail", "Phone") VALUES (6, 'Annie', 'Becker', 'F', 'Annie.Becker@hotmail.com', '768257080');
INSERT INTO "Client" ("Client_ID", "Name", "Surname", "Gender", "Mail", "Phone") VALUES (7, 'Knox', 'Ford', 'M', 'Knox.Ford@yahoo.com', '501355306');
INSERT INTO "Client" ("Client_ID", "Name", "Surname", "Gender", "Mail", "Phone") VALUES (8, 'Phoenix', 'Porter', 'M', 'Phoenix.Porter@protonmail.com', '388974247');
INSERT INTO "Client" ("Client_ID", "Name", "Surname", "Gender", "Mail", "Phone") VALUES (9, 'Anthony', 'Mitchell', 'M', 'Anthony.Mitchell@yahoo.com', '936792619');
INSERT INTO "Client" ("Client_ID", "Name", "Surname", "Gender", "Mail", "Phone") VALUES (10, 'Zachary', 'Hayes', 'M', 'Zachary.Hayes@gmail.com', '739967366');
INSERT INTO "Client" ("Client_ID", "Name", "Surname", "Gender", "Mail", "Phone") VALUES (11, 'Alonzo', 'Barber', 'M', 'Alonzo.Barber@yahoo.com', '542302066');
INSERT INTO "Client" ("Client_ID", "Name", "Surname", "Gender", "Mail", "Phone") VALUES (12, 'Selena', 'Doyle', 'F', 'Selena.Doyle@gmail.com', '107578325');
INSERT INTO "Client" ("Client_ID", "Name", "Surname", "Gender", "Mail", "Phone") VALUES (13, 'Amelia', 'Wilson', 'F', 'Amelia.Wilson@outlook.com', '850599489');
INSERT INTO "Client" ("Client_ID", "Name", "Surname", "Gender", "Mail", "Phone") VALUES (14, 'Audrey', 'Campbell', 'F', 'Audrey.Campbell@hotmail.com', '943322174');
INSERT INTO "Client" ("Client_ID", "Name", "Surname", "Gender", "Mail", "Phone") VALUES (15, 'Riley', 'Walker', 'F', 'Riley.Walker@hotmail.com', '909876445');
INSERT INTO "Client" ("Client_ID", "Name", "Surname", "Gender", "Mail", "Phone") VALUES (16, 'Chloe', 'Rodriguez', 'F', 'Chloe.Rodriguez@protonmail.com', '138953927');
INSERT INTO "Client" ("Client_ID", "Name", "Surname", "Gender", "Mail", "Phone") VALUES (17, 'Kayden', 'Powell', 'M', 'Kayden.Powell@gmail.com', '507057229');
INSERT INTO "Client" ("Client_ID", "Name", "Surname", "Gender", "Mail", "Phone") VALUES (18, 'Jesse', 'Franklin', 'M', 'Jesse.Franklin@protonmail.com', '537129507');
INSERT INTO "Client" ("Client_ID", "Name", "Surname", "Gender", "Mail", "Phone") VALUES (19, 'Sophia', 'Jones', 'F', 'Sophia.Jones@aol.com', '199049157');
INSERT INTO "Client" ("Client_ID", "Name", "Surname", "Gender", "Mail", "Phone") VALUES (20, 'Anna', 'Morris', 'F', 'Anna.Morris@yahoo.com', '451609119');
INSERT INTO "Client" ("Client_ID", "Name", "Surname", "Gender", "Mail", "Phone") VALUES (21, 'Leah', 'Carter', 'F', 'Leah.Carter@gmail.com', '749462188');
INSERT INTO "Client" ("Client_ID", "Name", "Surname", "Gender", "Mail", "Phone") VALUES (22, 'Georgia', 'Cole', 'F', 'Georgia.Cole@yahoo.com', '794627363');
INSERT INTO "Client" ("Client_ID", "Name", "Surname", "Gender", "Mail", "Phone") VALUES (23, 'Adelyn', 'Ray', 'F', 'Adelyn.Ray@outlook.com', '153474009');
INSERT INTO "Client" ("Client_ID", "Name", "Surname", "Gender", "Mail", "Phone") VALUES (24, 'Lillian', 'Allen', 'F', 'Lillian.Allen@hotmail.com', '293712003');
INSERT INTO "Client" ("Client_ID", "Name", "Surname", "Gender", "Mail", "Phone") VALUES (25, 'Vanessa', 'Henry', 'F', 'Vanessa.Henry@gmail.com', '178127034');
INSERT INTO "Client" ("Client_ID", "Name", "Surname", "Gender", "Mail", "Phone") VALUES (26, 'Brayden', 'Sanders', 'M', 'Brayden.Sanders@gmail.com', '698092503');
INSERT INTO "Client" ("Client_ID", "Name", "Surname", "Gender", "Mail", "Phone") VALUES (27, 'Diego', 'Jordan', 'M', 'Diego.Jordan@gmail.com', '136239855');
INSERT INTO "Client" ("Client_ID", "Name", "Surname", "Gender", "Mail", "Phone") VALUES (28, 'Aria', 'Robinson', 'F', 'Aria.Robinson@aol.com', '832524283');
INSERT INTO "Client" ("Client_ID", "Name", "Surname", "Gender", "Mail", "Phone") VALUES (29, 'Arya', 'Perry', 'F', 'Arya.Perry@aol.com', '490618973');
INSERT INTO "Client" ("Client_ID", "Name", "Surname", "Gender", "Mail", "Phone") VALUES (30, 'Dylan', 'Roberts', 'M', 'Dylan.Roberts@hotmail.com', '419859814');
INSERT INTO "Client" ("Client_ID", "Name", "Surname", "Gender", "Mail", "Phone") VALUES (31, 'Nathaniel', 'Butler', 'M', 'Nathaniel.Butler@protonmail.com', '393671082');
INSERT INTO "Client" ("Client_ID", "Name", "Surname", "Gender", "Mail", "Phone") VALUES (32, 'Esme', 'Osborne', 'F', 'Esme.Osborne@aol.com', '479802073');
INSERT INTO "Client" ("Client_ID", "Name", "Surname", "Gender", "Mail", "Phone") VALUES (33, 'Ethan', 'Anderson', 'M', 'Ethan.Anderson@protonmail.com', '431625187');
INSERT INTO "Client" ("Client_ID", "Name", "Surname", "Gender", "Mail", "Phone") VALUES (34, 'Clara', 'Long', 'F', 'Clara.Long@yahoo.com', '801566425');
INSERT INTO "Client" ("Client_ID", "Name", "Surname", "Gender", "Mail", "Phone") VALUES (35, 'Owen', 'Rodriguez', 'M', 'Owen.Rodriguez@aol.com', '425604128');
INSERT INTO "Client" ("Client_ID", "Name", "Surname", "Gender", "Mail", "Phone") VALUES (36, 'Roman', 'Price', 'M', 'Roman.Price@outlook.com', '935969964');
INSERT INTO "Client" ("Client_ID", "Name", "Surname", "Gender", "Mail", "Phone") VALUES (37, 'Jocelyn', 'Boyd', 'F', 'Jocelyn.Boyd@outlook.com', '869816730');
INSERT INTO "Client" ("Client_ID", "Name", "Surname", "Gender", "Mail", "Phone") VALUES (38, 'Juliette', 'Perkins', 'F', 'Juliette.Perkins@yahoo.com', '499307005');
INSERT INTO "Client" ("Client_ID", "Name", "Surname", "Gender", "Mail", "Phone") VALUES (39, 'Vivian', 'Powell', 'F', 'Vivian.Powell@protonmail.com', '470018619');
INSERT INTO "Client" ("Client_ID", "Name", "Surname", "Gender", "Mail", "Phone") VALUES (40, 'Claire', 'Edwards', 'F', 'Claire.Edwards@hotmail.com', '237313731');
INSERT INTO "Client" ("Client_ID", "Name", "Surname", "Gender", "Mail", "Phone") VALUES (41, 'Cash', 'Ray', 'M', 'Cash.Ray@hotmail.com', '298220836');
INSERT INTO "Client" ("Client_ID", "Name", "Surname", "Gender", "Mail", "Phone") VALUES (42, 'Everett', 'Graham', 'M', 'Everett.Graham@hotmail.com', '374926689');
INSERT INTO "Client" ("Client_ID", "Name", "Surname", "Gender", "Mail", "Phone") VALUES (43, 'Marco', 'Graves', 'M', 'Marco.Graves@hotmail.com', '177642738');
INSERT INTO "Client" ("Client_ID", "Name", "Surname", "Gender", "Mail", "Phone") VALUES (44, 'Malachi', 'Henry', 'M', 'Malachi.Henry@protonmail.com', '123517412');
INSERT INTO "Client" ("Client_ID", "Name", "Surname", "Gender", "Mail", "Phone") VALUES (45, 'Derek', 'Baldwin', 'M', 'Derek.Baldwin@gmail.com', '678157637');
INSERT INTO "Client" ("Client_ID", "Name", "Surname", "Gender", "Mail", "Phone") VALUES (46, 'Maverick', 'Edwards', 'M', 'Maverick.Edwards@outlook.com', '638160784');
INSERT INTO "Client" ("Client_ID", "Name", "Surname", "Gender", "Mail", "Phone") VALUES (47, 'Sterling', 'Moss', 'M', 'Sterling.Moss@protonmail.com', '694814130');
INSERT INTO "Client" ("Client_ID", "Name", "Surname", "Gender", "Mail", "Phone") VALUES (48, 'Erik', 'Hampton', 'M', 'Erik.Hampton@aol.com', '373848188');
INSERT INTO "Client" ("Client_ID", "Name", "Surname", "Gender", "Mail", "Phone") VALUES (49, 'Tatum', 'Wells', 'F', 'Tatum.Wells@yahoo.com', '157428229');
INSERT INTO "Client" ("Client_ID", "Name", "Surname", "Gender", "Mail", "Phone") VALUES (50, 'Judah', 'Elliott', 'M', 'Judah.Elliott@yahoo.com', '837980619');
INSERT INTO "Client" ("Client_ID", "Name", "Surname", "Gender", "Mail", "Phone") VALUES (51, 'Hunter', 'Gray', 'M', 'Hunter.Gray@protonmail.com', '146231681');
INSERT INTO "Client" ("Client_ID", "Name", "Surname", "Gender", "Mail", "Phone") VALUES (52, 'Aiden', 'Lee', 'M', 'Aiden.Lee@outlook.com', '319363663');
INSERT INTO "Client" ("Client_ID", "Name", "Surname", "Gender", "Mail", "Phone") VALUES (53, 'Maria', 'Simmons', 'F', 'Maria.Simmons@gmail.com', '994376123');
INSERT INTO "Client" ("Client_ID", "Name", "Surname", "Gender", "Mail", "Phone") VALUES (54, 'Johnny', 'Glass', 'M', 'Johnny.Glass@gmail.com', '307589801');
INSERT INTO "Client" ("Client_ID", "Name", "Surname", "Gender", "Mail", "Phone") VALUES (55, 'Luna', 'Baker', 'F', 'Luna.Baker@gmail.com', '475369093');
INSERT INTO "Client" ("Client_ID", "Name", "Surname", "Gender", "Mail", "Phone") VALUES (56, 'Bianca', 'Roy', 'F', 'Bianca.Roy@outlook.com', '221433978');
INSERT INTO "Client" ("Client_ID", "Name", "Surname", "Gender", "Mail", "Phone") VALUES (57, 'Kaleb', 'Lawson', 'M', 'Kaleb.Lawson@aol.com', '835396473');
INSERT INTO "Client" ("Client_ID", "Name", "Surname", "Gender", "Mail", "Phone") VALUES (58, 'Samantha', 'Rogers', 'F', 'Samantha.Rogers@hotmail.com', '693843633');
INSERT INTO "Client" ("Client_ID", "Name", "Surname", "Gender", "Mail", "Phone") VALUES (59, 'Zion', 'Johnston', 'M', 'Zion.Johnston@protonmail.com', '217055434');
INSERT INTO "Client" ("Client_ID", "Name", "Surname", "Gender", "Mail", "Phone") VALUES (60, 'David', 'Young', 'M', 'David.Young@outlook.com', '609459736');
INSERT INTO "Client" ("Client_ID", "Name", "Surname", "Gender", "Mail", "Phone") VALUES (61, 'Lily', 'Hill', 'F', 'Lily.Hill@aol.com', '647857355');
INSERT INTO "Client" ("Client_ID", "Name", "Surname", "Gender", "Mail", "Phone") VALUES (62, 'Rowan', 'Brewer', 'M', 'Rowan.Brewer@aol.com', '798066756');
INSERT INTO "Client" ("Client_ID", "Name", "Surname", "Gender", "Mail", "Phone") VALUES (63, 'Ava', 'Williams', 'F', 'Ava.Williams@hotmail.com', '762307116');
INSERT INTO "Client" ("Client_ID", "Name", "Surname", "Gender", "Mail", "Phone") VALUES (64, 'Charles', 'Campbell', 'M', 'Charles.Campbell@protonmail.com', '652147627');
INSERT INTO "Client" ("Client_ID", "Name", "Surname", "Gender", "Mail", "Phone") VALUES (65, 'Gracie', 'Walsh', 'F', 'Gracie.Walsh@gmail.com', '164225547');
INSERT INTO "Client" ("Client_ID", "Name", "Surname", "Gender", "Mail", "Phone") VALUES (66, 'Ellie', 'Turner', 'F', 'Ellie.Turner@gmail.com', '729111266');
INSERT INTO "Client" ("Client_ID", "Name", "Surname", "Gender", "Mail", "Phone") VALUES (67, 'Sebastian', 'Thompson', 'M', 'Sebastian.Thompson@aol.com', '803636304');
INSERT INTO "Client" ("Client_ID", "Name", "Surname", "Gender", "Mail", "Phone") VALUES (68, 'William', 'Garcia', 'M', 'William.Garcia@hotmail.com', '655049104');
INSERT INTO "Client" ("Client_ID", "Name", "Surname", "Gender", "Mail", "Phone") VALUES (69, 'Margaret', 'Russell', 'F', 'Margaret.Russell@aol.com', '972245356');
INSERT INTO "Client" ("Client_ID", "Name", "Surname", "Gender", "Mail", "Phone") VALUES (70, 'Layla', 'Hall', 'F', 'Layla.Hall@aol.com', '151319724');
INSERT INTO "Client" ("Client_ID", "Name", "Surname", "Gender", "Mail", "Phone") VALUES (71, 'Natalie', 'Adams', 'F', 'Natalie.Adams@outlook.com', '217410256');
INSERT INTO "Client" ("Client_ID", "Name", "Surname", "Gender", "Mail", "Phone") VALUES (72, 'Heidi', 'Johnston', 'F', 'Heidi.Johnston@outlook.com', '189792417');
INSERT INTO "Client" ("Client_ID", "Name", "Surname", "Gender", "Mail", "Phone") VALUES (73, 'Ryan', 'Morgan', 'M', 'Ryan.Morgan@hotmail.com', '316384997');
INSERT INTO "Client" ("Client_ID", "Name", "Surname", "Gender", "Mail", "Phone") VALUES (74, 'Mateo', 'Robinson', 'M', 'Mateo.Robinson@yahoo.com', '988891421');
INSERT INTO "Client" ("Client_ID", "Name", "Surname", "Gender", "Mail", "Phone") VALUES (75, 'Lucia', 'Pratt', 'F', 'Lucia.Pratt@aol.com', '507288062');
INSERT INTO "Client" ("Client_ID", "Name", "Surname", "Gender", "Mail", "Phone") VALUES (76, 'Nevaeh', 'Cox', 'F', 'Nevaeh.Cox@yahoo.com', '931192801');
INSERT INTO "Client" ("Client_ID", "Name", "Surname", "Gender", "Mail", "Phone") VALUES (77, 'Zoey', 'Hernandez', 'F', 'Zoey.Hernandez@aol.com', '938878736');
INSERT INTO "Client" ("Client_ID", "Name", "Surname", "Gender", "Mail", "Phone") VALUES (78, 'Reid', 'Becker', 'M', 'Reid.Becker@hotmail.com', '158819140');
INSERT INTO "Client" ("Client_ID", "Name", "Surname", "Gender", "Mail", "Phone") VALUES (79, 'Spencer', 'Matthews', 'M', 'Spencer.Matthews@outlook.com', '782667523');
INSERT INTO "Client" ("Client_ID", "Name", "Surname", "Gender", "Mail", "Phone") VALUES (80, 'Miranda', 'Drake', 'F', 'Miranda.Drake@hotmail.com', '944483454');
INSERT INTO "Client" ("Client_ID", "Name", "Surname", "Gender", "Mail", "Phone") VALUES (81, 'Stella', 'Perez', 'F', 'Stella.Perez@outlook.com', '496917649');
INSERT INTO "Client" ("Client_ID", "Name", "Surname", "Gender", "Mail", "Phone") VALUES (82, 'Jameson', 'Sullivan', 'M', 'Jameson.Sullivan@hotmail.com', '510229712');
INSERT INTO "Client" ("Client_ID", "Name", "Surname", "Gender", "Mail", "Phone") VALUES (83, 'Maggie', 'Moss', 'F', 'Maggie.Moss@aol.com', '809375908');
INSERT INTO "Client" ("Client_ID", "Name", "Surname", "Gender", "Mail", "Phone") VALUES (84, 'Eliza', 'Kelly', 'F', 'Eliza.Kelly@outlook.com', '800445068');
INSERT INTO "Client" ("Client_ID", "Name", "Surname", "Gender", "Mail", "Phone") VALUES (85, 'Ezra', 'Turner', 'M', 'Ezra.Turner@hotmail.com', '824147983');
INSERT INTO "Client" ("Client_ID", "Name", "Surname", "Gender", "Mail", "Phone") VALUES (86, 'Rylie', 'Bishop', 'F', 'Rylie.Bishop@protonmail.com', '492354740');
INSERT INTO "Client" ("Client_ID", "Name", "Surname", "Gender", "Mail", "Phone") VALUES (87, 'Maci', 'Paul', 'F', 'Maci.Paul@protonmail.com', '211524751');
INSERT INTO "Client" ("Client_ID", "Name", "Surname", "Gender", "Mail", "Phone") VALUES (88, 'Gavin', 'Snyder', 'M', 'Gavin.Snyder@protonmail.com', '601245766');
INSERT INTO "Client" ("Client_ID", "Name", "Surname", "Gender", "Mail", "Phone") VALUES (89, 'Wyatt', 'Hernandez', 'M', 'Wyatt.Hernandez@gmail.com', '987620293');
INSERT INTO "Client" ("Client_ID", "Name", "Surname", "Gender", "Mail", "Phone") VALUES (90, 'Talia', 'Patrick', 'F', 'Talia.Patrick@gmail.com', '633229102');
INSERT INTO "Client" ("Client_ID", "Name", "Surname", "Gender", "Mail", "Phone") VALUES (91, 'Xavier', 'Kennedy', 'M', 'Xavier.Kennedy@protonmail.com', '620655068');
INSERT INTO "Client" ("Client_ID", "Name", "Surname", "Gender", "Mail", "Phone") VALUES (92, 'Adrian', 'Bell', 'M', 'Adrian.Bell@yahoo.com', '712257582');
INSERT INTO "Client" ("Client_ID", "Name", "Surname", "Gender", "Mail", "Phone") VALUES (93, 'Bryson', 'Lane', 'M', 'Bryson.Lane@protonmail.com', '795381361');
INSERT INTO "Client" ("Client_ID", "Name", "Surname", "Gender", "Mail", "Phone") VALUES (94, 'Liam', 'Smith', 'M', 'Liam.Smith@gmail.com', '878339380');
INSERT INTO "Client" ("Client_ID", "Name", "Surname", "Gender", "Mail", "Phone") VALUES (95, 'Sofia', 'Harris', 'F', 'Sofia.Harris@yahoo.com', '891058332');
INSERT INTO "Client" ("Client_ID", "Name", "Surname", "Gender", "Mail", "Phone") VALUES (96, 'Jonah', 'Simmons', 'M', 'Jonah.Simmons@hotmail.com', '828142223');
INSERT INTO "Client" ("Client_ID", "Name", "Surname", "Gender", "Mail", "Phone") VALUES (97, 'Zoe', 'Mitchell', 'F', 'Zoe.Mitchell@protonmail.com', '414864520');
INSERT INTO "Client" ("Client_ID", "Name", "Surname", "Gender", "Mail", "Phone") VALUES (98, 'Makenna', 'Chandler', 'F', 'Makenna.Chandler@hotmail.com', '181000536');
INSERT INTO "Client" ("Client_ID", "Name", "Surname", "Gender", "Mail", "Phone") VALUES (99, 'Tanner', 'Chambers', 'M', 'Tanner.Chambers@gmail.com', '242912246');
INSERT INTO "Client" ("Client_ID", "Name", "Surname", "Gender", "Mail", "Phone") VALUES (100, 'Patrick', 'Chapman', 'M', 'Patrick.Chapman@outlook.com', '977309695');
INSERT INTO "Transaction_type" ("Transaction_type_ID", "Name") VALUES (1, 'Purchase');
INSERT INTO "Transaction_type" ("Transaction_type_ID", "Name") VALUES (2, 'Lease');
INSERT INTO "Invoice" ("Invoice_ID", "Status", "Issue_date", "NIP") VALUES (1, 'Refunded', '2024-05-27', 9790433043);
INSERT INTO "Invoice" ("Invoice_ID", "Status", "Issue_date", "NIP") VALUES (2, 'Forgiven', '2024-05-15', 7531260069);
INSERT INTO "Invoice" ("Invoice_ID", "Status", "Issue_date", "NIP") VALUES (3, 'Overdue', '2024-12-01', 5505174236);
INSERT INTO "Invoice" ("Invoice_ID", "Status", "Issue_date", "NIP") VALUES (4, 'Refunded', '2024-09-20', 6338378212);
INSERT INTO "Invoice" ("Invoice_ID", "Status", "Issue_date", "NIP") VALUES (5, 'Paid', '2016-03-21', 8852493731);
INSERT INTO "Invoice" ("Invoice_ID", "Status", "Issue_date", "NIP") VALUES (6, 'Overdue', '2018-01-22', 6276500050);
INSERT INTO "Invoice" ("Invoice_ID", "Status", "Issue_date", "NIP") VALUES (7, 'Forgiven', '2019-12-30', 1919087119);
INSERT INTO "Invoice" ("Invoice_ID", "Status", "Issue_date", "NIP") VALUES (8, 'Refunded', '2020-08-12', 9042765282);
INSERT INTO "Invoice" ("Invoice_ID", "Status", "Issue_date", "NIP") VALUES (9, 'Refunded', '2023-02-03', 3993980875);
INSERT INTO "Invoice" ("Invoice_ID", "Status", "Issue_date", "NIP") VALUES (10, 'Unpaid', '2024-04-22', 6596124556);
INSERT INTO "Invoice" ("Invoice_ID", "Status", "Issue_date", "NIP") VALUES (11, 'Paid', '2024-04-11', 9063442495);
INSERT INTO "Invoice" ("Invoice_ID", "Status", "Issue_date", "NIP") VALUES (12, 'Overdue', '2021-12-21', 8889944470);
INSERT INTO "Invoice" ("Invoice_ID", "Status", "Issue_date", "NIP") VALUES (13, 'Refunded', '2022-03-02', 3003587414);
INSERT INTO "Invoice" ("Invoice_ID", "Status", "Issue_date", "NIP") VALUES (14, 'Refunded', '2023-08-25', 5316422645);
INSERT INTO "Invoice" ("Invoice_ID", "Status", "Issue_date", "NIP") VALUES (15, 'Unpaid', '2023-05-18', 4129334005);
INSERT INTO "Invoice" ("Invoice_ID", "Status", "Issue_date", "NIP") VALUES (16, 'Forgiven', '2023-11-28', 2159279270);
INSERT INTO "Invoice" ("Invoice_ID", "Status", "Issue_date", "NIP") VALUES (17, 'Unpaid', '2024-05-28', 6455279493);
INSERT INTO "Invoice" ("Invoice_ID", "Status", "Issue_date", "NIP") VALUES (18, 'Unpaid', '2020-12-04', 7223973071);
INSERT INTO "Invoice" ("Invoice_ID", "Status", "Issue_date", "NIP") VALUES (19, 'Forgiven', '2021-03-04', 2661199835);
INSERT INTO "Invoice" ("Invoice_ID", "Status", "Issue_date", "NIP") VALUES (20, 'Refunded', '2024-12-18', 9303885486);
INSERT INTO "Invoice" ("Invoice_ID", "Status", "Issue_date", "NIP") VALUES (21, 'Unpaid', '2017-06-09', 5181402707);
INSERT INTO "Invoice" ("Invoice_ID", "Status", "Issue_date", "NIP") VALUES (22, 'Unpaid', '2015-08-27', 5664620318);
INSERT INTO "Invoice" ("Invoice_ID", "Status", "Issue_date", "NIP") VALUES (23, 'Forgiven', '2015-12-21', 6102507505);
INSERT INTO "Invoice" ("Invoice_ID", "Status", "Issue_date", "NIP") VALUES (24, 'Refunded', '2019-10-13', 5219611507);
INSERT INTO "Invoice" ("Invoice_ID", "Status", "Issue_date", "NIP") VALUES (25, 'Paid', '2024-06-15', 1776777964);
INSERT INTO "Invoice" ("Invoice_ID", "Status", "Issue_date", "NIP") VALUES (26, 'Overdue', '2023-10-23', 7616766931);
INSERT INTO "Invoice" ("Invoice_ID", "Status", "Issue_date", "NIP") VALUES (27, 'Overdue', '2018-01-16', 1305564852);
INSERT INTO "Invoice" ("Invoice_ID", "Status", "Issue_date", "NIP") VALUES (28, 'Unpaid', '2020-01-17', 5116546244);
INSERT INTO "Invoice" ("Invoice_ID", "Status", "Issue_date", "NIP") VALUES (29, 'Unpaid', '2021-05-24', 5383487333);
INSERT INTO "Invoice" ("Invoice_ID", "Status", "Issue_date", "NIP") VALUES (30, 'Overdue', '2021-08-06', 3116504671);
INSERT INTO "Invoice" ("Invoice_ID", "Status", "Issue_date", "NIP") VALUES (31, 'Overdue', '2022-11-18', 8087405029);
INSERT INTO "Invoice" ("Invoice_ID", "Status", "Issue_date", "NIP") VALUES (32, 'Refunded', '2022-06-24', 6380234644);
INSERT INTO "Invoice" ("Invoice_ID", "Status", "Issue_date", "NIP") VALUES (33, 'Overdue', '2022-04-18', 4113372110);
INSERT INTO "Invoice" ("Invoice_ID", "Status", "Issue_date", "NIP") VALUES (34, 'Refunded', '2019-11-26', 4290172014);
INSERT INTO "Invoice" ("Invoice_ID", "Status", "Issue_date", "NIP") VALUES (35, 'Paid', '2019-09-22', 3416273587);
INSERT INTO "Invoice" ("Invoice_ID", "Status", "Issue_date", "NIP") VALUES (36, 'Paid', '2020-07-09', 8043710903);
INSERT INTO "Invoice" ("Invoice_ID", "Status", "Issue_date", "NIP") VALUES (37, 'Unpaid', '2018-01-26', 6469116087);
INSERT INTO "Invoice" ("Invoice_ID", "Status", "Issue_date", "NIP") VALUES (38, 'Paid', '2021-11-16', 4948686016);
INSERT INTO "Invoice" ("Invoice_ID", "Status", "Issue_date", "NIP") VALUES (39, 'Unpaid', '2019-06-01', 4324774207);
INSERT INTO "Invoice" ("Invoice_ID", "Status", "Issue_date", "NIP") VALUES (40, 'Forgiven', '2024-11-24', 6297309143);
INSERT INTO "Invoice" ("Invoice_ID", "Status", "Issue_date", "NIP") VALUES (41, 'Refunded', '2022-01-10', 2250576321);
INSERT INTO "Invoice" ("Invoice_ID", "Status", "Issue_date", "NIP") VALUES (42, 'Forgiven', '2022-01-27', 2197204306);
INSERT INTO "Invoice" ("Invoice_ID", "Status", "Issue_date", "NIP") VALUES (43, 'Unpaid', '2020-02-08', 9795963637);
INSERT INTO "Invoice" ("Invoice_ID", "Status", "Issue_date", "NIP") VALUES (44, 'Forgiven', '2024-07-15', 9312982570);
INSERT INTO "Invoice" ("Invoice_ID", "Status", "Issue_date", "NIP") VALUES (45, 'Unpaid', '2021-03-16', 9064809221);
INSERT INTO "Invoice" ("Invoice_ID", "Status", "Issue_date", "NIP") VALUES (46, 'Refunded', '2023-11-17', 4412013810);
INSERT INTO "Invoice" ("Invoice_ID", "Status", "Issue_date", "NIP") VALUES (47, 'Paid', '2020-03-01', 7548575328);
INSERT INTO "Invoice" ("Invoice_ID", "Status", "Issue_date", "NIP") VALUES (48, 'Unpaid', '2020-11-02', 5792874300);
INSERT INTO "Invoice" ("Invoice_ID", "Status", "Issue_date", "NIP") VALUES (49, 'Paid', '2022-12-14', 3018472152);
INSERT INTO "Invoice" ("Invoice_ID", "Status", "Issue_date", "NIP") VALUES (50, 'Paid', '2016-06-18', 3607285518);
INSERT INTO "Invoice" ("Invoice_ID", "Status", "Issue_date", "NIP") VALUES (51, 'Refunded', '2019-11-01', 6396402276);
INSERT INTO "Invoice" ("Invoice_ID", "Status", "Issue_date", "NIP") VALUES (52, 'Unpaid', '2021-05-17', 6120695666);
INSERT INTO "Invoice" ("Invoice_ID", "Status", "Issue_date", "NIP") VALUES (53, 'Overdue', '2021-04-04', 9162312657);
INSERT INTO "Invoice" ("Invoice_ID", "Status", "Issue_date", "NIP") VALUES (54, 'Paid', '2021-08-29', 9776940315);
INSERT INTO "Invoice" ("Invoice_ID", "Status", "Issue_date", "NIP") VALUES (55, 'Refunded', '2021-07-03', 6341944831);
INSERT INTO "Invoice" ("Invoice_ID", "Status", "Issue_date", "NIP") VALUES (56, 'Refunded', '2024-11-30', 2750598551);
INSERT INTO "Invoice" ("Invoice_ID", "Status", "Issue_date", "NIP") VALUES (57, 'Overdue', '2023-04-18', 2552376006);
INSERT INTO "Invoice" ("Invoice_ID", "Status", "Issue_date", "NIP") VALUES (58, 'Forgiven', '2023-02-09', 6298552627);
INSERT INTO "Invoice" ("Invoice_ID", "Status", "Issue_date", "NIP") VALUES (59, 'Paid', '2024-01-02', 7113421497);
INSERT INTO "Invoice" ("Invoice_ID", "Status", "Issue_date", "NIP") VALUES (60, 'Refunded', '2023-03-04', 8307449407);
INSERT INTO "Invoice" ("Invoice_ID", "Status", "Issue_date", "NIP") VALUES (61, 'Overdue', '2016-06-28', 9052226076);
INSERT INTO "Invoice" ("Invoice_ID", "Status", "Issue_date", "NIP") VALUES (62, 'Paid', '2016-05-10', 2273427525);
INSERT INTO "Invoice" ("Invoice_ID", "Status", "Issue_date", "NIP") VALUES (63, 'Unpaid', '2016-03-05', 9343410394);
INSERT INTO "Invoice" ("Invoice_ID", "Status", "Issue_date", "NIP") VALUES (64, 'Unpaid', '2015-06-08', 8437405062);
INSERT INTO "Invoice" ("Invoice_ID", "Status", "Issue_date", "NIP") VALUES (65, 'Paid', '2021-07-28', 5747572285);
INSERT INTO "Invoice" ("Invoice_ID", "Status", "Issue_date", "NIP") VALUES (66, 'Unpaid', '2018-04-20', 4522177895);
INSERT INTO "Invoice" ("Invoice_ID", "Status", "Issue_date", "NIP") VALUES (67, 'Overdue', '2017-12-17', 6907738907);
INSERT INTO "Invoice" ("Invoice_ID", "Status", "Issue_date", "NIP") VALUES (68, 'Paid', '2023-11-08', 2296162332);
INSERT INTO "Invoice" ("Invoice_ID", "Status", "Issue_date", "NIP") VALUES (69, 'Overdue', '2019-12-05', 4174903588);
INSERT INTO "Invoice" ("Invoice_ID", "Status", "Issue_date", "NIP") VALUES (70, 'Forgiven', '2018-10-29', 3216501487);
INSERT INTO "Invoice" ("Invoice_ID", "Status", "Issue_date", "NIP") VALUES (71, 'Refunded', '2017-04-04', 7215576974);
INSERT INTO "Invoice" ("Invoice_ID", "Status", "Issue_date", "NIP") VALUES (72, 'Paid', '2024-08-03', 4381212152);
INSERT INTO "Invoice" ("Invoice_ID", "Status", "Issue_date", "NIP") VALUES (73, 'Forgiven', '2017-07-13', 9032073656);
INSERT INTO "Invoice" ("Invoice_ID", "Status", "Issue_date", "NIP") VALUES (74, 'Unpaid', '2024-03-23', 3036381850);
INSERT INTO "Invoice" ("Invoice_ID", "Status", "Issue_date", "NIP") VALUES (75, 'Unpaid', '2019-01-10', 1221641787);
INSERT INTO "Invoice" ("Invoice_ID", "Status", "Issue_date", "NIP") VALUES (76, 'Paid', '2021-01-30', 9820852353);
INSERT INTO "Invoice" ("Invoice_ID", "Status", "Issue_date", "NIP") VALUES (77, 'Overdue', '2023-04-29', 4045899499);
INSERT INTO "Invoice" ("Invoice_ID", "Status", "Issue_date", "NIP") VALUES (78, 'Forgiven', '2023-06-15', 3970887961);
INSERT INTO "Invoice" ("Invoice_ID", "Status", "Issue_date", "NIP") VALUES (79, 'Overdue', '2024-09-10', 5697912317);
INSERT INTO "Invoice" ("Invoice_ID", "Status", "Issue_date", "NIP") VALUES (80, 'Paid', '2019-02-09', 6892952794);
INSERT INTO "Invoice" ("Invoice_ID", "Status", "Issue_date", "NIP") VALUES (81, 'Refunded', '2022-04-09', 3692639309);
INSERT INTO "Invoice" ("Invoice_ID", "Status", "Issue_date", "NIP") VALUES (82, 'Paid', '2022-01-16', 1162442983);
INSERT INTO "Invoice" ("Invoice_ID", "Status", "Issue_date", "NIP") VALUES (83, 'Refunded', '2022-12-02', 2559218207);
INSERT INTO "Invoice" ("Invoice_ID", "Status", "Issue_date", "NIP") VALUES (84, 'Refunded', '2023-03-02', 1063470211);
INSERT INTO "Invoice" ("Invoice_ID", "Status", "Issue_date", "NIP") VALUES (85, 'Forgiven', '2018-12-24', 6189833796);
INSERT INTO "Invoice" ("Invoice_ID", "Status", "Issue_date", "NIP") VALUES (86, 'Unpaid', '2021-08-10', 6614307840);
INSERT INTO "Invoice" ("Invoice_ID", "Status", "Issue_date", "NIP") VALUES (87, 'Refunded', '2017-08-12', 6314444487);
INSERT INTO "Invoice" ("Invoice_ID", "Status", "Issue_date", "NIP") VALUES (88, 'Paid', '2023-02-10', 7343134528);
INSERT INTO "Invoice" ("Invoice_ID", "Status", "Issue_date", "NIP") VALUES (89, 'Forgiven', '2023-06-29', 1790876155);
INSERT INTO "Invoice" ("Invoice_ID", "Status", "Issue_date", "NIP") VALUES (90, 'Refunded', '2023-01-05', 8155523967);
INSERT INTO "Invoice" ("Invoice_ID", "Status", "Issue_date", "NIP") VALUES (91, 'Unpaid', '2018-08-04', 5963022264);
INSERT INTO "Invoice" ("Invoice_ID", "Status", "Issue_date", "NIP") VALUES (92, 'Unpaid', '2018-06-15', 8566454288);
INSERT INTO "Invoice" ("Invoice_ID", "Status", "Issue_date", "NIP") VALUES (93, 'Paid', '2022-01-25', 6728752409);
INSERT INTO "Invoice" ("Invoice_ID", "Status", "Issue_date", "NIP") VALUES (94, 'Refunded', '2022-02-03', 6322807663);
INSERT INTO "Invoice" ("Invoice_ID", "Status", "Issue_date", "NIP") VALUES (95, 'Paid', '2020-04-03', 1040409120);
INSERT INTO "Invoice" ("Invoice_ID", "Status", "Issue_date", "NIP") VALUES (96, 'Paid', '2020-07-08', 4232201413);
INSERT INTO "Invoice" ("Invoice_ID", "Status", "Issue_date", "NIP") VALUES (97, 'Paid', '2019-03-26', 3659980545);
INSERT INTO "Invoice" ("Invoice_ID", "Status", "Issue_date", "NIP") VALUES (98, 'Paid', '2023-03-23', 5948854784);
INSERT INTO "Invoice" ("Invoice_ID", "Status", "Issue_date", "NIP") VALUES (99, 'Unpaid', '2021-02-15', 6956927394);
INSERT INTO "Invoice" ("Invoice_ID", "Status", "Issue_date", "NIP") VALUES (100, 'Paid', '2024-04-09', 4215937162);
INSERT INTO "Invoice" ("Invoice_ID", "Status", "Issue_date", "NIP") VALUES (101, 'Paid', '2019-01-02', 8112934703);
INSERT INTO "Invoice" ("Invoice_ID", "Status", "Issue_date", "NIP") VALUES (102, 'Forgiven', '2019-10-16', 8450698029);
INSERT INTO "Invoice" ("Invoice_ID", "Status", "Issue_date", "NIP") VALUES (103, 'Unpaid', '2019-06-15', 3443389775);
INSERT INTO "Invoice" ("Invoice_ID", "Status", "Issue_date", "NIP") VALUES (104, 'Forgiven', '2015-07-22', 3983885077);
INSERT INTO "Invoice" ("Invoice_ID", "Status", "Issue_date", "NIP") VALUES (105, 'Overdue', '2019-11-17', 9102942521);
INSERT INTO "Invoice" ("Invoice_ID", "Status", "Issue_date", "NIP") VALUES (106, 'Overdue', '2022-01-04', 9023064588);
INSERT INTO "Invoice" ("Invoice_ID", "Status", "Issue_date", "NIP") VALUES (107, 'Unpaid', '2023-02-16', 9395487018);
INSERT INTO "Invoice" ("Invoice_ID", "Status", "Issue_date", "NIP") VALUES (108, 'Forgiven', '2018-05-18', 9247510848);
INSERT INTO "Invoice" ("Invoice_ID", "Status", "Issue_date", "NIP") VALUES (109, 'Refunded', '2018-07-09', 6514959686);
INSERT INTO "Invoice" ("Invoice_ID", "Status", "Issue_date", "NIP") VALUES (110, 'Paid', '2019-02-11', 3394419163);
INSERT INTO "Invoice" ("Invoice_ID", "Status", "Issue_date", "NIP") VALUES (111, 'Paid', '2021-03-30', 7438068304);
INSERT INTO "Invoice" ("Invoice_ID", "Status", "Issue_date", "NIP") VALUES (112, 'Unpaid', '2023-01-08', 1707864691);
INSERT INTO "Invoice" ("Invoice_ID", "Status", "Issue_date", "NIP") VALUES (113, 'Paid', '2023-02-23', 8685779028);
INSERT INTO "Invoice" ("Invoice_ID", "Status", "Issue_date", "NIP") VALUES (114, 'Paid', '2024-10-24', 9610123313);
INSERT INTO "Invoice" ("Invoice_ID", "Status", "Issue_date", "NIP") VALUES (115, 'Forgiven', '2024-03-23', 5619171878);
INSERT INTO "Invoice" ("Invoice_ID", "Status", "Issue_date", "NIP") VALUES (116, 'Refunded', '2018-07-23', 9740468033);
INSERT INTO "Invoice" ("Invoice_ID", "Status", "Issue_date", "NIP") VALUES (117, 'Forgiven', '2018-02-13', 8897445760);
INSERT INTO "Invoice" ("Invoice_ID", "Status", "Issue_date", "NIP") VALUES (118, 'Paid', '2018-10-02', 2088833665);
INSERT INTO "Invoice" ("Invoice_ID", "Status", "Issue_date", "NIP") VALUES (119, 'Overdue', '2024-02-15', 7715536590);
INSERT INTO "Invoice" ("Invoice_ID", "Status", "Issue_date", "NIP") VALUES (120, 'Refunded', '2020-12-29', 4054017008);
INSERT INTO "Invoice" ("Invoice_ID", "Status", "Issue_date", "NIP") VALUES (121, 'Refunded', '2024-11-22', 7965157334);
INSERT INTO "Invoice" ("Invoice_ID", "Status", "Issue_date", "NIP") VALUES (122, 'Paid', '2023-05-08', 7860870477);
INSERT INTO "Invoice" ("Invoice_ID", "Status", "Issue_date", "NIP") VALUES (123, 'Paid', '2022-10-13', 3782580864);
INSERT INTO "Invoice" ("Invoice_ID", "Status", "Issue_date", "NIP") VALUES (124, 'Refunded', '2024-07-26', 5233731973);
INSERT INTO "Invoice" ("Invoice_ID", "Status", "Issue_date", "NIP") VALUES (125, 'Refunded', '2023-01-23', 8537806162);
INSERT INTO "Invoice" ("Invoice_ID", "Status", "Issue_date", "NIP") VALUES (126, 'Forgiven', '2024-06-14', 5428649375);
INSERT INTO "Invoice" ("Invoice_ID", "Status", "Issue_date", "NIP") VALUES (127, 'Forgiven', '2024-05-07', 8751716382);
INSERT INTO "Invoice" ("Invoice_ID", "Status", "Issue_date", "NIP") VALUES (128, 'Overdue', '2024-09-30', 8204536721);
INSERT INTO "Invoice" ("Invoice_ID", "Status", "Issue_date", "NIP") VALUES (129, 'Overdue', '2023-09-02', 8625003283);
INSERT INTO "Invoice" ("Invoice_ID", "Status", "Issue_date", "NIP") VALUES (130, 'Forgiven', '2020-11-01', 5069236388);
INSERT INTO "Invoice" ("Invoice_ID", "Status", "Issue_date", "NIP") VALUES (131, 'Overdue', '2024-02-17', 1195141299);
INSERT INTO "Invoice" ("Invoice_ID", "Status", "Issue_date", "NIP") VALUES (132, 'Refunded', '2023-01-16', 5531946527);
INSERT INTO "Invoice" ("Invoice_ID", "Status", "Issue_date", "NIP") VALUES (133, 'Overdue', '2024-09-24', 8958203921);
INSERT INTO "Invoice" ("Invoice_ID", "Status", "Issue_date", "NIP") VALUES (134, 'Overdue', '2023-01-19', 5561649772);
INSERT INTO "Invoice" ("Invoice_ID", "Status", "Issue_date", "NIP") VALUES (135, 'Forgiven', '2024-04-09', 1488027233);
INSERT INTO "Invoice" ("Invoice_ID", "Status", "Issue_date", "NIP") VALUES (136, 'Refunded', '2023-03-06', 2646450293);
INSERT INTO "Invoice" ("Invoice_ID", "Status", "Issue_date", "NIP") VALUES (137, 'Refunded', '2024-04-25', 1044994752);
INSERT INTO "Invoice" ("Invoice_ID", "Status", "Issue_date", "NIP") VALUES (138, 'Overdue', '2024-07-11', 6683811767);
INSERT INTO "Invoice" ("Invoice_ID", "Status", "Issue_date", "NIP") VALUES (139, 'Paid', '2021-10-04', 3955316479);
INSERT INTO "Invoice" ("Invoice_ID", "Status", "Issue_date", "NIP") VALUES (140, 'Paid', '2024-03-27', 2522137277);
INSERT INTO "Invoice" ("Invoice_ID", "Status", "Issue_date", "NIP") VALUES (141, 'Forgiven', '2022-01-26', 6958390822);
INSERT INTO "Invoice" ("Invoice_ID", "Status", "Issue_date", "NIP") VALUES (142, 'Forgiven', '2024-09-27', 9306713901);
INSERT INTO "Invoice" ("Invoice_ID", "Status", "Issue_date", "NIP") VALUES (143, 'Paid', '2023-08-21', 3725275296);
INSERT INTO "Invoice" ("Invoice_ID", "Status", "Issue_date", "NIP") VALUES (144, 'Unpaid', '2024-02-04', 6637574523);
INSERT INTO "Invoice" ("Invoice_ID", "Status", "Issue_date", "NIP") VALUES (145, 'Forgiven', '2023-07-18', 3432553967);
INSERT INTO "Invoice" ("Invoice_ID", "Status", "Issue_date", "NIP") VALUES (146, 'Forgiven', '2024-11-06', 2267754157);
INSERT INTO "Invoice" ("Invoice_ID", "Status", "Issue_date", "NIP") VALUES (147, 'Paid', '2024-05-13', 8913521702);
INSERT INTO "Invoice" ("Invoice_ID", "Status", "Issue_date", "NIP") VALUES (148, 'Unpaid', '2022-07-26', 9371250408);
INSERT INTO "Invoice" ("Invoice_ID", "Status", "Issue_date", "NIP") VALUES (149, 'Unpaid', '2023-08-13', 6748099889);
INSERT INTO "Invoice" ("Invoice_ID", "Status", "Issue_date", "NIP") VALUES (150, 'Unpaid', '2023-06-16', 3346015998);
INSERT INTO "Invoice" ("Invoice_ID", "Status", "Issue_date", "NIP") VALUES (151, 'Unpaid', '2019-02-20', 2681398269);
INSERT INTO "Invoice" ("Invoice_ID", "Status", "Issue_date", "NIP") VALUES (152, 'Overdue', '2021-09-19', 2241089785);
INSERT INTO "Invoice" ("Invoice_ID", "Status", "Issue_date", "NIP") VALUES (153, 'Forgiven', '2018-04-06', 5542094726);
INSERT INTO "Invoice" ("Invoice_ID", "Status", "Issue_date", "NIP") VALUES (154, 'Forgiven', '2024-11-25', 9839982090);
INSERT INTO "Invoice" ("Invoice_ID", "Status", "Issue_date", "NIP") VALUES (155, 'Overdue', '2018-07-15', 2334842994);
INSERT INTO "Invoice" ("Invoice_ID", "Status", "Issue_date", "NIP") VALUES (156, 'Paid', '2024-12-16', 2130762640);
INSERT INTO "Invoice" ("Invoice_ID", "Status", "Issue_date", "NIP") VALUES (157, 'Forgiven', '2023-09-25', 2447956994);
INSERT INTO "Invoice" ("Invoice_ID", "Status", "Issue_date", "NIP") VALUES (158, 'Paid', '2024-08-05', 7331673430);
INSERT INTO "Invoice" ("Invoice_ID", "Status", "Issue_date", "NIP") VALUES (159, 'Unpaid', '2016-03-17', 2340604336);
INSERT INTO "Invoice" ("Invoice_ID", "Status", "Issue_date", "NIP") VALUES (160, 'Paid', '2015-08-22', 3766755782);
INSERT INTO "Invoice" ("Invoice_ID", "Status", "Issue_date", "NIP") VALUES (161, 'Unpaid', '2019-06-28', 5081624837);
INSERT INTO "Invoice" ("Invoice_ID", "Status", "Issue_date", "NIP") VALUES (162, 'Overdue', '2016-02-13', 1026278062);
INSERT INTO "Invoice" ("Invoice_ID", "Status", "Issue_date", "NIP") VALUES (163, 'Refunded', '2014-05-03', 3848843689);
INSERT INTO "Invoice" ("Invoice_ID", "Status", "Issue_date", "NIP") VALUES (164, 'Paid', '2014-04-11', 3900814118);
INSERT INTO "Invoice" ("Invoice_ID", "Status", "Issue_date", "NIP") VALUES (165, 'Overdue', '2017-04-30', 5932922968);
INSERT INTO "Invoice" ("Invoice_ID", "Status", "Issue_date", "NIP") VALUES (166, 'Forgiven', '2020-08-14', 1860232652);
INSERT INTO "Invoice" ("Invoice_ID", "Status", "Issue_date", "NIP") VALUES (167, 'Refunded', '2022-06-22', 4885979970);
INSERT INTO "Invoice" ("Invoice_ID", "Status", "Issue_date", "NIP") VALUES (168, 'Forgiven', '2024-10-09', 8079204913);
INSERT INTO "Invoice" ("Invoice_ID", "Status", "Issue_date", "NIP") VALUES (169, 'Paid', '2024-06-05', 2004193815);
INSERT INTO "Invoice" ("Invoice_ID", "Status", "Issue_date", "NIP") VALUES (170, 'Unpaid', '2023-04-02', 4564556600);
INSERT INTO "Invoice" ("Invoice_ID", "Status", "Issue_date", "NIP") VALUES (171, 'Overdue', '2024-11-26', 6645154519);
INSERT INTO "Invoice" ("Invoice_ID", "Status", "Issue_date", "NIP") VALUES (172, 'Forgiven', '2023-05-14', 6624202684);
INSERT INTO "Invoice" ("Invoice_ID", "Status", "Issue_date", "NIP") VALUES (173, 'Overdue', '2018-09-15', 3817092752);
INSERT INTO "Invoice" ("Invoice_ID", "Status", "Issue_date", "NIP") VALUES (174, 'Paid', '2019-03-22', 3175542604);
INSERT INTO "Invoice" ("Invoice_ID", "Status", "Issue_date", "NIP") VALUES (175, 'Forgiven', '2021-07-13', 3315574673);
INSERT INTO "Invoice" ("Invoice_ID", "Status", "Issue_date", "NIP") VALUES (176, 'Forgiven', '2017-11-24', 8234938104);
INSERT INTO "Invoice" ("Invoice_ID", "Status", "Issue_date", "NIP") VALUES (177, 'Forgiven', '2017-01-23', 9322633866);
INSERT INTO "Invoice" ("Invoice_ID", "Status", "Issue_date", "NIP") VALUES (178, 'Unpaid', '2023-12-25', 8988560710);
INSERT INTO "Invoice" ("Invoice_ID", "Status", "Issue_date", "NIP") VALUES (179, 'Forgiven', '2023-11-05', 8722375691);
INSERT INTO "Invoice" ("Invoice_ID", "Status", "Issue_date", "NIP") VALUES (180, 'Refunded', '2018-11-12', 6134045899);
INSERT INTO "Invoice" ("Invoice_ID", "Status", "Issue_date", "NIP") VALUES (181, 'Refunded', '2022-07-12', 4135587256);
INSERT INTO "Invoice" ("Invoice_ID", "Status", "Issue_date", "NIP") VALUES (182, 'Paid', '2021-05-04', 3246035208);
INSERT INTO "Invoice" ("Invoice_ID", "Status", "Issue_date", "NIP") VALUES (183, 'Paid', '2021-05-20', 8109631409);
INSERT INTO "Invoice" ("Invoice_ID", "Status", "Issue_date", "NIP") VALUES (184, 'Unpaid', '2021-04-04', 5409661926);
INSERT INTO "Invoice" ("Invoice_ID", "Status", "Issue_date", "NIP") VALUES (185, 'Unpaid', '2019-08-31', 3062930225);
INSERT INTO "Invoice" ("Invoice_ID", "Status", "Issue_date", "NIP") VALUES (186, 'Forgiven', '2021-03-03', 4796893908);
INSERT INTO "Invoice" ("Invoice_ID", "Status", "Issue_date", "NIP") VALUES (187, 'Forgiven', '2020-06-30', 1185293229);
INSERT INTO "Invoice" ("Invoice_ID", "Status", "Issue_date", "NIP") VALUES (188, 'Refunded', '2024-12-01', 7684673324);
INSERT INTO "Invoice" ("Invoice_ID", "Status", "Issue_date", "NIP") VALUES (189, 'Overdue', '2021-11-12', 6464728821);
INSERT INTO "Invoice" ("Invoice_ID", "Status", "Issue_date", "NIP") VALUES (190, 'Overdue', '2020-04-07', 9254550571);
INSERT INTO "Invoice" ("Invoice_ID", "Status", "Issue_date", "NIP") VALUES (191, 'Forgiven', '2024-07-23', 4029032250);
INSERT INTO "Invoice" ("Invoice_ID", "Status", "Issue_date", "NIP") VALUES (192, 'Overdue', '2020-01-22', 4461184273);
INSERT INTO "Invoice" ("Invoice_ID", "Status", "Issue_date", "NIP") VALUES (193, 'Refunded', '2021-11-02', 5173246256);
INSERT INTO "Invoice" ("Invoice_ID", "Status", "Issue_date", "NIP") VALUES (194, 'Paid', '2024-11-17', 4011542115);
INSERT INTO "Invoice" ("Invoice_ID", "Status", "Issue_date", "NIP") VALUES (195, 'Refunded', '2023-01-12', 4326866132);
INSERT INTO "Invoice" ("Invoice_ID", "Status", "Issue_date", "NIP") VALUES (196, 'Refunded', '2024-03-07', 6815801160);
INSERT INTO "Invoice" ("Invoice_ID", "Status", "Issue_date", "NIP") VALUES (197, 'Refunded', '2024-07-24', 5637096321);
INSERT INTO "Invoice" ("Invoice_ID", "Status", "Issue_date", "NIP") VALUES (198, 'Paid', '2024-12-15', 8976375844);
INSERT INTO "Invoice" ("Invoice_ID", "Status", "Issue_date", "NIP") VALUES (199, 'Unpaid', '2023-07-18', 1063875370);
INSERT INTO "Invoice" ("Invoice_ID", "Status", "Issue_date", "NIP") VALUES (200, 'Unpaid', '2023-12-07', 9358301134);
INSERT INTO "Invoice" ("Invoice_ID", "Status", "Issue_date", "NIP") VALUES (201, 'Refunded', '2024-12-16', 2666407370);
INSERT INTO "Invoice" ("Invoice_ID", "Status", "Issue_date", "NIP") VALUES (202, 'Forgiven', '2024-08-20', 8902304178);
INSERT INTO "Invoice" ("Invoice_ID", "Status", "Issue_date", "NIP") VALUES (203, 'Forgiven', '2023-01-12', 5209037793);
INSERT INTO "Invoice" ("Invoice_ID", "Status", "Issue_date", "NIP") VALUES (204, 'Refunded', '2024-05-17', 1103462057);
INSERT INTO "Invoice" ("Invoice_ID", "Status", "Issue_date", "NIP") VALUES (205, 'Overdue', '2022-09-14', 8949965695);
INSERT INTO "Invoice" ("Invoice_ID", "Status", "Issue_date", "NIP") VALUES (206, 'Forgiven', '2020-03-29', 8137634815);
INSERT INTO "Invoice" ("Invoice_ID", "Status", "Issue_date", "NIP") VALUES (207, 'Refunded', '2021-09-29', 1071618502);
INSERT INTO "Invoice" ("Invoice_ID", "Status", "Issue_date", "NIP") VALUES (208, 'Forgiven', '2020-05-11', 3812480422);
INSERT INTO "Invoice" ("Invoice_ID", "Status", "Issue_date", "NIP") VALUES (209, 'Forgiven', '2024-06-17', 4435548560);
INSERT INTO "Invoice" ("Invoice_ID", "Status", "Issue_date", "NIP") VALUES (210, 'Paid', '2024-01-01', 7844912843);
INSERT INTO "Invoice" ("Invoice_ID", "Status", "Issue_date", "NIP") VALUES (211, 'Paid', '2018-09-18', 7221978840);
INSERT INTO "Invoice" ("Invoice_ID", "Status", "Issue_date", "NIP") VALUES (212, 'Paid', '2023-08-19', 8135416530);
INSERT INTO "Invoice" ("Invoice_ID", "Status", "Issue_date", "NIP") VALUES (213, 'Refunded', '2022-06-27', 3791538928);
INSERT INTO "Invoice" ("Invoice_ID", "Status", "Issue_date", "NIP") VALUES (214, 'Unpaid', '2020-02-07', 6130105711);
INSERT INTO "Invoice" ("Invoice_ID", "Status", "Issue_date", "NIP") VALUES (215, 'Forgiven', '2023-04-24', 5922439526);
INSERT INTO "Invoice" ("Invoice_ID", "Status", "Issue_date", "NIP") VALUES (216, 'Paid', '2022-09-01', 1430465625);
INSERT INTO "Invoice" ("Invoice_ID", "Status", "Issue_date", "NIP") VALUES (217, 'Forgiven', '2021-02-01', 4520193452);
INSERT INTO "Invoice" ("Invoice_ID", "Status", "Issue_date", "NIP") VALUES (218, 'Paid', '2023-01-10', 9946713537);
INSERT INTO "Invoice" ("Invoice_ID", "Status", "Issue_date", "NIP") VALUES (219, 'Paid', '2015-04-07', 1470839519);
INSERT INTO "Invoice" ("Invoice_ID", "Status", "Issue_date", "NIP") VALUES (220, 'Unpaid', '2020-11-20', 3496328572);
INSERT INTO "Invoice" ("Invoice_ID", "Status", "Issue_date", "NIP") VALUES (221, 'Paid', '2023-06-14', 5273959255);
INSERT INTO "Invoice" ("Invoice_ID", "Status", "Issue_date", "NIP") VALUES (222, 'Forgiven', '2024-09-18', 8465041586);
INSERT INTO "Invoice" ("Invoice_ID", "Status", "Issue_date", "NIP") VALUES (223, 'Paid', '2024-10-20', 2850460968);
INSERT INTO "Invoice" ("Invoice_ID", "Status", "Issue_date", "NIP") VALUES (224, 'Refunded', '2024-11-13', 5589892450);
INSERT INTO "Invoice" ("Invoice_ID", "Status", "Issue_date", "NIP") VALUES (225, 'Refunded', '2024-10-10', 5618121495);
INSERT INTO "Invoice" ("Invoice_ID", "Status", "Issue_date", "NIP") VALUES (226, 'Unpaid', '2024-04-20', 3853599038);
INSERT INTO "Invoice" ("Invoice_ID", "Status", "Issue_date", "NIP") VALUES (227, 'Unpaid', '2024-05-01', 2280269978);
INSERT INTO "Invoice" ("Invoice_ID", "Status", "Issue_date", "NIP") VALUES (228, 'Overdue', '2021-07-19', 1186806269);
INSERT INTO "Invoice" ("Invoice_ID", "Status", "Issue_date", "NIP") VALUES (229, 'Overdue', '2019-10-10', 3215304350);
INSERT INTO "Invoice" ("Invoice_ID", "Status", "Issue_date", "NIP") VALUES (230, 'Paid', '2023-12-21', 1679152908);
INSERT INTO "Invoice" ("Invoice_ID", "Status", "Issue_date", "NIP") VALUES (231, 'Refunded', '2023-02-20', 3852604858);
INSERT INTO "Invoice" ("Invoice_ID", "Status", "Issue_date", "NIP") VALUES (232, 'Unpaid', '2023-02-01', 1215886258);
INSERT INTO "Invoice" ("Invoice_ID", "Status", "Issue_date", "NIP") VALUES (233, 'Paid', '2024-01-14', 3917945149);
INSERT INTO "Invoice" ("Invoice_ID", "Status", "Issue_date", "NIP") VALUES (234, 'Forgiven', '2022-02-28', 5846904054);
INSERT INTO "Invoice" ("Invoice_ID", "Status", "Issue_date", "NIP") VALUES (235, 'Overdue', '2022-04-25', 4578619286);
INSERT INTO "Invoice" ("Invoice_ID", "Status", "Issue_date", "NIP") VALUES (236, 'Refunded', '2021-08-22', 2276960349);
INSERT INTO "Invoice" ("Invoice_ID", "Status", "Issue_date", "NIP") VALUES (237, 'Forgiven', '2016-01-12', 3472300816);
INSERT INTO "Invoice" ("Invoice_ID", "Status", "Issue_date", "NIP") VALUES (238, 'Refunded', '2024-07-04', 1430567837);
INSERT INTO "Invoice" ("Invoice_ID", "Status", "Issue_date", "NIP") VALUES (239, 'Paid', '2023-09-27', 5371393676);
INSERT INTO "Invoice" ("Invoice_ID", "Status", "Issue_date", "NIP") VALUES (240, 'Refunded', '2018-06-16', 8007947750);
INSERT INTO "Invoice" ("Invoice_ID", "Status", "Issue_date", "NIP") VALUES (241, 'Refunded', '2023-03-17', 3461892995);
INSERT INTO "Invoice" ("Invoice_ID", "Status", "Issue_date", "NIP") VALUES (242, 'Forgiven', '2023-11-24', 3363673321);
INSERT INTO "Invoice" ("Invoice_ID", "Status", "Issue_date", "NIP") VALUES (243, 'Unpaid', '2021-07-05', 3574447437);
INSERT INTO "Invoice" ("Invoice_ID", "Status", "Issue_date", "NIP") VALUES (244, 'Unpaid', '2023-10-03', 2241380813);
INSERT INTO "Invoice" ("Invoice_ID", "Status", "Issue_date", "NIP") VALUES (245, 'Refunded', '2024-08-12', 3365877401);
INSERT INTO "Invoice" ("Invoice_ID", "Status", "Issue_date", "NIP") VALUES (246, 'Unpaid', '2023-03-25', 4273224184);
INSERT INTO "Invoice" ("Invoice_ID", "Status", "Issue_date", "NIP") VALUES (247, 'Forgiven', '2020-03-24', 5440646597);
INSERT INTO "Invoice" ("Invoice_ID", "Status", "Issue_date", "NIP") VALUES (248, 'Overdue', '2024-10-09', 2152296665);
INSERT INTO "Invoice" ("Invoice_ID", "Status", "Issue_date", "NIP") VALUES (249, 'Paid', '2020-07-05', 9719646618);
INSERT INTO "Invoice" ("Invoice_ID", "Status", "Issue_date", "NIP") VALUES (250, 'Unpaid', '2015-03-10', 2420390674);
INSERT INTO "Invoice" ("Invoice_ID", "Status", "Issue_date", "NIP") VALUES (251, 'Unpaid', '2016-08-30', 2095612682);
INSERT INTO "Invoice" ("Invoice_ID", "Status", "Issue_date", "NIP") VALUES (252, 'Paid', '2018-11-26', 6042392139);
INSERT INTO "Invoice" ("Invoice_ID", "Status", "Issue_date", "NIP") VALUES (253, 'Paid', '2022-03-18', 1208258165);
INSERT INTO "Invoice" ("Invoice_ID", "Status", "Issue_date", "NIP") VALUES (254, 'Overdue', '2017-05-15', 3359427861);
INSERT INTO "Invoice" ("Invoice_ID", "Status", "Issue_date", "NIP") VALUES (255, 'Paid', '2024-09-25', 2589025412);
INSERT INTO "Invoice" ("Invoice_ID", "Status", "Issue_date", "NIP") VALUES (256, 'Refunded', '2024-06-08', 8033094416);
INSERT INTO "Invoice" ("Invoice_ID", "Status", "Issue_date", "NIP") VALUES (257, 'Overdue', '2024-11-09', 9433080841);
INSERT INTO "Invoice" ("Invoice_ID", "Status", "Issue_date", "NIP") VALUES (258, 'Paid', '2021-06-14', 2970825025);
INSERT INTO "Invoice" ("Invoice_ID", "Status", "Issue_date", "NIP") VALUES (259, 'Paid', '2020-07-22', 8621158626);
INSERT INTO "Invoice" ("Invoice_ID", "Status", "Issue_date", "NIP") VALUES (260, 'Overdue', '2022-01-26', 3150817892);
INSERT INTO "Invoice" ("Invoice_ID", "Status", "Issue_date", "NIP") VALUES (261, 'Paid', '2024-03-29', 2344395058);
INSERT INTO "Invoice" ("Invoice_ID", "Status", "Issue_date", "NIP") VALUES (262, 'Paid', '2020-10-23', 9621726906);
INSERT INTO "Invoice" ("Invoice_ID", "Status", "Issue_date", "NIP") VALUES (263, 'Forgiven', '2023-03-13', 7865125884);
INSERT INTO "Invoice" ("Invoice_ID", "Status", "Issue_date", "NIP") VALUES (264, 'Overdue', '2024-10-11', 5760757511);
INSERT INTO "Invoice" ("Invoice_ID", "Status", "Issue_date", "NIP") VALUES (265, 'Overdue', '2020-06-18', 6843978049);
INSERT INTO "Invoice" ("Invoice_ID", "Status", "Issue_date", "NIP") VALUES (266, 'Paid', '2018-08-16', 4079483675);
INSERT INTO "Invoice" ("Invoice_ID", "Status", "Issue_date", "NIP") VALUES (267, 'Unpaid', '2023-09-27', 2621409914);
INSERT INTO "Invoice" ("Invoice_ID", "Status", "Issue_date", "NIP") VALUES (268, 'Overdue', '2019-03-16', 8416088134);
INSERT INTO "Invoice" ("Invoice_ID", "Status", "Issue_date", "NIP") VALUES (269, 'Overdue', '2022-03-08', 1121026564);
INSERT INTO "Invoice" ("Invoice_ID", "Status", "Issue_date", "NIP") VALUES (270, 'Forgiven', '2020-10-03', 5802882053);
INSERT INTO "Invoice" ("Invoice_ID", "Status", "Issue_date", "NIP") VALUES (271, 'Forgiven', '2022-03-23', 7670904249);
INSERT INTO "Invoice" ("Invoice_ID", "Status", "Issue_date", "NIP") VALUES (272, 'Forgiven', '2020-02-03', 5899545276);
INSERT INTO "Invoice" ("Invoice_ID", "Status", "Issue_date", "NIP") VALUES (273, 'Overdue', '2020-09-26', 6879879323);
INSERT INTO "Invoice" ("Invoice_ID", "Status", "Issue_date", "NIP") VALUES (274, 'Unpaid', '2021-01-16', 7783742694);
INSERT INTO "Invoice" ("Invoice_ID", "Status", "Issue_date", "NIP") VALUES (275, 'Refunded', '2022-08-18', 9317483286);
INSERT INTO "Invoice" ("Invoice_ID", "Status", "Issue_date", "NIP") VALUES (276, 'Overdue', '2024-01-03', 6816927107);
INSERT INTO "Invoice" ("Invoice_ID", "Status", "Issue_date", "NIP") VALUES (277, 'Refunded', '2023-06-23', 2629905504);
INSERT INTO "Invoice" ("Invoice_ID", "Status", "Issue_date", "NIP") VALUES (278, 'Refunded', '2022-03-31', 4273393146);
INSERT INTO "Invoice" ("Invoice_ID", "Status", "Issue_date", "NIP") VALUES (279, 'Forgiven', '2020-01-05', 4669684198);
INSERT INTO "Invoice" ("Invoice_ID", "Status", "Issue_date", "NIP") VALUES (280, 'Overdue', '2022-09-14', 1896381091);
INSERT INTO "Invoice" ("Invoice_ID", "Status", "Issue_date", "NIP") VALUES (281, 'Unpaid', '2024-10-06', 3517068458);
INSERT INTO "Invoice" ("Invoice_ID", "Status", "Issue_date", "NIP") VALUES (282, 'Unpaid', '2024-12-29', 4187682911);
INSERT INTO "Transaction" ("Transaction_ID", "Date", "Value", "Client_ID", "Employee_ID", "Transaction_type_ID", "Invoice_ID") VALUES (1, '2024-05-27', 90961.03, 58, 1, 2, 1);
INSERT INTO "Transaction" ("Transaction_ID", "Date", "Value", "Client_ID", "Employee_ID", "Transaction_type_ID", "Invoice_ID") VALUES (2, '2024-05-15', 42926.13, 67, 1, 1, 2);
INSERT INTO "Transaction" ("Transaction_ID", "Date", "Value", "Client_ID", "Employee_ID", "Transaction_type_ID", "Invoice_ID") VALUES (3, '2024-12-01', 90904.61, 79, 1, 2, 3);
INSERT INTO "Transaction" ("Transaction_ID", "Date", "Value", "Client_ID", "Employee_ID", "Transaction_type_ID", "Invoice_ID") VALUES (4, '2024-09-20', 88997.15, 53, 1, 2, 4);
INSERT INTO "Transaction" ("Transaction_ID", "Date", "Value", "Client_ID", "Employee_ID", "Transaction_type_ID", "Invoice_ID") VALUES (5, '2016-03-21', 25293.46, 72, 2, 1, 5);
INSERT INTO "Transaction" ("Transaction_ID", "Date", "Value", "Client_ID", "Employee_ID", "Transaction_type_ID", "Invoice_ID") VALUES (6, '2018-01-22', 38542.31, 69, 2, 1, 6);
INSERT INTO "Transaction" ("Transaction_ID", "Date", "Value", "Client_ID", "Employee_ID", "Transaction_type_ID", "Invoice_ID") VALUES (7, '2019-12-30', 79490.57, 39, 2, 1, 7);
INSERT INTO "Transaction" ("Transaction_ID", "Date", "Value", "Client_ID", "Employee_ID", "Transaction_type_ID", "Invoice_ID") VALUES (8, '2020-08-12', 83762.85, 61, 3, 2, 8);
INSERT INTO "Transaction" ("Transaction_ID", "Date", "Value", "Client_ID", "Employee_ID", "Transaction_type_ID", "Invoice_ID") VALUES (9, '2023-02-03', 61203.37, 48, 4, 1, 9);
INSERT INTO "Transaction" ("Transaction_ID", "Date", "Value", "Client_ID", "Employee_ID", "Transaction_type_ID", "Invoice_ID") VALUES (10, '2024-04-22', 65268.88, 35, 4, 2, 10);
INSERT INTO "Transaction" ("Transaction_ID", "Date", "Value", "Client_ID", "Employee_ID", "Transaction_type_ID", "Invoice_ID") VALUES (11, '2024-04-11', 98117.49, 98, 4, 2, 11);
INSERT INTO "Transaction" ("Transaction_ID", "Date", "Value", "Client_ID", "Employee_ID", "Transaction_type_ID", "Invoice_ID") VALUES (12, '2021-12-21', 93701.2, 97, 4, 2, 12);
INSERT INTO "Transaction" ("Transaction_ID", "Date", "Value", "Client_ID", "Employee_ID", "Transaction_type_ID", "Invoice_ID") VALUES (13, '2022-03-02', 8269.1, 33, 5, 2, 13);
INSERT INTO "Transaction" ("Transaction_ID", "Date", "Value", "Client_ID", "Employee_ID", "Transaction_type_ID", "Invoice_ID") VALUES (14, '2023-08-25', 22284.8, 30, 5, 1, 14);
INSERT INTO "Transaction" ("Transaction_ID", "Date", "Value", "Client_ID", "Employee_ID", "Transaction_type_ID", "Invoice_ID") VALUES (15, '2023-05-18', 76582.32, 4, 5, 1, 15);
INSERT INTO "Transaction" ("Transaction_ID", "Date", "Value", "Client_ID", "Employee_ID", "Transaction_type_ID", "Invoice_ID") VALUES (16, '2023-11-28', 78104.65, 51, 6, 2, 16);
INSERT INTO "Transaction" ("Transaction_ID", "Date", "Value", "Client_ID", "Employee_ID", "Transaction_type_ID", "Invoice_ID") VALUES (17, '2024-05-28', 37963.59, 100, 6, 2, 17);
INSERT INTO "Transaction" ("Transaction_ID", "Date", "Value", "Client_ID", "Employee_ID", "Transaction_type_ID", "Invoice_ID") VALUES (18, '2020-12-04', 94925.56, 87, 6, 2, 18);
INSERT INTO "Transaction" ("Transaction_ID", "Date", "Value", "Client_ID", "Employee_ID", "Transaction_type_ID", "Invoice_ID") VALUES (19, '2021-03-04', 42126.05, 28, 6, 1, 19);
INSERT INTO "Transaction" ("Transaction_ID", "Date", "Value", "Client_ID", "Employee_ID", "Transaction_type_ID", "Invoice_ID") VALUES (20, '2024-12-18', 83268.79, 80, 7, 2, 20);
INSERT INTO "Transaction" ("Transaction_ID", "Date", "Value", "Client_ID", "Employee_ID", "Transaction_type_ID", "Invoice_ID") VALUES (21, '2017-06-09', 54782.03, 17, 8, 1, 21);
INSERT INTO "Transaction" ("Transaction_ID", "Date", "Value", "Client_ID", "Employee_ID", "Transaction_type_ID", "Invoice_ID") VALUES (22, '2015-08-27', 31231.11, 50, 8, 2, 22);
INSERT INTO "Transaction" ("Transaction_ID", "Date", "Value", "Client_ID", "Employee_ID", "Transaction_type_ID", "Invoice_ID") VALUES (23, '2015-12-21', 11478.43, 71, 8, 2, 23);
INSERT INTO "Transaction" ("Transaction_ID", "Date", "Value", "Client_ID", "Employee_ID", "Transaction_type_ID", "Invoice_ID") VALUES (24, '2019-10-13', 14168.18, 69, 9, 1, 24);
INSERT INTO "Transaction" ("Transaction_ID", "Date", "Value", "Client_ID", "Employee_ID", "Transaction_type_ID", "Invoice_ID") VALUES (25, '2024-06-15', 9873.32, 19, 9, 1, 25);
INSERT INTO "Transaction" ("Transaction_ID", "Date", "Value", "Client_ID", "Employee_ID", "Transaction_type_ID", "Invoice_ID") VALUES (26, '2023-10-23', 35107.49, 20, 9, 2, 26);
INSERT INTO "Transaction" ("Transaction_ID", "Date", "Value", "Client_ID", "Employee_ID", "Transaction_type_ID", "Invoice_ID") VALUES (27, '2018-01-16', 87121.45, 64, 9, 1, 27);
INSERT INTO "Transaction" ("Transaction_ID", "Date", "Value", "Client_ID", "Employee_ID", "Transaction_type_ID", "Invoice_ID") VALUES (28, '2020-01-17', 5085.55, 78, 10, 1, 28);
INSERT INTO "Transaction" ("Transaction_ID", "Date", "Value", "Client_ID", "Employee_ID", "Transaction_type_ID", "Invoice_ID") VALUES (29, '2021-05-24', 99652.97, 43, 10, 2, 29);
INSERT INTO "Transaction" ("Transaction_ID", "Date", "Value", "Client_ID", "Employee_ID", "Transaction_type_ID", "Invoice_ID") VALUES (30, '2021-08-06', 69162.93, 4, 10, 2, 30);
INSERT INTO "Transaction" ("Transaction_ID", "Date", "Value", "Client_ID", "Employee_ID", "Transaction_type_ID", "Invoice_ID") VALUES (31, '2022-11-18', 40627.21, 23, 11, 1, 31);
INSERT INTO "Transaction" ("Transaction_ID", "Date", "Value", "Client_ID", "Employee_ID", "Transaction_type_ID", "Invoice_ID") VALUES (32, '2022-06-24', 93458.56, 30, 12, 1, 32);
INSERT INTO "Transaction" ("Transaction_ID", "Date", "Value", "Client_ID", "Employee_ID", "Transaction_type_ID", "Invoice_ID") VALUES (33, '2022-04-18', 30108.41, 19, 12, 2, 33);
INSERT INTO "Transaction" ("Transaction_ID", "Date", "Value", "Client_ID", "Employee_ID", "Transaction_type_ID", "Invoice_ID") VALUES (34, '2019-11-26', 38387.71, 13, 12, 2, 34);
INSERT INTO "Transaction" ("Transaction_ID", "Date", "Value", "Client_ID", "Employee_ID", "Transaction_type_ID", "Invoice_ID") VALUES (35, '2019-09-22', 60193.82, 93, 12, 1, 35);
INSERT INTO "Transaction" ("Transaction_ID", "Date", "Value", "Client_ID", "Employee_ID", "Transaction_type_ID", "Invoice_ID") VALUES (36, '2020-07-09', 12452.59, 93, 12, 2, 36);
INSERT INTO "Transaction" ("Transaction_ID", "Date", "Value", "Client_ID", "Employee_ID", "Transaction_type_ID", "Invoice_ID") VALUES (37, '2018-01-26', 81782.88, 79, 13, 1, 37);
INSERT INTO "Transaction" ("Transaction_ID", "Date", "Value", "Client_ID", "Employee_ID", "Transaction_type_ID", "Invoice_ID") VALUES (38, '2021-11-16', 51657.43, 3, 13, 2, 38);
INSERT INTO "Transaction" ("Transaction_ID", "Date", "Value", "Client_ID", "Employee_ID", "Transaction_type_ID", "Invoice_ID") VALUES (39, '2019-06-01', 33396.88, 92, 14, 1, 39);
INSERT INTO "Transaction" ("Transaction_ID", "Date", "Value", "Client_ID", "Employee_ID", "Transaction_type_ID", "Invoice_ID") VALUES (40, '2024-11-24', 69265.18, 65, 14, 2, 40);
INSERT INTO "Transaction" ("Transaction_ID", "Date", "Value", "Client_ID", "Employee_ID", "Transaction_type_ID", "Invoice_ID") VALUES (41, '2022-01-10', 23449.96, 74, 15, 1, 41);
INSERT INTO "Transaction" ("Transaction_ID", "Date", "Value", "Client_ID", "Employee_ID", "Transaction_type_ID", "Invoice_ID") VALUES (42, '2022-01-27', 61594.1, 33, 15, 2, 42);
INSERT INTO "Transaction" ("Transaction_ID", "Date", "Value", "Client_ID", "Employee_ID", "Transaction_type_ID", "Invoice_ID") VALUES (43, '2020-02-08', 51539.54, 42, 15, 2, 43);
INSERT INTO "Transaction" ("Transaction_ID", "Date", "Value", "Client_ID", "Employee_ID", "Transaction_type_ID", "Invoice_ID") VALUES (44, '2024-07-15', 89803.31, 71, 15, 2, 44);
INSERT INTO "Transaction" ("Transaction_ID", "Date", "Value", "Client_ID", "Employee_ID", "Transaction_type_ID", "Invoice_ID") VALUES (45, '2021-03-16', 82638.64, 69, 16, 1, 45);
INSERT INTO "Transaction" ("Transaction_ID", "Date", "Value", "Client_ID", "Employee_ID", "Transaction_type_ID", "Invoice_ID") VALUES (46, '2023-11-17', 50520.13, 53, 16, 2, 46);
INSERT INTO "Transaction" ("Transaction_ID", "Date", "Value", "Client_ID", "Employee_ID", "Transaction_type_ID", "Invoice_ID") VALUES (47, '2020-03-01', 88169.29, 52, 16, 2, 47);
INSERT INTO "Transaction" ("Transaction_ID", "Date", "Value", "Client_ID", "Employee_ID", "Transaction_type_ID", "Invoice_ID") VALUES (48, '2020-11-02', 77982.92, 39, 16, 2, 48);
INSERT INTO "Transaction" ("Transaction_ID", "Date", "Value", "Client_ID", "Employee_ID", "Transaction_type_ID", "Invoice_ID") VALUES (49, '2022-12-14', 42793.86, 39, 16, 2, 49);
INSERT INTO "Transaction" ("Transaction_ID", "Date", "Value", "Client_ID", "Employee_ID", "Transaction_type_ID", "Invoice_ID") VALUES (50, '2016-06-18', 12860.8, 2, 17, 2, 50);
INSERT INTO "Transaction" ("Transaction_ID", "Date", "Value", "Client_ID", "Employee_ID", "Transaction_type_ID", "Invoice_ID") VALUES (51, '2019-11-01', 22460.88, 3, 17, 2, 51);
INSERT INTO "Transaction" ("Transaction_ID", "Date", "Value", "Client_ID", "Employee_ID", "Transaction_type_ID", "Invoice_ID") VALUES (52, '2021-05-17', 22043.18, 72, 17, 2, 52);
INSERT INTO "Transaction" ("Transaction_ID", "Date", "Value", "Client_ID", "Employee_ID", "Transaction_type_ID", "Invoice_ID") VALUES (53, '2021-04-04', 78846.32, 45, 17, 1, 53);
INSERT INTO "Transaction" ("Transaction_ID", "Date", "Value", "Client_ID", "Employee_ID", "Transaction_type_ID", "Invoice_ID") VALUES (54, '2021-08-29', 89067.23, 84, 18, 1, 54);
INSERT INTO "Transaction" ("Transaction_ID", "Date", "Value", "Client_ID", "Employee_ID", "Transaction_type_ID", "Invoice_ID") VALUES (55, '2021-07-03', 91509.2, 47, 19, 1, 55);
INSERT INTO "Transaction" ("Transaction_ID", "Date", "Value", "Client_ID", "Employee_ID", "Transaction_type_ID", "Invoice_ID") VALUES (56, '2024-11-30', 36746.83, 2, 19, 1, 56);
INSERT INTO "Transaction" ("Transaction_ID", "Date", "Value", "Client_ID", "Employee_ID", "Transaction_type_ID", "Invoice_ID") VALUES (57, '2023-04-18', 24962.83, 78, 20, 1, 57);
INSERT INTO "Transaction" ("Transaction_ID", "Date", "Value", "Client_ID", "Employee_ID", "Transaction_type_ID", "Invoice_ID") VALUES (58, '2023-02-09', 98374.33, 62, 21, 2, 58);
INSERT INTO "Transaction" ("Transaction_ID", "Date", "Value", "Client_ID", "Employee_ID", "Transaction_type_ID", "Invoice_ID") VALUES (59, '2024-01-02', 52973.29, 40, 22, 1, 59);
INSERT INTO "Transaction" ("Transaction_ID", "Date", "Value", "Client_ID", "Employee_ID", "Transaction_type_ID", "Invoice_ID") VALUES (60, '2023-03-04', 26181.64, 6, 22, 2, 60);
INSERT INTO "Transaction" ("Transaction_ID", "Date", "Value", "Client_ID", "Employee_ID", "Transaction_type_ID", "Invoice_ID") VALUES (61, '2016-06-28', 71505.04, 62, 23, 1, 61);
INSERT INTO "Transaction" ("Transaction_ID", "Date", "Value", "Client_ID", "Employee_ID", "Transaction_type_ID", "Invoice_ID") VALUES (62, '2016-05-10', 95868.14, 60, 23, 2, 62);
INSERT INTO "Transaction" ("Transaction_ID", "Date", "Value", "Client_ID", "Employee_ID", "Transaction_type_ID", "Invoice_ID") VALUES (63, '2016-03-05', 7760.04, 3, 23, 2, 63);
INSERT INTO "Transaction" ("Transaction_ID", "Date", "Value", "Client_ID", "Employee_ID", "Transaction_type_ID", "Invoice_ID") VALUES (64, '2015-06-08', 6333.45, 38, 24, 1, 64);
INSERT INTO "Transaction" ("Transaction_ID", "Date", "Value", "Client_ID", "Employee_ID", "Transaction_type_ID", "Invoice_ID") VALUES (65, '2021-07-28', 23384.92, 11, 24, 2, 65);
INSERT INTO "Transaction" ("Transaction_ID", "Date", "Value", "Client_ID", "Employee_ID", "Transaction_type_ID", "Invoice_ID") VALUES (66, '2018-04-20', 55440.15, 81, 25, 1, 66);
INSERT INTO "Transaction" ("Transaction_ID", "Date", "Value", "Client_ID", "Employee_ID", "Transaction_type_ID", "Invoice_ID") VALUES (67, '2017-12-17', 17664.99, 59, 25, 2, 67);
INSERT INTO "Transaction" ("Transaction_ID", "Date", "Value", "Client_ID", "Employee_ID", "Transaction_type_ID", "Invoice_ID") VALUES (68, '2023-11-08', 64306.94, 53, 25, 2, 68);
INSERT INTO "Transaction" ("Transaction_ID", "Date", "Value", "Client_ID", "Employee_ID", "Transaction_type_ID", "Invoice_ID") VALUES (69, '2019-12-05', 21305.26, 55, 25, 2, 69);
INSERT INTO "Transaction" ("Transaction_ID", "Date", "Value", "Client_ID", "Employee_ID", "Transaction_type_ID", "Invoice_ID") VALUES (70, '2018-10-29', 33332.29, 65, 25, 1, 70);
INSERT INTO "Transaction" ("Transaction_ID", "Date", "Value", "Client_ID", "Employee_ID", "Transaction_type_ID", "Invoice_ID") VALUES (71, '2017-04-04', 75610.54, 2, 26, 2, 71);
INSERT INTO "Transaction" ("Transaction_ID", "Date", "Value", "Client_ID", "Employee_ID", "Transaction_type_ID", "Invoice_ID") VALUES (72, '2024-08-03', 23551.32, 8, 27, 2, 72);
INSERT INTO "Transaction" ("Transaction_ID", "Date", "Value", "Client_ID", "Employee_ID", "Transaction_type_ID", "Invoice_ID") VALUES (73, '2017-07-13', 74162.82, 69, 27, 2, 73);
INSERT INTO "Transaction" ("Transaction_ID", "Date", "Value", "Client_ID", "Employee_ID", "Transaction_type_ID", "Invoice_ID") VALUES (74, '2024-03-23', 44568.57, 40, 27, 2, 74);
INSERT INTO "Transaction" ("Transaction_ID", "Date", "Value", "Client_ID", "Employee_ID", "Transaction_type_ID", "Invoice_ID") VALUES (75, '2019-01-10', 96291.58, 10, 27, 2, 75);
INSERT INTO "Transaction" ("Transaction_ID", "Date", "Value", "Client_ID", "Employee_ID", "Transaction_type_ID", "Invoice_ID") VALUES (76, '2021-01-30', 29410.16, 46, 27, 2, 76);
INSERT INTO "Transaction" ("Transaction_ID", "Date", "Value", "Client_ID", "Employee_ID", "Transaction_type_ID", "Invoice_ID") VALUES (77, '2023-04-29', 67674.99, 75, 28, 1, 77);
INSERT INTO "Transaction" ("Transaction_ID", "Date", "Value", "Client_ID", "Employee_ID", "Transaction_type_ID", "Invoice_ID") VALUES (78, '2023-06-15', 18845.55, 39, 28, 2, 78);
INSERT INTO "Transaction" ("Transaction_ID", "Date", "Value", "Client_ID", "Employee_ID", "Transaction_type_ID", "Invoice_ID") VALUES (79, '2024-09-10', 54179.33, 91, 28, 1, 79);
INSERT INTO "Transaction" ("Transaction_ID", "Date", "Value", "Client_ID", "Employee_ID", "Transaction_type_ID", "Invoice_ID") VALUES (80, '2019-02-09', 66183.3, 89, 29, 2, 80);
INSERT INTO "Transaction" ("Transaction_ID", "Date", "Value", "Client_ID", "Employee_ID", "Transaction_type_ID", "Invoice_ID") VALUES (81, '2022-04-09', 63380.22, 78, 29, 1, 81);
INSERT INTO "Transaction" ("Transaction_ID", "Date", "Value", "Client_ID", "Employee_ID", "Transaction_type_ID", "Invoice_ID") VALUES (82, '2022-01-16', 75161.13, 98, 29, 1, 82);
INSERT INTO "Transaction" ("Transaction_ID", "Date", "Value", "Client_ID", "Employee_ID", "Transaction_type_ID", "Invoice_ID") VALUES (83, '2022-12-02', 83934.49, 93, 29, 1, 83);
INSERT INTO "Transaction" ("Transaction_ID", "Date", "Value", "Client_ID", "Employee_ID", "Transaction_type_ID", "Invoice_ID") VALUES (84, '2023-03-02', 14060.83, 37, 29, 2, 84);
INSERT INTO "Transaction" ("Transaction_ID", "Date", "Value", "Client_ID", "Employee_ID", "Transaction_type_ID", "Invoice_ID") VALUES (85, '2018-12-24', 18393.06, 90, 30, 1, 85);
INSERT INTO "Transaction" ("Transaction_ID", "Date", "Value", "Client_ID", "Employee_ID", "Transaction_type_ID", "Invoice_ID") VALUES (86, '2021-08-10', 19025.64, 25, 30, 2, 86);
INSERT INTO "Transaction" ("Transaction_ID", "Date", "Value", "Client_ID", "Employee_ID", "Transaction_type_ID", "Invoice_ID") VALUES (87, '2017-08-12', 22732.03, 80, 30, 1, 87);
INSERT INTO "Transaction" ("Transaction_ID", "Date", "Value", "Client_ID", "Employee_ID", "Transaction_type_ID", "Invoice_ID") VALUES (88, '2023-02-10', 75830.67, 72, 30, 1, 88);
INSERT INTO "Transaction" ("Transaction_ID", "Date", "Value", "Client_ID", "Employee_ID", "Transaction_type_ID", "Invoice_ID") VALUES (89, '2023-06-29', 71075.36, 9, 31, 2, 89);
INSERT INTO "Transaction" ("Transaction_ID", "Date", "Value", "Client_ID", "Employee_ID", "Transaction_type_ID", "Invoice_ID") VALUES (90, '2023-01-05', 14864.32, 89, 31, 1, 90);
INSERT INTO "Transaction" ("Transaction_ID", "Date", "Value", "Client_ID", "Employee_ID", "Transaction_type_ID", "Invoice_ID") VALUES (91, '2018-08-04', 20586.43, 59, 32, 1, 91);
INSERT INTO "Transaction" ("Transaction_ID", "Date", "Value", "Client_ID", "Employee_ID", "Transaction_type_ID", "Invoice_ID") VALUES (92, '2018-06-15', 51311.0, 84, 32, 1, 92);
INSERT INTO "Transaction" ("Transaction_ID", "Date", "Value", "Client_ID", "Employee_ID", "Transaction_type_ID", "Invoice_ID") VALUES (93, '2022-01-25', 81726.06, 72, 33, 1, 93);
INSERT INTO "Transaction" ("Transaction_ID", "Date", "Value", "Client_ID", "Employee_ID", "Transaction_type_ID", "Invoice_ID") VALUES (94, '2022-02-03', 85119.18, 80, 33, 2, 94);
INSERT INTO "Transaction" ("Transaction_ID", "Date", "Value", "Client_ID", "Employee_ID", "Transaction_type_ID", "Invoice_ID") VALUES (95, '2020-04-03', 94007.44, 20, 33, 2, 95);
INSERT INTO "Transaction" ("Transaction_ID", "Date", "Value", "Client_ID", "Employee_ID", "Transaction_type_ID", "Invoice_ID") VALUES (96, '2020-07-08', 6124.2, 38, 34, 2, 96);
INSERT INTO "Transaction" ("Transaction_ID", "Date", "Value", "Client_ID", "Employee_ID", "Transaction_type_ID", "Invoice_ID") VALUES (97, '2019-03-26', 10060.07, 40, 34, 2, 97);
INSERT INTO "Transaction" ("Transaction_ID", "Date", "Value", "Client_ID", "Employee_ID", "Transaction_type_ID", "Invoice_ID") VALUES (98, '2023-03-23', 50877.28, 100, 34, 2, 98);
INSERT INTO "Transaction" ("Transaction_ID", "Date", "Value", "Client_ID", "Employee_ID", "Transaction_type_ID", "Invoice_ID") VALUES (99, '2021-02-15', 33015.97, 94, 35, 2, 99);
INSERT INTO "Transaction" ("Transaction_ID", "Date", "Value", "Client_ID", "Employee_ID", "Transaction_type_ID", "Invoice_ID") VALUES (100, '2024-04-09', 62378.65, 42, 35, 2, 100);
INSERT INTO "Transaction" ("Transaction_ID", "Date", "Value", "Client_ID", "Employee_ID", "Transaction_type_ID", "Invoice_ID") VALUES (101, '2019-01-02', 24646.86, 46, 36, 2, 101);
INSERT INTO "Transaction" ("Transaction_ID", "Date", "Value", "Client_ID", "Employee_ID", "Transaction_type_ID", "Invoice_ID") VALUES (102, '2019-10-16', 28856.35, 61, 36, 2, 102);
INSERT INTO "Transaction" ("Transaction_ID", "Date", "Value", "Client_ID", "Employee_ID", "Transaction_type_ID", "Invoice_ID") VALUES (103, '2019-06-15', 33456.33, 63, 36, 2, 103);
INSERT INTO "Transaction" ("Transaction_ID", "Date", "Value", "Client_ID", "Employee_ID", "Transaction_type_ID", "Invoice_ID") VALUES (104, '2015-07-22', 7554.1, 75, 36, 1, 104);
INSERT INTO "Transaction" ("Transaction_ID", "Date", "Value", "Client_ID", "Employee_ID", "Transaction_type_ID", "Invoice_ID") VALUES (105, '2019-11-17', 96311.78, 67, 37, 1, 105);
INSERT INTO "Transaction" ("Transaction_ID", "Date", "Value", "Client_ID", "Employee_ID", "Transaction_type_ID", "Invoice_ID") VALUES (106, '2022-01-04', 69197.16, 96, 37, 2, 106);
INSERT INTO "Transaction" ("Transaction_ID", "Date", "Value", "Client_ID", "Employee_ID", "Transaction_type_ID", "Invoice_ID") VALUES (107, '2023-02-16', 54389.27, 57, 37, 1, 107);
INSERT INTO "Transaction" ("Transaction_ID", "Date", "Value", "Client_ID", "Employee_ID", "Transaction_type_ID", "Invoice_ID") VALUES (108, '2018-05-18', 16351.65, 78, 38, 1, 108);
INSERT INTO "Transaction" ("Transaction_ID", "Date", "Value", "Client_ID", "Employee_ID", "Transaction_type_ID", "Invoice_ID") VALUES (109, '2018-07-09', 8699.1, 11, 38, 2, 109);
INSERT INTO "Transaction" ("Transaction_ID", "Date", "Value", "Client_ID", "Employee_ID", "Transaction_type_ID", "Invoice_ID") VALUES (110, '2019-02-11', 72344.01, 100, 38, 1, 110);
INSERT INTO "Transaction" ("Transaction_ID", "Date", "Value", "Client_ID", "Employee_ID", "Transaction_type_ID", "Invoice_ID") VALUES (111, '2021-03-30', 29737.34, 29, 38, 1, 111);
INSERT INTO "Transaction" ("Transaction_ID", "Date", "Value", "Client_ID", "Employee_ID", "Transaction_type_ID", "Invoice_ID") VALUES (112, '2023-01-08', 8211.57, 50, 39, 1, 112);
INSERT INTO "Transaction" ("Transaction_ID", "Date", "Value", "Client_ID", "Employee_ID", "Transaction_type_ID", "Invoice_ID") VALUES (113, '2023-02-23', 40042.64, 78, 39, 1, 113);
INSERT INTO "Transaction" ("Transaction_ID", "Date", "Value", "Client_ID", "Employee_ID", "Transaction_type_ID", "Invoice_ID") VALUES (114, '2024-10-24', 54220.2, 40, 39, 2, 114);
INSERT INTO "Transaction" ("Transaction_ID", "Date", "Value", "Client_ID", "Employee_ID", "Transaction_type_ID", "Invoice_ID") VALUES (115, '2024-03-23', 90622.69, 51, 39, 2, 115);
INSERT INTO "Transaction" ("Transaction_ID", "Date", "Value", "Client_ID", "Employee_ID", "Transaction_type_ID", "Invoice_ID") VALUES (116, '2018-07-23', 72101.74, 95, 40, 1, 116);
INSERT INTO "Transaction" ("Transaction_ID", "Date", "Value", "Client_ID", "Employee_ID", "Transaction_type_ID", "Invoice_ID") VALUES (117, '2018-02-13', 21139.58, 99, 40, 2, 117);
INSERT INTO "Transaction" ("Transaction_ID", "Date", "Value", "Client_ID", "Employee_ID", "Transaction_type_ID", "Invoice_ID") VALUES (118, '2018-10-02', 35116.32, 44, 41, 1, 118);
INSERT INTO "Transaction" ("Transaction_ID", "Date", "Value", "Client_ID", "Employee_ID", "Transaction_type_ID", "Invoice_ID") VALUES (119, '2024-02-15', 60445.21, 77, 41, 2, 119);
INSERT INTO "Transaction" ("Transaction_ID", "Date", "Value", "Client_ID", "Employee_ID", "Transaction_type_ID", "Invoice_ID") VALUES (120, '2020-12-29', 13395.47, 21, 41, 2, 120);
INSERT INTO "Transaction" ("Transaction_ID", "Date", "Value", "Client_ID", "Employee_ID", "Transaction_type_ID", "Invoice_ID") VALUES (121, '2024-11-22', 28790.86, 86, 42, 1, 121);
INSERT INTO "Transaction" ("Transaction_ID", "Date", "Value", "Client_ID", "Employee_ID", "Transaction_type_ID", "Invoice_ID") VALUES (122, '2023-05-08', 73772.41, 26, 43, 1, 122);
INSERT INTO "Transaction" ("Transaction_ID", "Date", "Value", "Client_ID", "Employee_ID", "Transaction_type_ID", "Invoice_ID") VALUES (123, '2022-10-13', 8628.9, 79, 43, 1, 123);
INSERT INTO "Transaction" ("Transaction_ID", "Date", "Value", "Client_ID", "Employee_ID", "Transaction_type_ID", "Invoice_ID") VALUES (124, '2024-07-26', 18127.23, 98, 44, 2, 124);
INSERT INTO "Transaction" ("Transaction_ID", "Date", "Value", "Client_ID", "Employee_ID", "Transaction_type_ID", "Invoice_ID") VALUES (125, '2023-01-23', 63783.9, 37, 44, 2, 125);
INSERT INTO "Transaction" ("Transaction_ID", "Date", "Value", "Client_ID", "Employee_ID", "Transaction_type_ID", "Invoice_ID") VALUES (126, '2024-06-14', 97019.88, 81, 45, 1, 126);
INSERT INTO "Transaction" ("Transaction_ID", "Date", "Value", "Client_ID", "Employee_ID", "Transaction_type_ID", "Invoice_ID") VALUES (127, '2024-05-07', 76827.48, 37, 45, 2, 127);
INSERT INTO "Transaction" ("Transaction_ID", "Date", "Value", "Client_ID", "Employee_ID", "Transaction_type_ID", "Invoice_ID") VALUES (128, '2024-09-30', 15932.83, 62, 45, 2, 128);
INSERT INTO "Transaction" ("Transaction_ID", "Date", "Value", "Client_ID", "Employee_ID", "Transaction_type_ID", "Invoice_ID") VALUES (129, '2023-09-02', 44172.96, 14, 46, 2, 129);
INSERT INTO "Transaction" ("Transaction_ID", "Date", "Value", "Client_ID", "Employee_ID", "Transaction_type_ID", "Invoice_ID") VALUES (130, '2020-11-01', 82024.78, 63, 46, 1, 130);
INSERT INTO "Transaction" ("Transaction_ID", "Date", "Value", "Client_ID", "Employee_ID", "Transaction_type_ID", "Invoice_ID") VALUES (131, '2024-02-17', 78103.62, 91, 46, 2, 131);
INSERT INTO "Transaction" ("Transaction_ID", "Date", "Value", "Client_ID", "Employee_ID", "Transaction_type_ID", "Invoice_ID") VALUES (132, '2023-01-16', 22037.43, 48, 47, 1, 132);
INSERT INTO "Transaction" ("Transaction_ID", "Date", "Value", "Client_ID", "Employee_ID", "Transaction_type_ID", "Invoice_ID") VALUES (133, '2024-09-24', 52740.45, 28, 47, 1, 133);
INSERT INTO "Transaction" ("Transaction_ID", "Date", "Value", "Client_ID", "Employee_ID", "Transaction_type_ID", "Invoice_ID") VALUES (134, '2023-01-19', 82387.26, 88, 48, 2, 134);
INSERT INTO "Transaction" ("Transaction_ID", "Date", "Value", "Client_ID", "Employee_ID", "Transaction_type_ID", "Invoice_ID") VALUES (135, '2024-04-09', 77003.68, 3, 49, 1, 135);
INSERT INTO "Transaction" ("Transaction_ID", "Date", "Value", "Client_ID", "Employee_ID", "Transaction_type_ID", "Invoice_ID") VALUES (136, '2023-03-06', 24278.06, 98, 50, 2, 136);
INSERT INTO "Transaction" ("Transaction_ID", "Date", "Value", "Client_ID", "Employee_ID", "Transaction_type_ID", "Invoice_ID") VALUES (137, '2024-04-25', 76460.66, 42, 50, 2, 137);
INSERT INTO "Transaction" ("Transaction_ID", "Date", "Value", "Client_ID", "Employee_ID", "Transaction_type_ID", "Invoice_ID") VALUES (138, '2024-07-11', 68328.06, 77, 50, 2, 138);
INSERT INTO "Transaction" ("Transaction_ID", "Date", "Value", "Client_ID", "Employee_ID", "Transaction_type_ID", "Invoice_ID") VALUES (139, '2021-10-04', 45938.89, 91, 50, 2, 139);
INSERT INTO "Transaction" ("Transaction_ID", "Date", "Value", "Client_ID", "Employee_ID", "Transaction_type_ID", "Invoice_ID") VALUES (140, '2024-03-27', 50655.5, 13, 50, 2, 140);
INSERT INTO "Transaction" ("Transaction_ID", "Date", "Value", "Client_ID", "Employee_ID", "Transaction_type_ID", "Invoice_ID") VALUES (141, '2022-01-26', 95854.97, 12, 51, 1, 141);
INSERT INTO "Transaction" ("Transaction_ID", "Date", "Value", "Client_ID", "Employee_ID", "Transaction_type_ID", "Invoice_ID") VALUES (142, '2024-09-27', 51992.91, 33, 51, 1, 142);
INSERT INTO "Transaction" ("Transaction_ID", "Date", "Value", "Client_ID", "Employee_ID", "Transaction_type_ID", "Invoice_ID") VALUES (143, '2023-08-21', 89717.84, 66, 51, 2, 143);
INSERT INTO "Transaction" ("Transaction_ID", "Date", "Value", "Client_ID", "Employee_ID", "Transaction_type_ID", "Invoice_ID") VALUES (144, '2024-02-04', 15143.74, 64, 51, 2, 144);
INSERT INTO "Transaction" ("Transaction_ID", "Date", "Value", "Client_ID", "Employee_ID", "Transaction_type_ID", "Invoice_ID") VALUES (145, '2023-07-18', 46362.44, 61, 52, 1, 145);
INSERT INTO "Transaction" ("Transaction_ID", "Date", "Value", "Client_ID", "Employee_ID", "Transaction_type_ID", "Invoice_ID") VALUES (146, '2024-11-06', 67854.17, 94, 52, 1, 146);
INSERT INTO "Transaction" ("Transaction_ID", "Date", "Value", "Client_ID", "Employee_ID", "Transaction_type_ID", "Invoice_ID") VALUES (147, '2024-05-13', 60488.37, 1, 52, 1, 147);
INSERT INTO "Transaction" ("Transaction_ID", "Date", "Value", "Client_ID", "Employee_ID", "Transaction_type_ID", "Invoice_ID") VALUES (148, '2022-07-26', 27403.86, 3, 52, 1, 148);
INSERT INTO "Transaction" ("Transaction_ID", "Date", "Value", "Client_ID", "Employee_ID", "Transaction_type_ID", "Invoice_ID") VALUES (149, '2023-08-13', 18765.77, 81, 52, 2, 149);
INSERT INTO "Transaction" ("Transaction_ID", "Date", "Value", "Client_ID", "Employee_ID", "Transaction_type_ID", "Invoice_ID") VALUES (150, '2023-06-16', 19043.21, 20, 53, 2, 150);
INSERT INTO "Transaction" ("Transaction_ID", "Date", "Value", "Client_ID", "Employee_ID", "Transaction_type_ID", "Invoice_ID") VALUES (151, '2019-02-20', 19784.44, 10, 53, 1, 151);
INSERT INTO "Transaction" ("Transaction_ID", "Date", "Value", "Client_ID", "Employee_ID", "Transaction_type_ID", "Invoice_ID") VALUES (152, '2021-09-19', 62314.97, 64, 53, 2, 152);
INSERT INTO "Transaction" ("Transaction_ID", "Date", "Value", "Client_ID", "Employee_ID", "Transaction_type_ID", "Invoice_ID") VALUES (153, '2018-04-06', 67638.05, 54, 53, 2, 153);
INSERT INTO "Transaction" ("Transaction_ID", "Date", "Value", "Client_ID", "Employee_ID", "Transaction_type_ID", "Invoice_ID") VALUES (154, '2024-11-25', 92829.11, 4, 54, 1, 154);
INSERT INTO "Transaction" ("Transaction_ID", "Date", "Value", "Client_ID", "Employee_ID", "Transaction_type_ID", "Invoice_ID") VALUES (155, '2018-07-15', 10506.65, 25, 55, 1, 155);
INSERT INTO "Transaction" ("Transaction_ID", "Date", "Value", "Client_ID", "Employee_ID", "Transaction_type_ID", "Invoice_ID") VALUES (156, '2024-12-16', 33456.17, 20, 55, 1, 156);
INSERT INTO "Transaction" ("Transaction_ID", "Date", "Value", "Client_ID", "Employee_ID", "Transaction_type_ID", "Invoice_ID") VALUES (157, '2023-09-25', 82102.99, 52, 55, 1, 157);
INSERT INTO "Transaction" ("Transaction_ID", "Date", "Value", "Client_ID", "Employee_ID", "Transaction_type_ID", "Invoice_ID") VALUES (158, '2024-08-05', 74470.43, 83, 56, 1, 158);
INSERT INTO "Transaction" ("Transaction_ID", "Date", "Value", "Client_ID", "Employee_ID", "Transaction_type_ID", "Invoice_ID") VALUES (159, '2016-03-17', 98103.36, 73, 57, 2, 159);
INSERT INTO "Transaction" ("Transaction_ID", "Date", "Value", "Client_ID", "Employee_ID", "Transaction_type_ID", "Invoice_ID") VALUES (160, '2015-08-22', 34869.38, 94, 57, 2, 160);
INSERT INTO "Transaction" ("Transaction_ID", "Date", "Value", "Client_ID", "Employee_ID", "Transaction_type_ID", "Invoice_ID") VALUES (161, '2019-06-28', 23850.18, 67, 57, 2, 161);
INSERT INTO "Transaction" ("Transaction_ID", "Date", "Value", "Client_ID", "Employee_ID", "Transaction_type_ID", "Invoice_ID") VALUES (162, '2016-02-13', 28141.86, 24, 58, 2, 162);
INSERT INTO "Transaction" ("Transaction_ID", "Date", "Value", "Client_ID", "Employee_ID", "Transaction_type_ID", "Invoice_ID") VALUES (163, '2014-05-03', 86640.23, 27, 58, 2, 163);
INSERT INTO "Transaction" ("Transaction_ID", "Date", "Value", "Client_ID", "Employee_ID", "Transaction_type_ID", "Invoice_ID") VALUES (164, '2014-04-11', 35550.67, 67, 58, 2, 164);
INSERT INTO "Transaction" ("Transaction_ID", "Date", "Value", "Client_ID", "Employee_ID", "Transaction_type_ID", "Invoice_ID") VALUES (165, '2017-04-30', 53953.39, 92, 59, 2, 165);
INSERT INTO "Transaction" ("Transaction_ID", "Date", "Value", "Client_ID", "Employee_ID", "Transaction_type_ID", "Invoice_ID") VALUES (166, '2020-08-14', 19327.15, 49, 59, 2, 166);
INSERT INTO "Transaction" ("Transaction_ID", "Date", "Value", "Client_ID", "Employee_ID", "Transaction_type_ID", "Invoice_ID") VALUES (167, '2022-06-22', 24023.85, 96, 59, 1, 167);
INSERT INTO "Transaction" ("Transaction_ID", "Date", "Value", "Client_ID", "Employee_ID", "Transaction_type_ID", "Invoice_ID") VALUES (168, '2024-10-09', 75522.19, 39, 59, 1, 168);
INSERT INTO "Transaction" ("Transaction_ID", "Date", "Value", "Client_ID", "Employee_ID", "Transaction_type_ID", "Invoice_ID") VALUES (169, '2024-06-05', 70702.75, 42, 60, 2, 169);
INSERT INTO "Transaction" ("Transaction_ID", "Date", "Value", "Client_ID", "Employee_ID", "Transaction_type_ID", "Invoice_ID") VALUES (170, '2023-04-02', 13322.92, 8, 61, 1, 170);
INSERT INTO "Transaction" ("Transaction_ID", "Date", "Value", "Client_ID", "Employee_ID", "Transaction_type_ID", "Invoice_ID") VALUES (171, '2024-11-26', 98518.52, 91, 61, 1, 171);
INSERT INTO "Transaction" ("Transaction_ID", "Date", "Value", "Client_ID", "Employee_ID", "Transaction_type_ID", "Invoice_ID") VALUES (172, '2023-05-14', 89834.65, 31, 62, 2, 172);
INSERT INTO "Transaction" ("Transaction_ID", "Date", "Value", "Client_ID", "Employee_ID", "Transaction_type_ID", "Invoice_ID") VALUES (173, '2018-09-15', 13882.51, 18, 62, 2, 173);
INSERT INTO "Transaction" ("Transaction_ID", "Date", "Value", "Client_ID", "Employee_ID", "Transaction_type_ID", "Invoice_ID") VALUES (174, '2019-03-22', 94302.05, 76, 62, 2, 174);
INSERT INTO "Transaction" ("Transaction_ID", "Date", "Value", "Client_ID", "Employee_ID", "Transaction_type_ID", "Invoice_ID") VALUES (175, '2021-07-13', 28956.2, 36, 62, 2, 175);
INSERT INTO "Transaction" ("Transaction_ID", "Date", "Value", "Client_ID", "Employee_ID", "Transaction_type_ID", "Invoice_ID") VALUES (176, '2017-11-24', 44990.38, 24, 63, 2, 176);
INSERT INTO "Transaction" ("Transaction_ID", "Date", "Value", "Client_ID", "Employee_ID", "Transaction_type_ID", "Invoice_ID") VALUES (177, '2017-01-23', 56921.45, 65, 63, 1, 177);
INSERT INTO "Transaction" ("Transaction_ID", "Date", "Value", "Client_ID", "Employee_ID", "Transaction_type_ID", "Invoice_ID") VALUES (178, '2023-12-25', 76697.41, 31, 63, 2, 178);
INSERT INTO "Transaction" ("Transaction_ID", "Date", "Value", "Client_ID", "Employee_ID", "Transaction_type_ID", "Invoice_ID") VALUES (179, '2023-11-05', 42572.98, 1, 63, 2, 179);
INSERT INTO "Transaction" ("Transaction_ID", "Date", "Value", "Client_ID", "Employee_ID", "Transaction_type_ID", "Invoice_ID") VALUES (180, '2018-11-12', 54039.89, 95, 64, 2, 180);
INSERT INTO "Transaction" ("Transaction_ID", "Date", "Value", "Client_ID", "Employee_ID", "Transaction_type_ID", "Invoice_ID") VALUES (181, '2022-07-12', 97052.17, 73, 64, 2, 181);
INSERT INTO "Transaction" ("Transaction_ID", "Date", "Value", "Client_ID", "Employee_ID", "Transaction_type_ID", "Invoice_ID") VALUES (182, '2021-05-04', 28376.36, 62, 65, 1, 182);
INSERT INTO "Transaction" ("Transaction_ID", "Date", "Value", "Client_ID", "Employee_ID", "Transaction_type_ID", "Invoice_ID") VALUES (183, '2021-05-20', 20504.4, 37, 66, 1, 183);
INSERT INTO "Transaction" ("Transaction_ID", "Date", "Value", "Client_ID", "Employee_ID", "Transaction_type_ID", "Invoice_ID") VALUES (184, '2021-04-04', 30277.36, 42, 66, 2, 184);
INSERT INTO "Transaction" ("Transaction_ID", "Date", "Value", "Client_ID", "Employee_ID", "Transaction_type_ID", "Invoice_ID") VALUES (185, '2019-08-31', 71439.98, 44, 67, 2, 185);
INSERT INTO "Transaction" ("Transaction_ID", "Date", "Value", "Client_ID", "Employee_ID", "Transaction_type_ID", "Invoice_ID") VALUES (186, '2021-03-03', 18180.09, 77, 67, 2, 186);
INSERT INTO "Transaction" ("Transaction_ID", "Date", "Value", "Client_ID", "Employee_ID", "Transaction_type_ID", "Invoice_ID") VALUES (187, '2020-06-30', 10084.15, 79, 67, 1, 187);
INSERT INTO "Transaction" ("Transaction_ID", "Date", "Value", "Client_ID", "Employee_ID", "Transaction_type_ID", "Invoice_ID") VALUES (188, '2024-12-01', 58183.44, 25, 67, 1, 188);
INSERT INTO "Transaction" ("Transaction_ID", "Date", "Value", "Client_ID", "Employee_ID", "Transaction_type_ID", "Invoice_ID") VALUES (189, '2021-11-12', 69335.54, 40, 67, 1, 189);
INSERT INTO "Transaction" ("Transaction_ID", "Date", "Value", "Client_ID", "Employee_ID", "Transaction_type_ID", "Invoice_ID") VALUES (190, '2020-04-07', 84339.34, 85, 68, 2, 190);
INSERT INTO "Transaction" ("Transaction_ID", "Date", "Value", "Client_ID", "Employee_ID", "Transaction_type_ID", "Invoice_ID") VALUES (191, '2024-07-23', 90100.28, 3, 68, 1, 191);
INSERT INTO "Transaction" ("Transaction_ID", "Date", "Value", "Client_ID", "Employee_ID", "Transaction_type_ID", "Invoice_ID") VALUES (192, '2020-01-22', 95622.61, 25, 69, 1, 192);
INSERT INTO "Transaction" ("Transaction_ID", "Date", "Value", "Client_ID", "Employee_ID", "Transaction_type_ID", "Invoice_ID") VALUES (193, '2021-11-02', 31901.88, 54, 69, 1, 193);
INSERT INTO "Transaction" ("Transaction_ID", "Date", "Value", "Client_ID", "Employee_ID", "Transaction_type_ID", "Invoice_ID") VALUES (194, '2024-11-17', 27991.32, 38, 70, 2, 194);
INSERT INTO "Transaction" ("Transaction_ID", "Date", "Value", "Client_ID", "Employee_ID", "Transaction_type_ID", "Invoice_ID") VALUES (195, '2023-01-12', 17830.55, 54, 70, 2, 195);
INSERT INTO "Transaction" ("Transaction_ID", "Date", "Value", "Client_ID", "Employee_ID", "Transaction_type_ID", "Invoice_ID") VALUES (196, '2024-03-07', 59885.98, 8, 70, 1, 196);
INSERT INTO "Transaction" ("Transaction_ID", "Date", "Value", "Client_ID", "Employee_ID", "Transaction_type_ID", "Invoice_ID") VALUES (197, '2024-07-24', 76655.02, 100, 70, 2, 197);
INSERT INTO "Transaction" ("Transaction_ID", "Date", "Value", "Client_ID", "Employee_ID", "Transaction_type_ID", "Invoice_ID") VALUES (198, '2024-12-15', 15197.19, 16, 70, 2, 198);
INSERT INTO "Transaction" ("Transaction_ID", "Date", "Value", "Client_ID", "Employee_ID", "Transaction_type_ID", "Invoice_ID") VALUES (199, '2023-07-18', 33771.84, 56, 71, 2, 199);
INSERT INTO "Transaction" ("Transaction_ID", "Date", "Value", "Client_ID", "Employee_ID", "Transaction_type_ID", "Invoice_ID") VALUES (200, '2023-12-07', 87076.51, 11, 71, 1, 200);
INSERT INTO "Transaction" ("Transaction_ID", "Date", "Value", "Client_ID", "Employee_ID", "Transaction_type_ID", "Invoice_ID") VALUES (201, '2024-12-16', 73409.23, 100, 71, 2, 201);
INSERT INTO "Transaction" ("Transaction_ID", "Date", "Value", "Client_ID", "Employee_ID", "Transaction_type_ID", "Invoice_ID") VALUES (202, '2024-08-20', 72868.42, 14, 71, 1, 202);
INSERT INTO "Transaction" ("Transaction_ID", "Date", "Value", "Client_ID", "Employee_ID", "Transaction_type_ID", "Invoice_ID") VALUES (203, '2023-01-12', 25685.03, 64, 72, 2, 203);
INSERT INTO "Transaction" ("Transaction_ID", "Date", "Value", "Client_ID", "Employee_ID", "Transaction_type_ID", "Invoice_ID") VALUES (204, '2024-05-17', 42623.16, 77, 72, 1, 204);
INSERT INTO "Transaction" ("Transaction_ID", "Date", "Value", "Client_ID", "Employee_ID", "Transaction_type_ID", "Invoice_ID") VALUES (205, '2022-09-14', 52267.41, 66, 72, 1, 205);
INSERT INTO "Transaction" ("Transaction_ID", "Date", "Value", "Client_ID", "Employee_ID", "Transaction_type_ID", "Invoice_ID") VALUES (206, '2020-03-29', 84114.4, 28, 72, 2, 206);
INSERT INTO "Transaction" ("Transaction_ID", "Date", "Value", "Client_ID", "Employee_ID", "Transaction_type_ID", "Invoice_ID") VALUES (207, '2021-09-29', 95173.92, 51, 72, 2, 207);
INSERT INTO "Transaction" ("Transaction_ID", "Date", "Value", "Client_ID", "Employee_ID", "Transaction_type_ID", "Invoice_ID") VALUES (208, '2020-05-11', 5761.13, 100, 73, 2, 208);
INSERT INTO "Transaction" ("Transaction_ID", "Date", "Value", "Client_ID", "Employee_ID", "Transaction_type_ID", "Invoice_ID") VALUES (209, '2024-06-17', 80661.06, 14, 73, 1, 209);
INSERT INTO "Transaction" ("Transaction_ID", "Date", "Value", "Client_ID", "Employee_ID", "Transaction_type_ID", "Invoice_ID") VALUES (210, '2024-01-01', 57672.68, 80, 74, 2, 210);
INSERT INTO "Transaction" ("Transaction_ID", "Date", "Value", "Client_ID", "Employee_ID", "Transaction_type_ID", "Invoice_ID") VALUES (211, '2018-09-18', 67931.96, 85, 74, 2, 211);
INSERT INTO "Transaction" ("Transaction_ID", "Date", "Value", "Client_ID", "Employee_ID", "Transaction_type_ID", "Invoice_ID") VALUES (212, '2023-08-19', 34234.65, 32, 75, 1, 212);
INSERT INTO "Transaction" ("Transaction_ID", "Date", "Value", "Client_ID", "Employee_ID", "Transaction_type_ID", "Invoice_ID") VALUES (213, '2022-06-27', 70541.3, 56, 76, 1, 213);
INSERT INTO "Transaction" ("Transaction_ID", "Date", "Value", "Client_ID", "Employee_ID", "Transaction_type_ID", "Invoice_ID") VALUES (214, '2020-02-07', 92649.93, 40, 76, 1, 214);
INSERT INTO "Transaction" ("Transaction_ID", "Date", "Value", "Client_ID", "Employee_ID", "Transaction_type_ID", "Invoice_ID") VALUES (215, '2023-04-24', 79748.47, 56, 76, 1, 215);
INSERT INTO "Transaction" ("Transaction_ID", "Date", "Value", "Client_ID", "Employee_ID", "Transaction_type_ID", "Invoice_ID") VALUES (216, '2022-09-01', 42798.17, 55, 76, 1, 216);
INSERT INTO "Transaction" ("Transaction_ID", "Date", "Value", "Client_ID", "Employee_ID", "Transaction_type_ID", "Invoice_ID") VALUES (217, '2021-02-01', 25619.51, 48, 77, 2, 217);
INSERT INTO "Transaction" ("Transaction_ID", "Date", "Value", "Client_ID", "Employee_ID", "Transaction_type_ID", "Invoice_ID") VALUES (218, '2023-01-10', 47958.75, 67, 77, 1, 218);
INSERT INTO "Transaction" ("Transaction_ID", "Date", "Value", "Client_ID", "Employee_ID", "Transaction_type_ID", "Invoice_ID") VALUES (219, '2015-04-07', 74442.18, 49, 77, 2, 219);
INSERT INTO "Transaction" ("Transaction_ID", "Date", "Value", "Client_ID", "Employee_ID", "Transaction_type_ID", "Invoice_ID") VALUES (220, '2020-11-20', 39981.13, 80, 77, 2, 220);
INSERT INTO "Transaction" ("Transaction_ID", "Date", "Value", "Client_ID", "Employee_ID", "Transaction_type_ID", "Invoice_ID") VALUES (221, '2023-06-14', 66874.6, 44, 78, 1, 221);
INSERT INTO "Transaction" ("Transaction_ID", "Date", "Value", "Client_ID", "Employee_ID", "Transaction_type_ID", "Invoice_ID") VALUES (222, '2024-09-18', 30887.49, 71, 78, 1, 222);
INSERT INTO "Transaction" ("Transaction_ID", "Date", "Value", "Client_ID", "Employee_ID", "Transaction_type_ID", "Invoice_ID") VALUES (223, '2024-10-20', 83718.73, 78, 79, 1, 223);
INSERT INTO "Transaction" ("Transaction_ID", "Date", "Value", "Client_ID", "Employee_ID", "Transaction_type_ID", "Invoice_ID") VALUES (224, '2024-11-13', 49725.19, 22, 79, 2, 224);
INSERT INTO "Transaction" ("Transaction_ID", "Date", "Value", "Client_ID", "Employee_ID", "Transaction_type_ID", "Invoice_ID") VALUES (225, '2024-10-10', 90410.55, 60, 79, 1, 225);
INSERT INTO "Transaction" ("Transaction_ID", "Date", "Value", "Client_ID", "Employee_ID", "Transaction_type_ID", "Invoice_ID") VALUES (226, '2024-04-20', 9698.44, 34, 79, 1, 226);
INSERT INTO "Transaction" ("Transaction_ID", "Date", "Value", "Client_ID", "Employee_ID", "Transaction_type_ID", "Invoice_ID") VALUES (227, '2024-05-01', 64049.65, 92, 80, 2, 227);
INSERT INTO "Transaction" ("Transaction_ID", "Date", "Value", "Client_ID", "Employee_ID", "Transaction_type_ID", "Invoice_ID") VALUES (228, '2021-07-19', 51535.37, 73, 81, 2, 228);
INSERT INTO "Transaction" ("Transaction_ID", "Date", "Value", "Client_ID", "Employee_ID", "Transaction_type_ID", "Invoice_ID") VALUES (229, '2019-10-10', 83526.16, 52, 81, 1, 229);
INSERT INTO "Transaction" ("Transaction_ID", "Date", "Value", "Client_ID", "Employee_ID", "Transaction_type_ID", "Invoice_ID") VALUES (230, '2023-12-21', 84847.22, 2, 81, 2, 230);
INSERT INTO "Transaction" ("Transaction_ID", "Date", "Value", "Client_ID", "Employee_ID", "Transaction_type_ID", "Invoice_ID") VALUES (231, '2023-02-20', 62491.55, 97, 82, 2, 231);
INSERT INTO "Transaction" ("Transaction_ID", "Date", "Value", "Client_ID", "Employee_ID", "Transaction_type_ID", "Invoice_ID") VALUES (232, '2023-02-01', 33718.0, 87, 82, 2, 232);
INSERT INTO "Transaction" ("Transaction_ID", "Date", "Value", "Client_ID", "Employee_ID", "Transaction_type_ID", "Invoice_ID") VALUES (233, '2024-01-14', 83644.36, 96, 83, 2, 233);
INSERT INTO "Transaction" ("Transaction_ID", "Date", "Value", "Client_ID", "Employee_ID", "Transaction_type_ID", "Invoice_ID") VALUES (234, '2022-02-28', 65850.9, 19, 84, 2, 234);
INSERT INTO "Transaction" ("Transaction_ID", "Date", "Value", "Client_ID", "Employee_ID", "Transaction_type_ID", "Invoice_ID") VALUES (235, '2022-04-25', 53137.37, 9, 84, 1, 235);
INSERT INTO "Transaction" ("Transaction_ID", "Date", "Value", "Client_ID", "Employee_ID", "Transaction_type_ID", "Invoice_ID") VALUES (236, '2021-08-22', 22234.2, 36, 84, 2, 236);
INSERT INTO "Transaction" ("Transaction_ID", "Date", "Value", "Client_ID", "Employee_ID", "Transaction_type_ID", "Invoice_ID") VALUES (237, '2016-01-12', 24387.61, 63, 85, 1, 237);
INSERT INTO "Transaction" ("Transaction_ID", "Date", "Value", "Client_ID", "Employee_ID", "Transaction_type_ID", "Invoice_ID") VALUES (238, '2024-07-04', 9233.89, 75, 85, 2, 238);
INSERT INTO "Transaction" ("Transaction_ID", "Date", "Value", "Client_ID", "Employee_ID", "Transaction_type_ID", "Invoice_ID") VALUES (239, '2023-09-27', 39647.39, 39, 85, 2, 239);
INSERT INTO "Transaction" ("Transaction_ID", "Date", "Value", "Client_ID", "Employee_ID", "Transaction_type_ID", "Invoice_ID") VALUES (240, '2018-06-16', 66234.07, 20, 85, 2, 240);
INSERT INTO "Transaction" ("Transaction_ID", "Date", "Value", "Client_ID", "Employee_ID", "Transaction_type_ID", "Invoice_ID") VALUES (241, '2023-03-17', 49276.93, 71, 86, 2, 241);
INSERT INTO "Transaction" ("Transaction_ID", "Date", "Value", "Client_ID", "Employee_ID", "Transaction_type_ID", "Invoice_ID") VALUES (242, '2023-11-24', 56027.24, 77, 86, 2, 242);
INSERT INTO "Transaction" ("Transaction_ID", "Date", "Value", "Client_ID", "Employee_ID", "Transaction_type_ID", "Invoice_ID") VALUES (243, '2021-07-05', 29366.61, 15, 86, 2, 243);
INSERT INTO "Transaction" ("Transaction_ID", "Date", "Value", "Client_ID", "Employee_ID", "Transaction_type_ID", "Invoice_ID") VALUES (244, '2023-10-03', 82028.27, 66, 87, 1, 244);
INSERT INTO "Transaction" ("Transaction_ID", "Date", "Value", "Client_ID", "Employee_ID", "Transaction_type_ID", "Invoice_ID") VALUES (245, '2024-08-12', 68961.35, 27, 87, 1, 245);
INSERT INTO "Transaction" ("Transaction_ID", "Date", "Value", "Client_ID", "Employee_ID", "Transaction_type_ID", "Invoice_ID") VALUES (246, '2023-03-25', 62144.74, 89, 87, 2, 246);
INSERT INTO "Transaction" ("Transaction_ID", "Date", "Value", "Client_ID", "Employee_ID", "Transaction_type_ID", "Invoice_ID") VALUES (247, '2020-03-24', 83186.46, 38, 88, 1, 247);
INSERT INTO "Transaction" ("Transaction_ID", "Date", "Value", "Client_ID", "Employee_ID", "Transaction_type_ID", "Invoice_ID") VALUES (248, '2024-10-09', 24827.25, 58, 88, 1, 248);
INSERT INTO "Transaction" ("Transaction_ID", "Date", "Value", "Client_ID", "Employee_ID", "Transaction_type_ID", "Invoice_ID") VALUES (249, '2020-07-05', 96307.94, 14, 88, 2, 249);
INSERT INTO "Transaction" ("Transaction_ID", "Date", "Value", "Client_ID", "Employee_ID", "Transaction_type_ID", "Invoice_ID") VALUES (250, '2015-03-10', 32945.79, 1, 89, 2, 250);
INSERT INTO "Transaction" ("Transaction_ID", "Date", "Value", "Client_ID", "Employee_ID", "Transaction_type_ID", "Invoice_ID") VALUES (251, '2016-08-30', 29829.26, 87, 89, 2, 251);
INSERT INTO "Transaction" ("Transaction_ID", "Date", "Value", "Client_ID", "Employee_ID", "Transaction_type_ID", "Invoice_ID") VALUES (252, '2018-11-26', 39717.94, 11, 89, 2, 252);
INSERT INTO "Transaction" ("Transaction_ID", "Date", "Value", "Client_ID", "Employee_ID", "Transaction_type_ID", "Invoice_ID") VALUES (253, '2022-03-18', 27321.87, 78, 89, 1, 253);
INSERT INTO "Transaction" ("Transaction_ID", "Date", "Value", "Client_ID", "Employee_ID", "Transaction_type_ID", "Invoice_ID") VALUES (254, '2017-05-15', 7641.73, 98, 89, 1, 254);
INSERT INTO "Transaction" ("Transaction_ID", "Date", "Value", "Client_ID", "Employee_ID", "Transaction_type_ID", "Invoice_ID") VALUES (255, '2024-09-25', 92677.6, 83, 90, 2, 255);
INSERT INTO "Transaction" ("Transaction_ID", "Date", "Value", "Client_ID", "Employee_ID", "Transaction_type_ID", "Invoice_ID") VALUES (256, '2024-06-08', 69611.24, 65, 90, 1, 256);
INSERT INTO "Transaction" ("Transaction_ID", "Date", "Value", "Client_ID", "Employee_ID", "Transaction_type_ID", "Invoice_ID") VALUES (257, '2024-11-09', 21048.04, 68, 90, 1, 257);
INSERT INTO "Transaction" ("Transaction_ID", "Date", "Value", "Client_ID", "Employee_ID", "Transaction_type_ID", "Invoice_ID") VALUES (258, '2021-06-14', 84411.71, 46, 91, 1, 258);
INSERT INTO "Transaction" ("Transaction_ID", "Date", "Value", "Client_ID", "Employee_ID", "Transaction_type_ID", "Invoice_ID") VALUES (259, '2020-07-22', 88132.47, 79, 91, 2, 259);
INSERT INTO "Transaction" ("Transaction_ID", "Date", "Value", "Client_ID", "Employee_ID", "Transaction_type_ID", "Invoice_ID") VALUES (260, '2022-01-26', 10873.6, 28, 91, 1, 260);
INSERT INTO "Transaction" ("Transaction_ID", "Date", "Value", "Client_ID", "Employee_ID", "Transaction_type_ID", "Invoice_ID") VALUES (261, '2024-03-29', 31328.92, 82, 91, 1, 261);
INSERT INTO "Transaction" ("Transaction_ID", "Date", "Value", "Client_ID", "Employee_ID", "Transaction_type_ID", "Invoice_ID") VALUES (262, '2020-10-23', 84232.23, 81, 91, 1, 262);
INSERT INTO "Transaction" ("Transaction_ID", "Date", "Value", "Client_ID", "Employee_ID", "Transaction_type_ID", "Invoice_ID") VALUES (263, '2023-03-13', 18636.73, 26, 92, 2, 263);
INSERT INTO "Transaction" ("Transaction_ID", "Date", "Value", "Client_ID", "Employee_ID", "Transaction_type_ID", "Invoice_ID") VALUES (264, '2024-10-11', 13713.99, 37, 92, 2, 264);
INSERT INTO "Transaction" ("Transaction_ID", "Date", "Value", "Client_ID", "Employee_ID", "Transaction_type_ID", "Invoice_ID") VALUES (265, '2020-06-18', 80373.26, 45, 92, 2, 265);
INSERT INTO "Transaction" ("Transaction_ID", "Date", "Value", "Client_ID", "Employee_ID", "Transaction_type_ID", "Invoice_ID") VALUES (266, '2018-08-16', 24385.79, 23, 93, 2, 266);
INSERT INTO "Transaction" ("Transaction_ID", "Date", "Value", "Client_ID", "Employee_ID", "Transaction_type_ID", "Invoice_ID") VALUES (267, '2023-09-27', 50830.99, 75, 94, 1, 267);
INSERT INTO "Transaction" ("Transaction_ID", "Date", "Value", "Client_ID", "Employee_ID", "Transaction_type_ID", "Invoice_ID") VALUES (268, '2019-03-16', 17822.73, 51, 94, 2, 268);
INSERT INTO "Transaction" ("Transaction_ID", "Date", "Value", "Client_ID", "Employee_ID", "Transaction_type_ID", "Invoice_ID") VALUES (269, '2022-03-08', 59581.64, 91, 94, 2, 269);
INSERT INTO "Transaction" ("Transaction_ID", "Date", "Value", "Client_ID", "Employee_ID", "Transaction_type_ID", "Invoice_ID") VALUES (270, '2020-10-03', 22777.15, 11, 94, 2, 270);
INSERT INTO "Transaction" ("Transaction_ID", "Date", "Value", "Client_ID", "Employee_ID", "Transaction_type_ID", "Invoice_ID") VALUES (271, '2022-03-23', 70636.14, 82, 95, 1, 271);
INSERT INTO "Transaction" ("Transaction_ID", "Date", "Value", "Client_ID", "Employee_ID", "Transaction_type_ID", "Invoice_ID") VALUES (272, '2020-02-03', 64568.91, 6, 96, 2, 272);
INSERT INTO "Transaction" ("Transaction_ID", "Date", "Value", "Client_ID", "Employee_ID", "Transaction_type_ID", "Invoice_ID") VALUES (273, '2020-09-26', 80072.12, 74, 96, 1, 273);
INSERT INTO "Transaction" ("Transaction_ID", "Date", "Value", "Client_ID", "Employee_ID", "Transaction_type_ID", "Invoice_ID") VALUES (274, '2021-01-16', 48434.62, 13, 97, 1, 274);
INSERT INTO "Transaction" ("Transaction_ID", "Date", "Value", "Client_ID", "Employee_ID", "Transaction_type_ID", "Invoice_ID") VALUES (275, '2022-08-18', 77268.08, 35, 97, 2, 275);
INSERT INTO "Transaction" ("Transaction_ID", "Date", "Value", "Client_ID", "Employee_ID", "Transaction_type_ID", "Invoice_ID") VALUES (276, '2024-01-03', 6465.64, 1, 97, 2, 276);
INSERT INTO "Transaction" ("Transaction_ID", "Date", "Value", "Client_ID", "Employee_ID", "Transaction_type_ID", "Invoice_ID") VALUES (277, '2023-06-23', 15951.13, 14, 97, 1, 277);
INSERT INTO "Transaction" ("Transaction_ID", "Date", "Value", "Client_ID", "Employee_ID", "Transaction_type_ID", "Invoice_ID") VALUES (278, '2022-03-31', 48088.5, 72, 97, 2, 278);
INSERT INTO "Transaction" ("Transaction_ID", "Date", "Value", "Client_ID", "Employee_ID", "Transaction_type_ID", "Invoice_ID") VALUES (279, '2020-01-05', 90998.56, 55, 98, 2, 279);
INSERT INTO "Transaction" ("Transaction_ID", "Date", "Value", "Client_ID", "Employee_ID", "Transaction_type_ID", "Invoice_ID") VALUES (280, '2022-09-14', 96012.9, 55, 99, 2, 280);
INSERT INTO "Transaction" ("Transaction_ID", "Date", "Value", "Client_ID", "Employee_ID", "Transaction_type_ID", "Invoice_ID") VALUES (281, '2024-10-06', 99668.15, 85, 100, 1, 281);
INSERT INTO "Transaction" ("Transaction_ID", "Date", "Value", "Client_ID", "Employee_ID", "Transaction_type_ID", "Invoice_ID") VALUES (282, '2024-12-29', 9208.34, 60, 100, 1, 282);
INSERT INTO "Car" ("Car_ID", "Brand", "Model", "Color", "Mileage", "Price", "Car_condition_ID", "Car_dealer_ID") VALUES (1, 'Kia', 'Stinger', 'Blue', 97051, 93125.49, 2, 16);
INSERT INTO "Car" ("Car_ID", "Brand", "Model", "Color", "Mileage", "Price", "Car_condition_ID", "Car_dealer_ID") VALUES (2, 'Ford', 'Mondeo', 'Green', 82526, 63163.97, 3, 17);
INSERT INTO "Car" ("Car_ID", "Brand", "Model", "Color", "Mileage", "Price", "Car_condition_ID", "Car_dealer_ID") VALUES (3, 'Nissan', 'Navara', 'Orange', 155489, 97054.51, 3, 9);
INSERT INTO "Car" ("Car_ID", "Brand", "Model", "Color", "Mileage", "Price", "Car_condition_ID", "Car_dealer_ID") VALUES (4, 'Volkswagen', 'Touareg', 'Black', 184441, 55367.55, 1, 15);
INSERT INTO "Car" ("Car_ID", "Brand", "Model", "Color", "Mileage", "Price", "Car_condition_ID", "Car_dealer_ID") VALUES (5, 'Kia', 'Picanto', 'Orange', 10724, 63851.77, 3, 16);
INSERT INTO "Car" ("Car_ID", "Brand", "Model", "Color", "Mileage", "Price", "Car_condition_ID", "Car_dealer_ID") VALUES (6, 'Volkswagen', 'ID.Buzz', 'Blue', 59311, 44860.05, 2, 17);
INSERT INTO "Car" ("Car_ID", "Brand", "Model", "Color", "Mileage", "Price", "Car_condition_ID", "Car_dealer_ID") VALUES (7, 'Ford', 'F-150', 'White', 159570, 17519.03, 2, 4);
INSERT INTO "Car" ("Car_ID", "Brand", "Model", "Color", "Mileage", "Price", "Car_condition_ID", "Car_dealer_ID") VALUES (8, 'BMW', 'M8', 'Black', 154974, 80080.87, 2, 14);
INSERT INTO "Car" ("Car_ID", "Brand", "Model", "Color", "Mileage", "Price", "Car_condition_ID", "Car_dealer_ID") VALUES (9, 'Volkswagen', 'Arteon', 'Red', 116673, 67675.52, 3, 2);
INSERT INTO "Car" ("Car_ID", "Brand", "Model", "Color", "Mileage", "Price", "Car_condition_ID", "Car_dealer_ID") VALUES (10, 'Hyundai', 'Santa Fe', 'White', 179881, 12801.01, 2, 29);
INSERT INTO "Car" ("Car_ID", "Brand", "Model", "Color", "Mileage", "Price", "Car_condition_ID", "Car_dealer_ID") VALUES (11, 'Ford', 'Mondeo', 'Green', 164709, 69375.55, 2, 9);
INSERT INTO "Car" ("Car_ID", "Brand", "Model", "Color", "Mileage", "Price", "Car_condition_ID", "Car_dealer_ID") VALUES (12, 'Kia', 'Picanto', 'Silver', 14845, 34840.83, 2, 3);
INSERT INTO "Car" ("Car_ID", "Brand", "Model", "Color", "Mileage", "Price", "Car_condition_ID", "Car_dealer_ID") VALUES (13, 'Hyundai', 'Kona', 'Orange', 104788, 62024.18, 3, 3);
INSERT INTO "Car" ("Car_ID", "Brand", "Model", "Color", "Mileage", "Price", "Car_condition_ID", "Car_dealer_ID") VALUES (14, 'Ford', 'Mondeo', 'Blue', 137207, 76692.68, 2, 30);
INSERT INTO "Car" ("Car_ID", "Brand", "Model", "Color", "Mileage", "Price", "Car_condition_ID", "Car_dealer_ID") VALUES (15, 'BMW', 'X7', 'Black', 117191, 5407.2, 1, 12);
INSERT INTO "Car" ("Car_ID", "Brand", "Model", "Color", "Mileage", "Price", "Car_condition_ID", "Car_dealer_ID") VALUES (16, 'Hyundai', 'Kona', 'Red', 40734, 73508.82, 3, 3);
INSERT INTO "Car" ("Car_ID", "Brand", "Model", "Color", "Mileage", "Price", "Car_condition_ID", "Car_dealer_ID") VALUES (17, 'Hyundai', 'Tucson', 'Red', 27829, 46884.45, 1, 25);
INSERT INTO "Car" ("Car_ID", "Brand", "Model", "Color", "Mileage", "Price", "Car_condition_ID", "Car_dealer_ID") VALUES (18, 'Ford', 'Focus', 'Yellow', 20406, 66582.21, 1, 3);
INSERT INTO "Car" ("Car_ID", "Brand", "Model", "Color", "Mileage", "Price", "Car_condition_ID", "Car_dealer_ID") VALUES (19, 'Audi', 'RS3', 'Yellow', 12172, 32851.9, 2, 18);
INSERT INTO "Car" ("Car_ID", "Brand", "Model", "Color", "Mileage", "Price", "Car_condition_ID", "Car_dealer_ID") VALUES (20, 'Audi', 'RS4', 'White', 107120, 99028.85, 3, 29);
INSERT INTO "Car" ("Car_ID", "Brand", "Model", "Color", "Mileage", "Price", "Car_condition_ID", "Car_dealer_ID") VALUES (21, 'Volkswagen', 'ID.3', 'Black', 120183, 59106.11, 3, 13);
INSERT INTO "Car" ("Car_ID", "Brand", "Model", "Color", "Mileage", "Price", "Car_condition_ID", "Car_dealer_ID") VALUES (22, 'Volkswagen', 'ID.Buzz', 'Red', 82505, 67341.27, 2, 30);
INSERT INTO "Car" ("Car_ID", "Brand", "Model", "Color", "Mileage", "Price", "Car_condition_ID", "Car_dealer_ID") VALUES (23, 'Volkswagen', 'ID.Buzz', 'Orange', 193540, 45394.07, 2, 6);
INSERT INTO "Car" ("Car_ID", "Brand", "Model", "Color", "Mileage", "Price", "Car_condition_ID", "Car_dealer_ID") VALUES (24, 'Audi', 'A4', 'Red', 159453, 30861.35, 1, 22);
INSERT INTO "Car" ("Car_ID", "Brand", "Model", "Color", "Mileage", "Price", "Car_condition_ID", "Car_dealer_ID") VALUES (25, 'Audi', 'Q3', 'Orange', 71372, 44659.3, 3, 11);
INSERT INTO "Car" ("Car_ID", "Brand", "Model", "Color", "Mileage", "Price", "Car_condition_ID", "Car_dealer_ID") VALUES (26, 'Nissan', 'Leaf', 'Yellow', 49846, 89276.65, 3, 23);
INSERT INTO "Car" ("Car_ID", "Brand", "Model", "Color", "Mileage", "Price", "Car_condition_ID", "Car_dealer_ID") VALUES (27, 'Toyota', 'RAV4', 'Black', 115518, 34739.18, 2, 12);
INSERT INTO "Car" ("Car_ID", "Brand", "Model", "Color", "Mileage", "Price", "Car_condition_ID", "Car_dealer_ID") VALUES (28, 'Audi', 'A1', 'Silver', 134956, 29813.29, 2, 29);
INSERT INTO "Car" ("Car_ID", "Brand", "Model", "Color", "Mileage", "Price", "Car_condition_ID", "Car_dealer_ID") VALUES (29, 'Nissan', 'Ariya', 'White', 193480, 57934.72, 3, 21);
INSERT INTO "Car" ("Car_ID", "Brand", "Model", "Color", "Mileage", "Price", "Car_condition_ID", "Car_dealer_ID") VALUES (30, 'Audi', 'Q3', 'Black', 169991, 63760.46, 2, 18);
INSERT INTO "Car" ("Car_ID", "Brand", "Model", "Color", "Mileage", "Price", "Car_condition_ID", "Car_dealer_ID") VALUES (31, 'Hyundai', 'i20', 'Black', 88520, 77898.06, 1, 26);
INSERT INTO "Car" ("Car_ID", "Brand", "Model", "Color", "Mileage", "Price", "Car_condition_ID", "Car_dealer_ID") VALUES (32, 'Nissan', 'Navara', 'Orange', 86869, 26627.68, 1, 12);
INSERT INTO "Car" ("Car_ID", "Brand", "Model", "Color", "Mileage", "Price", "Car_condition_ID", "Car_dealer_ID") VALUES (33, 'Hyundai', 'i30', 'Orange', 75766, 26162.83, 3, 16);
INSERT INTO "Car" ("Car_ID", "Brand", "Model", "Color", "Mileage", "Price", "Car_condition_ID", "Car_dealer_ID") VALUES (34, 'Hyundai', 'Santa Fe', 'Green', 64902, 74301.43, 1, 10);
INSERT INTO "Car" ("Car_ID", "Brand", "Model", "Color", "Mileage", "Price", "Car_condition_ID", "Car_dealer_ID") VALUES (35, 'Toyota', 'Prius', 'Silver', 94351, 25802.25, 2, 24);
INSERT INTO "Car" ("Car_ID", "Brand", "Model", "Color", "Mileage", "Price", "Car_condition_ID", "Car_dealer_ID") VALUES (36, 'Hyundai', 'i10', 'Black', 157571, 34756.69, 2, 30);
INSERT INTO "Car" ("Car_ID", "Brand", "Model", "Color", "Mileage", "Price", "Car_condition_ID", "Car_dealer_ID") VALUES (37, 'Volkswagen', 'ID.4', 'White', 17414, 20594.83, 3, 27);
INSERT INTO "Car" ("Car_ID", "Brand", "Model", "Color", "Mileage", "Price", "Car_condition_ID", "Car_dealer_ID") VALUES (38, 'BMW', '335i', 'Black', 105078, 45776.49, 2, 18);
INSERT INTO "Car" ("Car_ID", "Brand", "Model", "Color", "Mileage", "Price", "Car_condition_ID", "Car_dealer_ID") VALUES (39, 'Volkswagen', 'Passat', 'Silver', 183830, 6376.14, 2, 22);
INSERT INTO "Car" ("Car_ID", "Brand", "Model", "Color", "Mileage", "Price", "Car_condition_ID", "Car_dealer_ID") VALUES (40, 'Ford', 'Kuga', 'Red', 198099, 52033.54, 1, 24);
INSERT INTO "Car" ("Car_ID", "Brand", "Model", "Color", "Mileage", "Price", "Car_condition_ID", "Car_dealer_ID") VALUES (41, 'Nissan', 'Ariya', 'Red', 171665, 82671.31, 1, 17);
INSERT INTO "Car" ("Car_ID", "Brand", "Model", "Color", "Mileage", "Price", "Car_condition_ID", "Car_dealer_ID") VALUES (42, 'Nissan', 'Leaf', 'Silver', 96073, 92019.22, 2, 25);
INSERT INTO "Car" ("Car_ID", "Brand", "Model", "Color", "Mileage", "Price", "Car_condition_ID", "Car_dealer_ID") VALUES (43, 'BMW', '420i', 'White', 191196, 6939.57, 2, 21);
INSERT INTO "Car" ("Car_ID", "Brand", "Model", "Color", "Mileage", "Price", "Car_condition_ID", "Car_dealer_ID") VALUES (44, 'Nissan', 'X-Trail', 'Yellow', 126015, 71073.93, 3, 22);
INSERT INTO "Car" ("Car_ID", "Brand", "Model", "Color", "Mileage", "Price", "Car_condition_ID", "Car_dealer_ID") VALUES (45, 'Toyota', 'Supra', 'Yellow', 21998, 31557.97, 1, 2);
INSERT INTO "Car" ("Car_ID", "Brand", "Model", "Color", "Mileage", "Price", "Car_condition_ID", "Car_dealer_ID") VALUES (46, 'Ford', 'Mondeo', 'Grey', 191586, 82690.19, 3, 10);
INSERT INTO "Car" ("Car_ID", "Brand", "Model", "Color", "Mileage", "Price", "Car_condition_ID", "Car_dealer_ID") VALUES (47, 'Mercedes', 'S-Class', 'Silver', 57152, 17484.08, 2, 8);
INSERT INTO "Car" ("Car_ID", "Brand", "Model", "Color", "Mileage", "Price", "Car_condition_ID", "Car_dealer_ID") VALUES (48, 'Ford', 'Edge', 'Blue', 101668, 84664.64, 2, 2);
INSERT INTO "Car" ("Car_ID", "Brand", "Model", "Color", "Mileage", "Price", "Car_condition_ID", "Car_dealer_ID") VALUES (49, 'Mercedes', 'A-Class', 'Green', 68262, 53950.96, 3, 25);
INSERT INTO "Car" ("Car_ID", "Brand", "Model", "Color", "Mileage", "Price", "Car_condition_ID", "Car_dealer_ID") VALUES (50, 'BMW', 'X1', 'Blue', 142802, 14648.74, 2, 24);
INSERT INTO "Car" ("Car_ID", "Brand", "Model", "Color", "Mileage", "Price", "Car_condition_ID", "Car_dealer_ID") VALUES (51, 'Kia', 'Ceed', 'Yellow', 181302, 71755.03, 1, 13);
INSERT INTO "Car" ("Car_ID", "Brand", "Model", "Color", "Mileage", "Price", "Car_condition_ID", "Car_dealer_ID") VALUES (52, 'BMW', '435i', 'Green', 94227, 23180.47, 2, 22);
INSERT INTO "Car" ("Car_ID", "Brand", "Model", "Color", "Mileage", "Price", "Car_condition_ID", "Car_dealer_ID") VALUES (53, 'Ford', 'Edge', 'Yellow', 3967, 70251.86, 1, 4);
INSERT INTO "Car" ("Car_ID", "Brand", "Model", "Color", "Mileage", "Price", "Car_condition_ID", "Car_dealer_ID") VALUES (54, 'BMW', '420i', 'Red', 189918, 46238.85, 3, 2);
INSERT INTO "Car" ("Car_ID", "Brand", "Model", "Color", "Mileage", "Price", "Car_condition_ID", "Car_dealer_ID") VALUES (55, 'Nissan', 'X-Trail', 'Silver', 31354, 71643.79, 1, 1);
INSERT INTO "Car" ("Car_ID", "Brand", "Model", "Color", "Mileage", "Price", "Car_condition_ID", "Car_dealer_ID") VALUES (56, 'Nissan', 'Navara', 'Black', 119425, 97922.91, 1, 4);
INSERT INTO "Car" ("Car_ID", "Brand", "Model", "Color", "Mileage", "Price", "Car_condition_ID", "Car_dealer_ID") VALUES (57, 'Nissan', 'Leaf', 'Yellow', 121700, 38972.0, 1, 5);
INSERT INTO "Car" ("Car_ID", "Brand", "Model", "Color", "Mileage", "Price", "Car_condition_ID", "Car_dealer_ID") VALUES (58, 'Hyundai', 'Ioniq 6', 'Yellow', 110034, 70764.47, 2, 11);
INSERT INTO "Car" ("Car_ID", "Brand", "Model", "Color", "Mileage", "Price", "Car_condition_ID", "Car_dealer_ID") VALUES (59, 'Toyota', 'Prius', 'Black', 81910, 58765.43, 1, 16);
INSERT INTO "Car" ("Car_ID", "Brand", "Model", "Color", "Mileage", "Price", "Car_condition_ID", "Car_dealer_ID") VALUES (60, 'Ford', 'Explorer', 'Blue', 159752, 19925.17, 2, 16);
INSERT INTO "Car" ("Car_ID", "Brand", "Model", "Color", "Mileage", "Price", "Car_condition_ID", "Car_dealer_ID") VALUES (61, 'BMW', '520i', 'Silver', 87310, 45816.97, 3, 2);
INSERT INTO "Car" ("Car_ID", "Brand", "Model", "Color", "Mileage", "Price", "Car_condition_ID", "Car_dealer_ID") VALUES (62, 'Ford', 'Mustang', 'Orange', 33853, 76858.9, 3, 7);
INSERT INTO "Car" ("Car_ID", "Brand", "Model", "Color", "Mileage", "Price", "Car_condition_ID", "Car_dealer_ID") VALUES (63, 'Kia', 'EV6', 'Blue', 156679, 38315.23, 2, 13);
INSERT INTO "Car" ("Car_ID", "Brand", "Model", "Color", "Mileage", "Price", "Car_condition_ID", "Car_dealer_ID") VALUES (64, 'Volkswagen', 'ID.Buzz', 'Blue', 25747, 29042.91, 1, 21);
INSERT INTO "Car" ("Car_ID", "Brand", "Model", "Color", "Mileage", "Price", "Car_condition_ID", "Car_dealer_ID") VALUES (65, 'Ford', 'Mondeo', 'Yellow', 88019, 33525.72, 1, 18);
INSERT INTO "Car" ("Car_ID", "Brand", "Model", "Color", "Mileage", "Price", "Car_condition_ID", "Car_dealer_ID") VALUES (66, 'Mercedes', 'E-Class', 'Grey', 57691, 15211.97, 3, 30);
INSERT INTO "Car" ("Car_ID", "Brand", "Model", "Color", "Mileage", "Price", "Car_condition_ID", "Car_dealer_ID") VALUES (67, 'Nissan', 'Navara', 'Yellow', 177624, 8801.78, 1, 12);
INSERT INTO "Car" ("Car_ID", "Brand", "Model", "Color", "Mileage", "Price", "Car_condition_ID", "Car_dealer_ID") VALUES (68, 'Ford', 'Explorer', 'Yellow', 91218, 28229.47, 1, 13);
INSERT INTO "Car" ("Car_ID", "Brand", "Model", "Color", "Mileage", "Price", "Car_condition_ID", "Car_dealer_ID") VALUES (69, 'Nissan', 'Micra', 'White', 80661, 52290.91, 1, 3);
INSERT INTO "Car" ("Car_ID", "Brand", "Model", "Color", "Mileage", "Price", "Car_condition_ID", "Car_dealer_ID") VALUES (70, 'Nissan', 'Navara', 'Orange', 124467, 5118.13, 2, 17);
INSERT INTO "Car" ("Car_ID", "Brand", "Model", "Color", "Mileage", "Price", "Car_condition_ID", "Car_dealer_ID") VALUES (71, 'Ford', 'Kuga', 'Grey', 266, 9960.32, 3, 8);
INSERT INTO "Car" ("Car_ID", "Brand", "Model", "Color", "Mileage", "Price", "Car_condition_ID", "Car_dealer_ID") VALUES (72, 'BMW', 'X7', 'Red', 144140, 43037.98, 1, 6);
INSERT INTO "Car" ("Car_ID", "Brand", "Model", "Color", "Mileage", "Price", "Car_condition_ID", "Car_dealer_ID") VALUES (73, 'BMW', '118i', 'White', 77914, 73309.89, 2, 9);
INSERT INTO "Car" ("Car_ID", "Brand", "Model", "Color", "Mileage", "Price", "Car_condition_ID", "Car_dealer_ID") VALUES (74, 'Mercedes', 'E-Class', 'White', 165368, 24812.78, 2, 29);
INSERT INTO "Car" ("Car_ID", "Brand", "Model", "Color", "Mileage", "Price", "Car_condition_ID", "Car_dealer_ID") VALUES (75, 'Hyundai', 'Ioniq 6', 'White', 28623, 21216.38, 3, 9);
INSERT INTO "Car" ("Car_ID", "Brand", "Model", "Color", "Mileage", "Price", "Car_condition_ID", "Car_dealer_ID") VALUES (76, 'BMW', '540i', 'Black', 1297, 41206.57, 2, 4);
INSERT INTO "Car" ("Car_ID", "Brand", "Model", "Color", "Mileage", "Price", "Car_condition_ID", "Car_dealer_ID") VALUES (77, 'Toyota', 'Prius', 'Green', 183584, 55135.88, 3, 4);
INSERT INTO "Car" ("Car_ID", "Brand", "Model", "Color", "Mileage", "Price", "Car_condition_ID", "Car_dealer_ID") VALUES (78, 'Mercedes', 'GLS', 'Green', 85671, 21259.06, 3, 13);
INSERT INTO "Car" ("Car_ID", "Brand", "Model", "Color", "Mileage", "Price", "Car_condition_ID", "Car_dealer_ID") VALUES (79, 'BMW', '340i', 'Green', 88875, 57845.41, 2, 1);
INSERT INTO "Car" ("Car_ID", "Brand", "Model", "Color", "Mileage", "Price", "Car_condition_ID", "Car_dealer_ID") VALUES (80, 'Mercedes', 'C-Class', 'Orange', 133857, 83720.69, 1, 7);
INSERT INTO "Car" ("Car_ID", "Brand", "Model", "Color", "Mileage", "Price", "Car_condition_ID", "Car_dealer_ID") VALUES (81, 'Mercedes', 'GLS', 'White', 73626, 68805.78, 2, 4);
INSERT INTO "Car" ("Car_ID", "Brand", "Model", "Color", "Mileage", "Price", "Car_condition_ID", "Car_dealer_ID") VALUES (82, 'Toyota', 'RAV4', 'Grey', 67109, 33419.86, 1, 11);
INSERT INTO "Car" ("Car_ID", "Brand", "Model", "Color", "Mileage", "Price", "Car_condition_ID", "Car_dealer_ID") VALUES (83, 'Hyundai', 'i30', 'Blue', 102033, 54887.06, 1, 22);
INSERT INTO "Car" ("Car_ID", "Brand", "Model", "Color", "Mileage", "Price", "Car_condition_ID", "Car_dealer_ID") VALUES (84, 'Kia', 'Rio', 'Orange', 20663, 14745.3, 2, 13);
INSERT INTO "Car" ("Car_ID", "Brand", "Model", "Color", "Mileage", "Price", "Car_condition_ID", "Car_dealer_ID") VALUES (85, 'Nissan', 'Qashqai', 'Blue', 94010, 5940.88, 3, 25);
INSERT INTO "Car" ("Car_ID", "Brand", "Model", "Color", "Mileage", "Price", "Car_condition_ID", "Car_dealer_ID") VALUES (86, 'Kia', 'Stinger', 'Orange', 126390, 48357.58, 3, 17);
INSERT INTO "Car" ("Car_ID", "Brand", "Model", "Color", "Mileage", "Price", "Car_condition_ID", "Car_dealer_ID") VALUES (87, 'Toyota', 'Land Cruiser', 'Orange', 79052, 60130.96, 2, 28);
INSERT INTO "Car" ("Car_ID", "Brand", "Model", "Color", "Mileage", "Price", "Car_condition_ID", "Car_dealer_ID") VALUES (88, 'Volkswagen', 'Polo', 'Green', 84671, 33785.73, 3, 29);
INSERT INTO "Car" ("Car_ID", "Brand", "Model", "Color", "Mileage", "Price", "Car_condition_ID", "Car_dealer_ID") VALUES (89, 'Nissan', 'Qashqai', 'Black', 195205, 56805.25, 2, 16);
INSERT INTO "Car" ("Car_ID", "Brand", "Model", "Color", "Mileage", "Price", "Car_condition_ID", "Car_dealer_ID") VALUES (90, 'Audi', 'RS6', 'White', 100368, 31422.49, 3, 30);
INSERT INTO "Car" ("Car_ID", "Brand", "Model", "Color", "Mileage", "Price", "Car_condition_ID", "Car_dealer_ID") VALUES (91, 'Mercedes', 'E-Class', 'Black', 114070, 88972.83, 3, 13);
INSERT INTO "Car" ("Car_ID", "Brand", "Model", "Color", "Mileage", "Price", "Car_condition_ID", "Car_dealer_ID") VALUES (92, 'Nissan', 'Micra', 'Blue', 182215, 51239.27, 3, 18);
INSERT INTO "Car" ("Car_ID", "Brand", "Model", "Color", "Mileage", "Price", "Car_condition_ID", "Car_dealer_ID") VALUES (93, 'Mercedes', 'A-Class', 'Orange', 13916, 63358.28, 2, 25);
INSERT INTO "Car" ("Car_ID", "Brand", "Model", "Color", "Mileage", "Price", "Car_condition_ID", "Car_dealer_ID") VALUES (94, 'Audi', 'RS3', 'Black', 190551, 89583.21, 2, 12);
INSERT INTO "Car" ("Car_ID", "Brand", "Model", "Color", "Mileage", "Price", "Car_condition_ID", "Car_dealer_ID") VALUES (95, 'Nissan', 'X-Trail', 'White', 42284, 49806.5, 3, 29);
INSERT INTO "Car" ("Car_ID", "Brand", "Model", "Color", "Mileage", "Price", "Car_condition_ID", "Car_dealer_ID") VALUES (96, 'Hyundai', 'Santa Fe', 'Orange', 10908, 25930.41, 3, 10);
INSERT INTO "Car" ("Car_ID", "Brand", "Model", "Color", "Mileage", "Price", "Car_condition_ID", "Car_dealer_ID") VALUES (97, 'Hyundai', 'i10', 'Blue', 189684, 65833.22, 1, 4);
INSERT INTO "Car" ("Car_ID", "Brand", "Model", "Color", "Mileage", "Price", "Car_condition_ID", "Car_dealer_ID") VALUES (98, 'Kia', 'Picanto', 'White', 116650, 48583.51, 2, 21);
INSERT INTO "Car" ("Car_ID", "Brand", "Model", "Color", "Mileage", "Price", "Car_condition_ID", "Car_dealer_ID") VALUES (99, 'Kia', 'Sorento', 'Silver', 89704, 27267.03, 2, 15);
INSERT INTO "Car" ("Car_ID", "Brand", "Model", "Color", "Mileage", "Price", "Car_condition_ID", "Car_dealer_ID") VALUES (100, 'Mercedes', 'S-Class', 'Green', 4692, 73441.92, 2, 21);
INSERT INTO "Car" ("Car_ID", "Brand", "Model", "Color", "Mileage", "Price", "Car_condition_ID", "Car_dealer_ID") VALUES (101, 'Ford', 'Kuga', 'Orange', 159367, 33736.17, 1, 13);
INSERT INTO "Car" ("Car_ID", "Brand", "Model", "Color", "Mileage", "Price", "Car_condition_ID", "Car_dealer_ID") VALUES (102, 'Hyundai', 'i30', 'Green', 160583, 84354.5, 1, 18);
INSERT INTO "Car" ("Car_ID", "Brand", "Model", "Color", "Mileage", "Price", "Car_condition_ID", "Car_dealer_ID") VALUES (103, 'BMW', 'M3', 'Yellow', 97182, 80990.35, 2, 25);
INSERT INTO "Car" ("Car_ID", "Brand", "Model", "Color", "Mileage", "Price", "Car_condition_ID", "Car_dealer_ID") VALUES (104, 'Volkswagen', 'Polo', 'Silver', 52573, 32836.31, 3, 10);
INSERT INTO "Car" ("Car_ID", "Brand", "Model", "Color", "Mileage", "Price", "Car_condition_ID", "Car_dealer_ID") VALUES (105, 'Toyota', 'Supra', 'Black', 24546, 83908.46, 2, 14);
INSERT INTO "Car" ("Car_ID", "Brand", "Model", "Color", "Mileage", "Price", "Car_condition_ID", "Car_dealer_ID") VALUES (106, 'Hyundai', 'Santa Fe', 'Red', 187656, 14494.25, 3, 9);
INSERT INTO "Car" ("Car_ID", "Brand", "Model", "Color", "Mileage", "Price", "Car_condition_ID", "Car_dealer_ID") VALUES (107, 'Volkswagen', 'Polo', 'Green', 145052, 18805.49, 2, 1);
INSERT INTO "Car" ("Car_ID", "Brand", "Model", "Color", "Mileage", "Price", "Car_condition_ID", "Car_dealer_ID") VALUES (108, 'Hyundai', 'Ioniq 6', 'Red', 49536, 74722.63, 3, 5);
INSERT INTO "Car" ("Car_ID", "Brand", "Model", "Color", "Mileage", "Price", "Car_condition_ID", "Car_dealer_ID") VALUES (109, 'Mercedes', 'AMG GT', 'Green', 157485, 83350.95, 1, 30);
INSERT INTO "Car" ("Car_ID", "Brand", "Model", "Color", "Mileage", "Price", "Car_condition_ID", "Car_dealer_ID") VALUES (110, 'Mercedes', 'A-Class', 'Red', 188361, 52670.29, 2, 23);
INSERT INTO "Car" ("Car_ID", "Brand", "Model", "Color", "Mileage", "Price", "Car_condition_ID", "Car_dealer_ID") VALUES (111, 'BMW', '118i', 'Red', 12385, 48719.65, 3, 21);
INSERT INTO "Car" ("Car_ID", "Brand", "Model", "Color", "Mileage", "Price", "Car_condition_ID", "Car_dealer_ID") VALUES (112, 'Hyundai', 'i20', 'Silver', 174208, 78567.4, 2, 2);
INSERT INTO "Car" ("Car_ID", "Brand", "Model", "Color", "Mileage", "Price", "Car_condition_ID", "Car_dealer_ID") VALUES (113, 'Kia', 'EV6', 'Red', 47178, 7666.61, 2, 18);
INSERT INTO "Car" ("Car_ID", "Brand", "Model", "Color", "Mileage", "Price", "Car_condition_ID", "Car_dealer_ID") VALUES (114, 'Audi', 'Q5', 'Blue', 48074, 20378.97, 1, 7);
INSERT INTO "Car" ("Car_ID", "Brand", "Model", "Color", "Mileage", "Price", "Car_condition_ID", "Car_dealer_ID") VALUES (115, 'Mercedes', 'E-Class', 'Orange', 128089, 50952.32, 2, 20);
INSERT INTO "Car" ("Car_ID", "Brand", "Model", "Color", "Mileage", "Price", "Car_condition_ID", "Car_dealer_ID") VALUES (116, 'Toyota', 'Supra', 'Grey', 38224, 16550.31, 1, 29);
INSERT INTO "Car" ("Car_ID", "Brand", "Model", "Color", "Mileage", "Price", "Car_condition_ID", "Car_dealer_ID") VALUES (117, 'Audi', 'A1', 'White', 193165, 68228.73, 3, 5);
INSERT INTO "Car" ("Car_ID", "Brand", "Model", "Color", "Mileage", "Price", "Car_condition_ID", "Car_dealer_ID") VALUES (118, 'Nissan', 'Juke', 'Red', 166819, 90802.47, 1, 3);
INSERT INTO "Car" ("Car_ID", "Brand", "Model", "Color", "Mileage", "Price", "Car_condition_ID", "Car_dealer_ID") VALUES (119, 'Nissan', 'Qashqai', 'Orange', 18426, 8930.23, 2, 15);
INSERT INTO "Car" ("Car_ID", "Brand", "Model", "Color", "Mileage", "Price", "Car_condition_ID", "Car_dealer_ID") VALUES (120, 'Volkswagen', 'Arteon', 'Grey', 171384, 42860.27, 2, 25);
INSERT INTO "Car" ("Car_ID", "Brand", "Model", "Color", "Mileage", "Price", "Car_condition_ID", "Car_dealer_ID") VALUES (121, 'Ford', 'Focus', 'Silver', 33620, 87553.54, 3, 12);
INSERT INTO "Car" ("Car_ID", "Brand", "Model", "Color", "Mileage", "Price", "Car_condition_ID", "Car_dealer_ID") VALUES (122, 'BMW', '340i', 'Orange', 79501, 56920.03, 3, 6);
INSERT INTO "Car" ("Car_ID", "Brand", "Model", "Color", "Mileage", "Price", "Car_condition_ID", "Car_dealer_ID") VALUES (123, 'Ford', 'Focus', 'Grey', 7986, 89825.36, 3, 13);
INSERT INTO "Car" ("Car_ID", "Brand", "Model", "Color", "Mileage", "Price", "Car_condition_ID", "Car_dealer_ID") VALUES (124, 'Kia', 'Stinger', 'Black', 151073, 63383.6, 2, 3);
INSERT INTO "Car" ("Car_ID", "Brand", "Model", "Color", "Mileage", "Price", "Car_condition_ID", "Car_dealer_ID") VALUES (125, 'Volkswagen', 'ID.Buzz', 'Red', 138426, 36317.41, 1, 9);
INSERT INTO "Car" ("Car_ID", "Brand", "Model", "Color", "Mileage", "Price", "Car_condition_ID", "Car_dealer_ID") VALUES (126, 'Nissan', 'Navara', 'Black', 191593, 62783.44, 2, 23);
INSERT INTO "Car" ("Car_ID", "Brand", "Model", "Color", "Mileage", "Price", "Car_condition_ID", "Car_dealer_ID") VALUES (127, 'Nissan', 'Micra', 'Orange', 63196, 28407.88, 2, 26);
INSERT INTO "Car" ("Car_ID", "Brand", "Model", "Color", "Mileage", "Price", "Car_condition_ID", "Car_dealer_ID") VALUES (128, 'BMW', '420i', 'Black', 99095, 89300.44, 1, 19);
INSERT INTO "Car" ("Car_ID", "Brand", "Model", "Color", "Mileage", "Price", "Car_condition_ID", "Car_dealer_ID") VALUES (129, 'Kia', 'Rio', 'Grey', 65863, 9002.55, 2, 1);
INSERT INTO "Car" ("Car_ID", "Brand", "Model", "Color", "Mileage", "Price", "Car_condition_ID", "Car_dealer_ID") VALUES (130, 'Ford', 'Edge', 'Grey', 151605, 23051.05, 3, 13);
INSERT INTO "Car" ("Car_ID", "Brand", "Model", "Color", "Mileage", "Price", "Car_condition_ID", "Car_dealer_ID") VALUES (131, 'Ford', 'Ranger', 'Yellow', 135148, 85344.27, 3, 20);
INSERT INTO "Car" ("Car_ID", "Brand", "Model", "Color", "Mileage", "Price", "Car_condition_ID", "Car_dealer_ID") VALUES (132, 'Audi', 'RSQ3', 'Green', 3116, 82472.95, 1, 9);
INSERT INTO "Car" ("Car_ID", "Brand", "Model", "Color", "Mileage", "Price", "Car_condition_ID", "Car_dealer_ID") VALUES (133, 'Ford', 'Explorer', 'Blue', 46363, 48895.02, 3, 6);
INSERT INTO "Car" ("Car_ID", "Brand", "Model", "Color", "Mileage", "Price", "Car_condition_ID", "Car_dealer_ID") VALUES (134, 'Nissan', 'Juke', 'Blue', 141496, 73416.01, 3, 19);
INSERT INTO "Car" ("Car_ID", "Brand", "Model", "Color", "Mileage", "Price", "Car_condition_ID", "Car_dealer_ID") VALUES (135, 'Volkswagen', 'ID.4', 'Grey', 75801, 64773.53, 1, 11);
INSERT INTO "Car" ("Car_ID", "Brand", "Model", "Color", "Mileage", "Price", "Car_condition_ID", "Car_dealer_ID") VALUES (136, 'BMW', 'M5', 'Blue', 83311, 61101.97, 1, 28);
INSERT INTO "Car" ("Car_ID", "Brand", "Model", "Color", "Mileage", "Price", "Car_condition_ID", "Car_dealer_ID") VALUES (137, 'Kia', 'Ceed', 'Green', 86389, 26509.19, 1, 8);
INSERT INTO "Car" ("Car_ID", "Brand", "Model", "Color", "Mileage", "Price", "Car_condition_ID", "Car_dealer_ID") VALUES (138, 'Toyota', 'C-HR', 'Yellow', 59764, 95382.81, 2, 21);
INSERT INTO "Car" ("Car_ID", "Brand", "Model", "Color", "Mileage", "Price", "Car_condition_ID", "Car_dealer_ID") VALUES (139, 'Nissan', 'Ariya', 'Yellow', 70136, 5805.1, 1, 9);
INSERT INTO "Car" ("Car_ID", "Brand", "Model", "Color", "Mileage", "Price", "Car_condition_ID", "Car_dealer_ID") VALUES (140, 'Kia', 'Rio', 'White', 186689, 59862.67, 3, 12);
INSERT INTO "Car" ("Car_ID", "Brand", "Model", "Color", "Mileage", "Price", "Car_condition_ID", "Car_dealer_ID") VALUES (141, 'Hyundai', 'i20', 'Red', 93435, 11041.97, 2, 11);
INSERT INTO "Car" ("Car_ID", "Brand", "Model", "Color", "Mileage", "Price", "Car_condition_ID", "Car_dealer_ID") VALUES (142, 'BMW', 'X6', 'Orange', 53032, 63766.42, 3, 15);
INSERT INTO "Car" ("Car_ID", "Brand", "Model", "Color", "Mileage", "Price", "Car_condition_ID", "Car_dealer_ID") VALUES (143, 'Audi', 'A7', 'Yellow', 23802, 76468.86, 3, 5);
INSERT INTO "Car" ("Car_ID", "Brand", "Model", "Color", "Mileage", "Price", "Car_condition_ID", "Car_dealer_ID") VALUES (144, 'Mercedes', 'AMG GT', 'Green', 67357, 10415.51, 3, 21);
INSERT INTO "Car" ("Car_ID", "Brand", "Model", "Color", "Mileage", "Price", "Car_condition_ID", "Car_dealer_ID") VALUES (145, 'Toyota', 'Supra', 'Orange', 462, 74664.18, 3, 21);
INSERT INTO "Car" ("Car_ID", "Brand", "Model", "Color", "Mileage", "Price", "Car_condition_ID", "Car_dealer_ID") VALUES (146, 'Nissan', 'X-Trail', 'Red', 5909, 26434.24, 1, 19);
INSERT INTO "Car" ("Car_ID", "Brand", "Model", "Color", "Mileage", "Price", "Car_condition_ID", "Car_dealer_ID") VALUES (147, 'Volkswagen', 'T-Cross', 'White', 172702, 58221.41, 3, 29);
INSERT INTO "Car" ("Car_ID", "Brand", "Model", "Color", "Mileage", "Price", "Car_condition_ID", "Car_dealer_ID") VALUES (148, 'Audi', 'Q7', 'Yellow', 53053, 95882.0, 2, 19);
INSERT INTO "Car" ("Car_ID", "Brand", "Model", "Color", "Mileage", "Price", "Car_condition_ID", "Car_dealer_ID") VALUES (149, 'Ford', 'Mustang', 'Grey', 177752, 48233.09, 2, 16);
INSERT INTO "Car" ("Car_ID", "Brand", "Model", "Color", "Mileage", "Price", "Car_condition_ID", "Car_dealer_ID") VALUES (150, 'Volkswagen', 'Touareg', 'Green', 184499, 16745.02, 2, 1);
INSERT INTO "Car" ("Car_ID", "Brand", "Model", "Color", "Mileage", "Price", "Car_condition_ID", "Car_dealer_ID") VALUES (151, 'Toyota', 'C-HR', 'Silver', 83641, 58206.02, 2, 2);
INSERT INTO "Car" ("Car_ID", "Brand", "Model", "Color", "Mileage", "Price", "Car_condition_ID", "Car_dealer_ID") VALUES (152, 'Volkswagen', 'T-Cross', 'Silver', 77984, 46838.86, 1, 24);
INSERT INTO "Car" ("Car_ID", "Brand", "Model", "Color", "Mileage", "Price", "Car_condition_ID", "Car_dealer_ID") VALUES (153, 'Mercedes', 'GLA', 'Blue', 178221, 62790.65, 3, 20);
INSERT INTO "Car" ("Car_ID", "Brand", "Model", "Color", "Mileage", "Price", "Car_condition_ID", "Car_dealer_ID") VALUES (154, 'Audi', 'RSQ3', 'Silver', 6347, 65259.21, 3, 6);
INSERT INTO "Car" ("Car_ID", "Brand", "Model", "Color", "Mileage", "Price", "Car_condition_ID", "Car_dealer_ID") VALUES (155, 'Toyota', 'Corolla', 'Yellow', 178606, 13209.93, 3, 22);
INSERT INTO "Car" ("Car_ID", "Brand", "Model", "Color", "Mileage", "Price", "Car_condition_ID", "Car_dealer_ID") VALUES (156, 'Mercedes', 'GLC', 'Grey', 195246, 56255.4, 1, 1);
INSERT INTO "Car" ("Car_ID", "Brand", "Model", "Color", "Mileage", "Price", "Car_condition_ID", "Car_dealer_ID") VALUES (157, 'Volkswagen', 'Polo', 'Yellow', 118529, 37913.16, 3, 17);
INSERT INTO "Car" ("Car_ID", "Brand", "Model", "Color", "Mileage", "Price", "Car_condition_ID", "Car_dealer_ID") VALUES (158, 'Nissan', 'Micra', 'Orange', 146785, 43509.95, 1, 19);
INSERT INTO "Car" ("Car_ID", "Brand", "Model", "Color", "Mileage", "Price", "Car_condition_ID", "Car_dealer_ID") VALUES (159, 'Mercedes', 'E-Class', 'White', 115083, 5430.49, 1, 25);
INSERT INTO "Car" ("Car_ID", "Brand", "Model", "Color", "Mileage", "Price", "Car_condition_ID", "Car_dealer_ID") VALUES (160, 'Mercedes', 'E-Class', 'Red', 112811, 88753.09, 2, 29);
INSERT INTO "Car" ("Car_ID", "Brand", "Model", "Color", "Mileage", "Price", "Car_condition_ID", "Car_dealer_ID") VALUES (161, 'Nissan', 'Navara', 'Red', 119904, 33314.44, 2, 9);
INSERT INTO "Car" ("Car_ID", "Brand", "Model", "Color", "Mileage", "Price", "Car_condition_ID", "Car_dealer_ID") VALUES (162, 'Kia', 'Picanto', 'Orange', 182800, 59943.98, 1, 3);
INSERT INTO "Car" ("Car_ID", "Brand", "Model", "Color", "Mileage", "Price", "Car_condition_ID", "Car_dealer_ID") VALUES (163, 'Nissan', 'Ariya', 'Orange', 145854, 32018.17, 3, 9);
INSERT INTO "Car" ("Car_ID", "Brand", "Model", "Color", "Mileage", "Price", "Car_condition_ID", "Car_dealer_ID") VALUES (164, 'Audi', 'S8', 'Silver', 92854, 82129.78, 2, 13);
INSERT INTO "Car" ("Car_ID", "Brand", "Model", "Color", "Mileage", "Price", "Car_condition_ID", "Car_dealer_ID") VALUES (165, 'Ford', 'Mondeo', 'Green', 145618, 15646.15, 2, 7);
INSERT INTO "Car" ("Car_ID", "Brand", "Model", "Color", "Mileage", "Price", "Car_condition_ID", "Car_dealer_ID") VALUES (166, 'Audi', 'RS4', 'Green', 180471, 41721.6, 1, 20);
INSERT INTO "Car" ("Car_ID", "Brand", "Model", "Color", "Mileage", "Price", "Car_condition_ID", "Car_dealer_ID") VALUES (167, 'Nissan', 'Juke', 'Silver', 30570, 11435.46, 1, 24);
INSERT INTO "Car" ("Car_ID", "Brand", "Model", "Color", "Mileage", "Price", "Car_condition_ID", "Car_dealer_ID") VALUES (168, 'Nissan', 'Leaf', 'Grey', 33522, 6272.81, 2, 14);
INSERT INTO "Car" ("Car_ID", "Brand", "Model", "Color", "Mileage", "Price", "Car_condition_ID", "Car_dealer_ID") VALUES (169, 'Volkswagen', 'Tiguan', 'White', 46861, 48647.76, 3, 20);
INSERT INTO "Car" ("Car_ID", "Brand", "Model", "Color", "Mileage", "Price", "Car_condition_ID", "Car_dealer_ID") VALUES (170, 'Mercedes', 'CLA', 'White', 113018, 93822.01, 2, 30);
INSERT INTO "Car" ("Car_ID", "Brand", "Model", "Color", "Mileage", "Price", "Car_condition_ID", "Car_dealer_ID") VALUES (171, 'BMW', 'M4', 'Orange', 176407, 38891.63, 2, 23);
INSERT INTO "Car" ("Car_ID", "Brand", "Model", "Color", "Mileage", "Price", "Car_condition_ID", "Car_dealer_ID") VALUES (172, 'Hyundai', 'i20', 'Orange', 29168, 95853.39, 2, 25);
INSERT INTO "Car" ("Car_ID", "Brand", "Model", "Color", "Mileage", "Price", "Car_condition_ID", "Car_dealer_ID") VALUES (173, 'Hyundai', 'i10', 'Blue', 139972, 54322.02, 1, 3);
INSERT INTO "Car" ("Car_ID", "Brand", "Model", "Color", "Mileage", "Price", "Car_condition_ID", "Car_dealer_ID") VALUES (174, 'BMW', '520i', 'Silver', 157306, 51446.4, 2, 18);
INSERT INTO "Car" ("Car_ID", "Brand", "Model", "Color", "Mileage", "Price", "Car_condition_ID", "Car_dealer_ID") VALUES (175, 'BMW', 'X3', 'Orange', 8688, 76476.94, 2, 6);
INSERT INTO "Car" ("Car_ID", "Brand", "Model", "Color", "Mileage", "Price", "Car_condition_ID", "Car_dealer_ID") VALUES (176, 'Volkswagen', 'ID.3', 'Orange', 1511, 7267.19, 1, 6);
INSERT INTO "Car" ("Car_ID", "Brand", "Model", "Color", "Mileage", "Price", "Car_condition_ID", "Car_dealer_ID") VALUES (177, 'Toyota', 'C-HR', 'Red', 95032, 8905.22, 2, 8);
INSERT INTO "Car" ("Car_ID", "Brand", "Model", "Color", "Mileage", "Price", "Car_condition_ID", "Car_dealer_ID") VALUES (178, 'Ford', 'Mustang', 'Red', 195313, 20617.97, 3, 25);
INSERT INTO "Car" ("Car_ID", "Brand", "Model", "Color", "Mileage", "Price", "Car_condition_ID", "Car_dealer_ID") VALUES (179, 'Mercedes', 'E-Class', 'Orange', 164840, 59395.05, 2, 30);
INSERT INTO "Car" ("Car_ID", "Brand", "Model", "Color", "Mileage", "Price", "Car_condition_ID", "Car_dealer_ID") VALUES (180, 'Toyota', 'C-HR', 'Grey', 69647, 25455.38, 3, 6);
INSERT INTO "Car" ("Car_ID", "Brand", "Model", "Color", "Mileage", "Price", "Car_condition_ID", "Car_dealer_ID") VALUES (181, 'Nissan', 'Qashqai', 'Red', 89994, 90699.29, 2, 29);
INSERT INTO "Car" ("Car_ID", "Brand", "Model", "Color", "Mileage", "Price", "Car_condition_ID", "Car_dealer_ID") VALUES (182, 'BMW', 'M5', 'Blue', 101538, 81298.44, 2, 11);
INSERT INTO "Car" ("Car_ID", "Brand", "Model", "Color", "Mileage", "Price", "Car_condition_ID", "Car_dealer_ID") VALUES (183, 'Nissan', 'Qashqai', 'Black', 34363, 78052.13, 3, 8);
INSERT INTO "Car" ("Car_ID", "Brand", "Model", "Color", "Mileage", "Price", "Car_condition_ID", "Car_dealer_ID") VALUES (184, 'Mercedes', 'GLE', 'Yellow', 102499, 86976.92, 3, 12);
INSERT INTO "Car" ("Car_ID", "Brand", "Model", "Color", "Mileage", "Price", "Car_condition_ID", "Car_dealer_ID") VALUES (185, 'Volkswagen', 'ID.3', 'Red', 16881, 77052.64, 1, 26);
INSERT INTO "Car" ("Car_ID", "Brand", "Model", "Color", "Mileage", "Price", "Car_condition_ID", "Car_dealer_ID") VALUES (186, 'Volkswagen', 'ID.Buzz', 'Yellow', 111512, 28168.37, 3, 8);
INSERT INTO "Car" ("Car_ID", "Brand", "Model", "Color", "Mileage", "Price", "Car_condition_ID", "Car_dealer_ID") VALUES (187, 'Hyundai', 'i30', 'Green', 69443, 82672.68, 3, 27);
INSERT INTO "Car" ("Car_ID", "Brand", "Model", "Color", "Mileage", "Price", "Car_condition_ID", "Car_dealer_ID") VALUES (188, 'Nissan', 'Micra', 'Yellow', 187678, 47477.85, 1, 29);
INSERT INTO "Car" ("Car_ID", "Brand", "Model", "Color", "Mileage", "Price", "Car_condition_ID", "Car_dealer_ID") VALUES (189, 'Ford', 'Mustang', 'Red', 17274, 44870.06, 3, 30);
INSERT INTO "Car" ("Car_ID", "Brand", "Model", "Color", "Mileage", "Price", "Car_condition_ID", "Car_dealer_ID") VALUES (190, 'Audi', 'S7', 'Blue', 156054, 78383.71, 3, 18);
INSERT INTO "Car" ("Car_ID", "Brand", "Model", "Color", "Mileage", "Price", "Car_condition_ID", "Car_dealer_ID") VALUES (191, 'Toyota', 'RAV4', 'Black', 107056, 35708.33, 1, 8);
INSERT INTO "Car" ("Car_ID", "Brand", "Model", "Color", "Mileage", "Price", "Car_condition_ID", "Car_dealer_ID") VALUES (192, 'Ford', 'Focus', 'White', 172067, 64784.25, 1, 18);
INSERT INTO "Car" ("Car_ID", "Brand", "Model", "Color", "Mileage", "Price", "Car_condition_ID", "Car_dealer_ID") VALUES (193, 'Ford', 'Mustang', 'Black', 69845, 19623.45, 2, 28);
INSERT INTO "Car" ("Car_ID", "Brand", "Model", "Color", "Mileage", "Price", "Car_condition_ID", "Car_dealer_ID") VALUES (194, 'Toyota', 'Supra', 'White', 166925, 91322.5, 1, 21);
INSERT INTO "Car" ("Car_ID", "Brand", "Model", "Color", "Mileage", "Price", "Car_condition_ID", "Car_dealer_ID") VALUES (195, 'Volkswagen', 'Polo', 'Orange', 122988, 73113.03, 2, 29);
INSERT INTO "Car" ("Car_ID", "Brand", "Model", "Color", "Mileage", "Price", "Car_condition_ID", "Car_dealer_ID") VALUES (196, 'Kia', 'Ceed', 'Green', 179498, 52286.21, 3, 6);
INSERT INTO "Car" ("Car_ID", "Brand", "Model", "Color", "Mileage", "Price", "Car_condition_ID", "Car_dealer_ID") VALUES (197, 'Nissan', 'Leaf', 'Yellow', 152705, 45149.37, 1, 30);
INSERT INTO "Car" ("Car_ID", "Brand", "Model", "Color", "Mileage", "Price", "Car_condition_ID", "Car_dealer_ID") VALUES (198, 'BMW', 'X3', 'Red', 108029, 48561.94, 1, 8);
INSERT INTO "Car" ("Car_ID", "Brand", "Model", "Color", "Mileage", "Price", "Car_condition_ID", "Car_dealer_ID") VALUES (199, 'Mercedes', 'E-Class', 'Red', 30564, 57281.16, 2, 20);
INSERT INTO "Car" ("Car_ID", "Brand", "Model", "Color", "Mileage", "Price", "Car_condition_ID", "Car_dealer_ID") VALUES (200, 'Audi', 'S4', 'Red', 41746, 53426.72, 3, 5);
INSERT INTO "Car" ("Car_ID", "Brand", "Model", "Color", "Mileage", "Price", "Car_condition_ID", "Car_dealer_ID") VALUES (201, 'Ford', 'Explorer', 'Black', 74932, 62284.94, 3, 2);
INSERT INTO "Car" ("Car_ID", "Brand", "Model", "Color", "Mileage", "Price", "Car_condition_ID", "Car_dealer_ID") VALUES (202, 'BMW', 'M4', 'Black', 120630, 66548.61, 1, 22);
INSERT INTO "Car" ("Car_ID", "Brand", "Model", "Color", "Mileage", "Price", "Car_condition_ID", "Car_dealer_ID") VALUES (203, 'Kia', 'EV6', 'Green', 156914, 89149.09, 3, 2);
INSERT INTO "Car" ("Car_ID", "Brand", "Model", "Color", "Mileage", "Price", "Car_condition_ID", "Car_dealer_ID") VALUES (204, 'Mercedes', 'S-Class', 'Orange', 139398, 89169.98, 1, 24);
INSERT INTO "Car" ("Car_ID", "Brand", "Model", "Color", "Mileage", "Price", "Car_condition_ID", "Car_dealer_ID") VALUES (205, 'Mercedes', 'C-Class', 'Yellow', 16914, 51368.04, 2, 16);
INSERT INTO "Car" ("Car_ID", "Brand", "Model", "Color", "Mileage", "Price", "Car_condition_ID", "Car_dealer_ID") VALUES (206, 'Nissan', 'Navara', 'Grey', 116791, 10764.05, 3, 1);
INSERT INTO "Car" ("Car_ID", "Brand", "Model", "Color", "Mileage", "Price", "Car_condition_ID", "Car_dealer_ID") VALUES (207, 'Toyota', 'Supra', 'Yellow', 67350, 74835.5, 3, 5);
INSERT INTO "Car" ("Car_ID", "Brand", "Model", "Color", "Mileage", "Price", "Car_condition_ID", "Car_dealer_ID") VALUES (208, 'Volkswagen', 'ID.3', 'Grey', 164129, 52494.71, 2, 15);
INSERT INTO "Car" ("Car_ID", "Brand", "Model", "Color", "Mileage", "Price", "Car_condition_ID", "Car_dealer_ID") VALUES (209, 'Audi', 'Q8', 'Black', 50637, 90314.93, 1, 15);
INSERT INTO "Car" ("Car_ID", "Brand", "Model", "Color", "Mileage", "Price", "Car_condition_ID", "Car_dealer_ID") VALUES (210, 'BMW', 'M3', 'White', 146064, 15735.25, 3, 22);
INSERT INTO "Car" ("Car_ID", "Brand", "Model", "Color", "Mileage", "Price", "Car_condition_ID", "Car_dealer_ID") VALUES (211, 'Ford', 'Focus', 'Yellow', 65900, 49648.79, 2, 7);
INSERT INTO "Car" ("Car_ID", "Brand", "Model", "Color", "Mileage", "Price", "Car_condition_ID", "Car_dealer_ID") VALUES (212, 'Toyota', 'RAV4', 'Green', 145780, 78173.19, 2, 19);
INSERT INTO "Car" ("Car_ID", "Brand", "Model", "Color", "Mileage", "Price", "Car_condition_ID", "Car_dealer_ID") VALUES (213, 'Nissan', 'Leaf', 'Grey', 90539, 51317.45, 3, 29);
INSERT INTO "Car" ("Car_ID", "Brand", "Model", "Color", "Mileage", "Price", "Car_condition_ID", "Car_dealer_ID") VALUES (214, 'Audi', 'A8', 'White', 85719, 74891.89, 1, 28);
INSERT INTO "Car" ("Car_ID", "Brand", "Model", "Color", "Mileage", "Price", "Car_condition_ID", "Car_dealer_ID") VALUES (215, 'Hyundai', 'Tucson', 'Orange', 6026, 90876.68, 2, 3);
INSERT INTO "Car" ("Car_ID", "Brand", "Model", "Color", "Mileage", "Price", "Car_condition_ID", "Car_dealer_ID") VALUES (216, 'Toyota', 'Camry', 'Orange', 137143, 47598.65, 2, 5);
INSERT INTO "Car" ("Car_ID", "Brand", "Model", "Color", "Mileage", "Price", "Car_condition_ID", "Car_dealer_ID") VALUES (217, 'Audi', 'SQ3', 'Green', 1294, 42401.46, 2, 19);
INSERT INTO "Car" ("Car_ID", "Brand", "Model", "Color", "Mileage", "Price", "Car_condition_ID", "Car_dealer_ID") VALUES (218, 'Hyundai', 'Santa Fe', 'White', 99695, 34387.46, 1, 21);
INSERT INTO "Car" ("Car_ID", "Brand", "Model", "Color", "Mileage", "Price", "Car_condition_ID", "Car_dealer_ID") VALUES (219, 'Toyota', 'Supra', 'Green', 45553, 58258.39, 2, 22);
INSERT INTO "Car" ("Car_ID", "Brand", "Model", "Color", "Mileage", "Price", "Car_condition_ID", "Car_dealer_ID") VALUES (220, 'Hyundai', 'Tucson', 'Yellow', 78462, 98818.39, 2, 10);
INSERT INTO "Car" ("Car_ID", "Brand", "Model", "Color", "Mileage", "Price", "Car_condition_ID", "Car_dealer_ID") VALUES (221, 'BMW', 'M8', 'Yellow', 164792, 65235.11, 1, 22);
INSERT INTO "Car" ("Car_ID", "Brand", "Model", "Color", "Mileage", "Price", "Car_condition_ID", "Car_dealer_ID") VALUES (222, 'Kia', 'Picanto', 'Red', 99194, 98933.43, 2, 2);
INSERT INTO "Car" ("Car_ID", "Brand", "Model", "Color", "Mileage", "Price", "Car_condition_ID", "Car_dealer_ID") VALUES (223, 'Ford', 'F-150', 'Grey', 46386, 38359.31, 3, 3);
INSERT INTO "Car" ("Car_ID", "Brand", "Model", "Color", "Mileage", "Price", "Car_condition_ID", "Car_dealer_ID") VALUES (224, 'Ford', 'Mondeo', 'Grey', 54101, 17653.35, 3, 29);
INSERT INTO "Car" ("Car_ID", "Brand", "Model", "Color", "Mileage", "Price", "Car_condition_ID", "Car_dealer_ID") VALUES (225, 'BMW', 'X1', 'White', 34729, 68386.28, 3, 18);
INSERT INTO "Car" ("Car_ID", "Brand", "Model", "Color", "Mileage", "Price", "Car_condition_ID", "Car_dealer_ID") VALUES (226, 'Toyota', 'Highlander', 'White', 89755, 5507.37, 2, 26);
INSERT INTO "Car" ("Car_ID", "Brand", "Model", "Color", "Mileage", "Price", "Car_condition_ID", "Car_dealer_ID") VALUES (227, 'Nissan', 'Leaf', 'Silver', 48795, 52595.33, 1, 9);
INSERT INTO "Car" ("Car_ID", "Brand", "Model", "Color", "Mileage", "Price", "Car_condition_ID", "Car_dealer_ID") VALUES (228, 'Volkswagen', 'Passat', 'Blue', 76941, 40859.18, 3, 30);
INSERT INTO "Car" ("Car_ID", "Brand", "Model", "Color", "Mileage", "Price", "Car_condition_ID", "Car_dealer_ID") VALUES (229, 'Audi', 'S3', 'Orange', 23479, 6522.16, 2, 11);
INSERT INTO "Car" ("Car_ID", "Brand", "Model", "Color", "Mileage", "Price", "Car_condition_ID", "Car_dealer_ID") VALUES (230, 'Volkswagen', 'Arteon', 'Black', 60297, 88296.7, 2, 4);
INSERT INTO "Car" ("Car_ID", "Brand", "Model", "Color", "Mileage", "Price", "Car_condition_ID", "Car_dealer_ID") VALUES (231, 'BMW', 'X6', 'Grey', 37358, 8405.64, 2, 29);
INSERT INTO "Car" ("Car_ID", "Brand", "Model", "Color", "Mileage", "Price", "Car_condition_ID", "Car_dealer_ID") VALUES (232, 'Volkswagen', 'Tiguan', 'Green', 68436, 41138.73, 1, 24);
INSERT INTO "Car" ("Car_ID", "Brand", "Model", "Color", "Mileage", "Price", "Car_condition_ID", "Car_dealer_ID") VALUES (233, 'Volkswagen', 'ID.3', 'Silver', 21641, 42436.0, 1, 29);
INSERT INTO "Car" ("Car_ID", "Brand", "Model", "Color", "Mileage", "Price", "Car_condition_ID", "Car_dealer_ID") VALUES (234, 'Toyota', 'Highlander', 'Blue', 159091, 65391.6, 1, 3);
INSERT INTO "Car" ("Car_ID", "Brand", "Model", "Color", "Mileage", "Price", "Car_condition_ID", "Car_dealer_ID") VALUES (235, 'Audi', 'A1', 'Black', 13886, 39832.76, 1, 24);
INSERT INTO "Car" ("Car_ID", "Brand", "Model", "Color", "Mileage", "Price", "Car_condition_ID", "Car_dealer_ID") VALUES (236, 'Hyundai', 'Kona', 'Grey', 7942, 39258.59, 3, 27);
INSERT INTO "Car" ("Car_ID", "Brand", "Model", "Color", "Mileage", "Price", "Car_condition_ID", "Car_dealer_ID") VALUES (237, 'Volkswagen', 'Polo', 'Silver', 46621, 52356.61, 3, 4);
INSERT INTO "Car" ("Car_ID", "Brand", "Model", "Color", "Mileage", "Price", "Car_condition_ID", "Car_dealer_ID") VALUES (238, 'Hyundai', 'Ioniq 5', 'Orange', 8282, 15577.13, 2, 10);
INSERT INTO "Car" ("Car_ID", "Brand", "Model", "Color", "Mileage", "Price", "Car_condition_ID", "Car_dealer_ID") VALUES (239, 'Mercedes', 'C-Class', 'Yellow', 8225, 68886.27, 1, 11);
INSERT INTO "Car" ("Car_ID", "Brand", "Model", "Color", "Mileage", "Price", "Car_condition_ID", "Car_dealer_ID") VALUES (240, 'Toyota', 'Corolla', 'Green', 21857, 7291.3, 3, 28);
INSERT INTO "Car" ("Car_ID", "Brand", "Model", "Color", "Mileage", "Price", "Car_condition_ID", "Car_dealer_ID") VALUES (241, 'BMW', 'X4', 'Black', 26716, 19455.38, 3, 7);
INSERT INTO "Car" ("Car_ID", "Brand", "Model", "Color", "Mileage", "Price", "Car_condition_ID", "Car_dealer_ID") VALUES (242, 'Kia', 'Sportage', 'Yellow', 9477, 36346.66, 2, 14);
INSERT INTO "Car" ("Car_ID", "Brand", "Model", "Color", "Mileage", "Price", "Car_condition_ID", "Car_dealer_ID") VALUES (243, 'Volkswagen', 'T-Cross', 'Orange', 168181, 76111.76, 2, 15);
INSERT INTO "Car" ("Car_ID", "Brand", "Model", "Color", "Mileage", "Price", "Car_condition_ID", "Car_dealer_ID") VALUES (244, 'Ford', 'Mondeo', 'Green', 73479, 18960.15, 3, 18);
INSERT INTO "Car" ("Car_ID", "Brand", "Model", "Color", "Mileage", "Price", "Car_condition_ID", "Car_dealer_ID") VALUES (245, 'Hyundai', 'Ioniq 6', 'Green', 189324, 93525.45, 2, 24);
INSERT INTO "Car" ("Car_ID", "Brand", "Model", "Color", "Mileage", "Price", "Car_condition_ID", "Car_dealer_ID") VALUES (246, 'Kia', 'Rio', 'White', 114005, 62217.57, 2, 15);
INSERT INTO "Car" ("Car_ID", "Brand", "Model", "Color", "Mileage", "Price", "Car_condition_ID", "Car_dealer_ID") VALUES (247, 'Audi', 'Q8', 'Orange', 19069, 74533.35, 3, 20);
INSERT INTO "Car" ("Car_ID", "Brand", "Model", "Color", "Mileage", "Price", "Car_condition_ID", "Car_dealer_ID") VALUES (248, 'Kia', 'Picanto', 'Green', 161988, 38990.66, 3, 28);
INSERT INTO "Car" ("Car_ID", "Brand", "Model", "Color", "Mileage", "Price", "Car_condition_ID", "Car_dealer_ID") VALUES (249, 'Kia', 'Sportage', 'Silver', 74024, 43570.22, 2, 13);
INSERT INTO "Car" ("Car_ID", "Brand", "Model", "Color", "Mileage", "Price", "Car_condition_ID", "Car_dealer_ID") VALUES (250, 'Kia', 'Sorento', 'White', 182695, 52527.28, 3, 18);
INSERT INTO "Car" ("Car_ID", "Brand", "Model", "Color", "Mileage", "Price", "Car_condition_ID", "Car_dealer_ID") VALUES (251, 'Nissan', 'Juke', 'Orange', 125177, 27492.47, 3, 1);
INSERT INTO "Car" ("Car_ID", "Brand", "Model", "Color", "Mileage", "Price", "Car_condition_ID", "Car_dealer_ID") VALUES (252, 'Mercedes', 'S-Class', 'Green', 11656, 49821.74, 1, 25);
INSERT INTO "Car" ("Car_ID", "Brand", "Model", "Color", "Mileage", "Price", "Car_condition_ID", "Car_dealer_ID") VALUES (253, 'Nissan', 'Qashqai', 'Red', 34862, 91336.55, 3, 5);
INSERT INTO "Car" ("Car_ID", "Brand", "Model", "Color", "Mileage", "Price", "Car_condition_ID", "Car_dealer_ID") VALUES (254, 'Kia', 'Rio', 'Red', 187331, 15383.62, 2, 24);
INSERT INTO "Car" ("Car_ID", "Brand", "Model", "Color", "Mileage", "Price", "Car_condition_ID", "Car_dealer_ID") VALUES (255, 'Nissan', 'Qashqai', 'White', 194163, 39220.92, 1, 13);
INSERT INTO "Car" ("Car_ID", "Brand", "Model", "Color", "Mileage", "Price", "Car_condition_ID", "Car_dealer_ID") VALUES (256, 'Volkswagen', 'T-Cross', 'Black', 138498, 67278.58, 1, 5);
INSERT INTO "Car" ("Car_ID", "Brand", "Model", "Color", "Mileage", "Price", "Car_condition_ID", "Car_dealer_ID") VALUES (257, 'Volkswagen', 'Arteon', 'White', 89532, 69142.58, 3, 21);
INSERT INTO "Car" ("Car_ID", "Brand", "Model", "Color", "Mileage", "Price", "Car_condition_ID", "Car_dealer_ID") VALUES (258, 'Ford', 'F-150', 'Blue', 115701, 44666.93, 3, 15);
INSERT INTO "Car" ("Car_ID", "Brand", "Model", "Color", "Mileage", "Price", "Car_condition_ID", "Car_dealer_ID") VALUES (259, 'Nissan', 'Juke', 'Silver', 134468, 92217.13, 1, 30);
INSERT INTO "Car" ("Car_ID", "Brand", "Model", "Color", "Mileage", "Price", "Car_condition_ID", "Car_dealer_ID") VALUES (260, 'Volkswagen', 'T-Cross', 'Black', 61598, 16566.46, 2, 17);
INSERT INTO "Car" ("Car_ID", "Brand", "Model", "Color", "Mileage", "Price", "Car_condition_ID", "Car_dealer_ID") VALUES (261, 'Volkswagen', 'Touareg', 'Blue', 145992, 38595.36, 1, 21);
INSERT INTO "Car" ("Car_ID", "Brand", "Model", "Color", "Mileage", "Price", "Car_condition_ID", "Car_dealer_ID") VALUES (262, 'Mercedes', 'CLA', 'Yellow', 15273, 93922.26, 2, 25);
INSERT INTO "Car" ("Car_ID", "Brand", "Model", "Color", "Mileage", "Price", "Car_condition_ID", "Car_dealer_ID") VALUES (263, 'Ford', 'F-150', 'Yellow', 118842, 6619.72, 1, 21);
INSERT INTO "Car" ("Car_ID", "Brand", "Model", "Color", "Mileage", "Price", "Car_condition_ID", "Car_dealer_ID") VALUES (264, 'Kia', 'Sportage', 'Green', 46038, 23871.62, 3, 27);
INSERT INTO "Car" ("Car_ID", "Brand", "Model", "Color", "Mileage", "Price", "Car_condition_ID", "Car_dealer_ID") VALUES (265, 'Volkswagen', 'T-Cross', 'White', 90747, 76868.41, 2, 30);
INSERT INTO "Car" ("Car_ID", "Brand", "Model", "Color", "Mileage", "Price", "Car_condition_ID", "Car_dealer_ID") VALUES (266, 'Ford', 'Kuga', 'Green', 150963, 69287.95, 3, 11);
INSERT INTO "Car" ("Car_ID", "Brand", "Model", "Color", "Mileage", "Price", "Car_condition_ID", "Car_dealer_ID") VALUES (267, 'Hyundai', 'Santa Fe', 'Black', 15257, 79961.45, 2, 13);
INSERT INTO "Car" ("Car_ID", "Brand", "Model", "Color", "Mileage", "Price", "Car_condition_ID", "Car_dealer_ID") VALUES (268, 'Nissan', 'Navara', 'Red', 182647, 6428.49, 1, 28);
INSERT INTO "Car" ("Car_ID", "Brand", "Model", "Color", "Mileage", "Price", "Car_condition_ID", "Car_dealer_ID") VALUES (269, 'Hyundai', 'Ioniq 5', 'Black', 198570, 47917.76, 3, 30);
INSERT INTO "Car" ("Car_ID", "Brand", "Model", "Color", "Mileage", "Price", "Car_condition_ID", "Car_dealer_ID") VALUES (270, 'Kia', 'Rio', 'Red', 198296, 80116.4, 3, 8);
INSERT INTO "Car" ("Car_ID", "Brand", "Model", "Color", "Mileage", "Price", "Car_condition_ID", "Car_dealer_ID") VALUES (271, 'BMW', '320i', 'Black', 151412, 92158.48, 1, 30);
INSERT INTO "Car" ("Car_ID", "Brand", "Model", "Color", "Mileage", "Price", "Car_condition_ID", "Car_dealer_ID") VALUES (272, 'Kia', 'Picanto', 'Red', 75333, 30140.06, 3, 24);
INSERT INTO "Car" ("Car_ID", "Brand", "Model", "Color", "Mileage", "Price", "Car_condition_ID", "Car_dealer_ID") VALUES (273, 'Toyota', 'Corolla', 'Red', 107820, 91855.43, 2, 30);
INSERT INTO "Car" ("Car_ID", "Brand", "Model", "Color", "Mileage", "Price", "Car_condition_ID", "Car_dealer_ID") VALUES (274, 'Toyota', 'Yaris', 'White', 106013, 21544.08, 3, 10);
INSERT INTO "Car" ("Car_ID", "Brand", "Model", "Color", "Mileage", "Price", "Car_condition_ID", "Car_dealer_ID") VALUES (275, 'Kia', 'EV6', 'Grey', 16669, 39760.64, 2, 1);
INSERT INTO "Car" ("Car_ID", "Brand", "Model", "Color", "Mileage", "Price", "Car_condition_ID", "Car_dealer_ID") VALUES (276, 'Ford', 'Focus', 'Grey', 114012, 88947.09, 1, 5);
INSERT INTO "Car" ("Car_ID", "Brand", "Model", "Color", "Mileage", "Price", "Car_condition_ID", "Car_dealer_ID") VALUES (277, 'Hyundai', 'Santa Fe', 'Green', 41081, 96234.37, 3, 17);
INSERT INTO "Car" ("Car_ID", "Brand", "Model", "Color", "Mileage", "Price", "Car_condition_ID", "Car_dealer_ID") VALUES (278, 'Audi', 'RS7', 'Grey', 19181, 81553.97, 1, 7);
INSERT INTO "Car" ("Car_ID", "Brand", "Model", "Color", "Mileage", "Price", "Car_condition_ID", "Car_dealer_ID") VALUES (279, 'Hyundai', 'i10', 'Green', 185038, 33402.39, 1, 4);
INSERT INTO "Car" ("Car_ID", "Brand", "Model", "Color", "Mileage", "Price", "Car_condition_ID", "Car_dealer_ID") VALUES (280, 'Audi', 'A5', 'Yellow', 104953, 60330.02, 3, 12);
INSERT INTO "Car" ("Car_ID", "Brand", "Model", "Color", "Mileage", "Price", "Car_condition_ID", "Car_dealer_ID") VALUES (281, 'Audi', 'A6', 'Red', 153984, 81014.9, 3, 15);
INSERT INTO "Car" ("Car_ID", "Brand", "Model", "Color", "Mileage", "Price", "Car_condition_ID", "Car_dealer_ID") VALUES (282, 'Audi', 'Q8', 'Yellow', 75044, 59193.99, 1, 25);
INSERT INTO "Car" ("Car_ID", "Brand", "Model", "Color", "Mileage", "Price", "Car_condition_ID", "Car_dealer_ID") VALUES (283, 'Kia', 'EV6', 'Black', 38138, 77689.61, 1, 20);
INSERT INTO "Car" ("Car_ID", "Brand", "Model", "Color", "Mileage", "Price", "Car_condition_ID", "Car_dealer_ID") VALUES (284, 'Ford', 'Explorer', 'Grey', 189613, 14346.07, 1, 7);
INSERT INTO "Car" ("Car_ID", "Brand", "Model", "Color", "Mileage", "Price", "Car_condition_ID", "Car_dealer_ID") VALUES (285, 'Kia', 'Rio', 'Grey', 116526, 45802.97, 3, 13);
INSERT INTO "Car" ("Car_ID", "Brand", "Model", "Color", "Mileage", "Price", "Car_condition_ID", "Car_dealer_ID") VALUES (286, 'Mercedes', 'GLA', 'Red', 53444, 8188.28, 3, 27);
INSERT INTO "Car" ("Car_ID", "Brand", "Model", "Color", "Mileage", "Price", "Car_condition_ID", "Car_dealer_ID") VALUES (287, 'Kia', 'Stinger', 'Black', 163, 66953.51, 2, 27);
INSERT INTO "Car" ("Car_ID", "Brand", "Model", "Color", "Mileage", "Price", "Car_condition_ID", "Car_dealer_ID") VALUES (288, 'Kia', 'Picanto', 'Orange', 31333, 45736.18, 3, 9);
INSERT INTO "Car" ("Car_ID", "Brand", "Model", "Color", "Mileage", "Price", "Car_condition_ID", "Car_dealer_ID") VALUES (289, 'Mercedes', 'AMG GT', 'Green', 145129, 19871.98, 2, 23);
INSERT INTO "Car" ("Car_ID", "Brand", "Model", "Color", "Mileage", "Price", "Car_condition_ID", "Car_dealer_ID") VALUES (290, 'Hyundai', 'Ioniq 6', 'Grey', 83385, 35360.97, 2, 23);
INSERT INTO "Car" ("Car_ID", "Brand", "Model", "Color", "Mileage", "Price", "Car_condition_ID", "Car_dealer_ID") VALUES (291, 'Toyota', 'C-HR', 'Orange', 56097, 10646.95, 3, 27);
INSERT INTO "Car" ("Car_ID", "Brand", "Model", "Color", "Mileage", "Price", "Car_condition_ID", "Car_dealer_ID") VALUES (292, 'BMW', '335i', 'Green', 128413, 30835.68, 2, 4);
INSERT INTO "Car" ("Car_ID", "Brand", "Model", "Color", "Mileage", "Price", "Car_condition_ID", "Car_dealer_ID") VALUES (293, 'Volkswagen', 'Arteon', 'Green', 10346, 22183.51, 1, 8);
INSERT INTO "Car" ("Car_ID", "Brand", "Model", "Color", "Mileage", "Price", "Car_condition_ID", "Car_dealer_ID") VALUES (294, 'Kia', 'Picanto', 'Green', 158545, 72660.77, 2, 8);
INSERT INTO "Car" ("Car_ID", "Brand", "Model", "Color", "Mileage", "Price", "Car_condition_ID", "Car_dealer_ID") VALUES (295, 'Hyundai', 'Ioniq 5', 'Grey', 125167, 20248.07, 3, 12);
INSERT INTO "Car" ("Car_ID", "Brand", "Model", "Color", "Mileage", "Price", "Car_condition_ID", "Car_dealer_ID") VALUES (296, 'Nissan', 'Qashqai', 'Black', 90400, 49254.02, 2, 17);
INSERT INTO "Car" ("Car_ID", "Brand", "Model", "Color", "Mileage", "Price", "Car_condition_ID", "Car_dealer_ID") VALUES (297, 'Nissan', 'Micra', 'Yellow', 104898, 64199.8, 3, 22);
INSERT INTO "Car" ("Car_ID", "Brand", "Model", "Color", "Mileage", "Price", "Car_condition_ID", "Car_dealer_ID") VALUES (298, 'Audi', 'A6', 'White', 21667, 52905.37, 2, 11);
INSERT INTO "Car" ("Car_ID", "Brand", "Model", "Color", "Mileage", "Price", "Car_condition_ID", "Car_dealer_ID") VALUES (299, 'Nissan', 'Qashqai', 'Silver', 199933, 16952.24, 1, 6);
INSERT INTO "Car" ("Car_ID", "Brand", "Model", "Color", "Mileage", "Price", "Car_condition_ID", "Car_dealer_ID") VALUES (300, 'Hyundai', 'Tucson', 'Orange', 77367, 19620.6, 1, 3);
INSERT INTO "Car" ("Car_ID", "Brand", "Model", "Color", "Mileage", "Price", "Car_condition_ID", "Car_dealer_ID") VALUES (301, 'BMW', '335i', 'Blue', 101907, 96087.52, 3, 11);
INSERT INTO "Car" ("Car_ID", "Brand", "Model", "Color", "Mileage", "Price", "Car_condition_ID", "Car_dealer_ID") VALUES (302, 'Mercedes', 'E-Class', 'Green', 147369, 21189.75, 1, 9);
INSERT INTO "Car" ("Car_ID", "Brand", "Model", "Color", "Mileage", "Price", "Car_condition_ID", "Car_dealer_ID") VALUES (303, 'Hyundai', 'Santa Fe', 'Red', 161433, 20211.76, 3, 11);
INSERT INTO "Car" ("Car_ID", "Brand", "Model", "Color", "Mileage", "Price", "Car_condition_ID", "Car_dealer_ID") VALUES (304, 'Ford', 'Mondeo', 'Green', 42260, 12409.66, 3, 6);
INSERT INTO "Car" ("Car_ID", "Brand", "Model", "Color", "Mileage", "Price", "Car_condition_ID", "Car_dealer_ID") VALUES (305, 'Volkswagen', 'ID.4', 'Orange', 58623, 33303.6, 3, 20);
INSERT INTO "Car" ("Car_ID", "Brand", "Model", "Color", "Mileage", "Price", "Car_condition_ID", "Car_dealer_ID") VALUES (306, 'Nissan', 'X-Trail', 'Blue', 95445, 37491.59, 2, 29);
INSERT INTO "Car" ("Car_ID", "Brand", "Model", "Color", "Mileage", "Price", "Car_condition_ID", "Car_dealer_ID") VALUES (307, 'Kia', 'Rio', 'Green', 57670, 39389.95, 1, 7);
INSERT INTO "Car" ("Car_ID", "Brand", "Model", "Color", "Mileage", "Price", "Car_condition_ID", "Car_dealer_ID") VALUES (308, 'Hyundai', 'i30', 'Orange', 59180, 74501.61, 3, 11);
INSERT INTO "Car" ("Car_ID", "Brand", "Model", "Color", "Mileage", "Price", "Car_condition_ID", "Car_dealer_ID") VALUES (309, 'Volkswagen', 'Tiguan', 'Green', 117512, 80025.57, 1, 12);
INSERT INTO "Car" ("Car_ID", "Brand", "Model", "Color", "Mileage", "Price", "Car_condition_ID", "Car_dealer_ID") VALUES (310, 'Volkswagen', 'Passat', 'Red', 9923, 51024.28, 3, 14);
INSERT INTO "Car" ("Car_ID", "Brand", "Model", "Color", "Mileage", "Price", "Car_condition_ID", "Car_dealer_ID") VALUES (311, 'Kia', 'Picanto', 'Orange', 13685, 35847.18, 3, 3);
INSERT INTO "Car" ("Car_ID", "Brand", "Model", "Color", "Mileage", "Price", "Car_condition_ID", "Car_dealer_ID") VALUES (312, 'Kia', 'Sorento', 'Green', 97865, 64533.4, 1, 4);
INSERT INTO "Car" ("Car_ID", "Brand", "Model", "Color", "Mileage", "Price", "Car_condition_ID", "Car_dealer_ID") VALUES (313, 'Volkswagen', 'Touareg', 'Silver', 132164, 81501.38, 3, 3);
INSERT INTO "Car" ("Car_ID", "Brand", "Model", "Color", "Mileage", "Price", "Car_condition_ID", "Car_dealer_ID") VALUES (314, 'Hyundai', 'Kona', 'White', 71751, 53633.79, 1, 12);
INSERT INTO "Car" ("Car_ID", "Brand", "Model", "Color", "Mileage", "Price", "Car_condition_ID", "Car_dealer_ID") VALUES (315, 'Toyota', 'Corolla', 'Green', 149820, 98853.43, 3, 22);
INSERT INTO "Car" ("Car_ID", "Brand", "Model", "Color", "Mileage", "Price", "Car_condition_ID", "Car_dealer_ID") VALUES (316, 'BMW', 'M8', 'Grey', 12403, 50072.16, 2, 10);
INSERT INTO "Car" ("Car_ID", "Brand", "Model", "Color", "Mileage", "Price", "Car_condition_ID", "Car_dealer_ID") VALUES (317, 'Kia', 'Ceed', 'Black', 90405, 60818.02, 3, 29);
INSERT INTO "Car" ("Car_ID", "Brand", "Model", "Color", "Mileage", "Price", "Car_condition_ID", "Car_dealer_ID") VALUES (318, 'Kia', 'Sorento', 'Orange', 183755, 54929.63, 3, 19);
INSERT INTO "Car" ("Car_ID", "Brand", "Model", "Color", "Mileage", "Price", "Car_condition_ID", "Car_dealer_ID") VALUES (319, 'Nissan', 'Leaf', 'Black', 136627, 58699.75, 1, 20);
INSERT INTO "Car" ("Car_ID", "Brand", "Model", "Color", "Mileage", "Price", "Car_condition_ID", "Car_dealer_ID") VALUES (320, 'Hyundai', 'Ioniq 5', 'Black', 135496, 20396.28, 2, 18);
INSERT INTO "Car" ("Car_ID", "Brand", "Model", "Color", "Mileage", "Price", "Car_condition_ID", "Car_dealer_ID") VALUES (321, 'Hyundai', 'Tucson', 'Grey', 66915, 30712.93, 1, 11);
INSERT INTO "Car" ("Car_ID", "Brand", "Model", "Color", "Mileage", "Price", "Car_condition_ID", "Car_dealer_ID") VALUES (322, 'Ford', 'Focus', 'White', 152366, 18772.69, 3, 24);
INSERT INTO "Car" ("Car_ID", "Brand", "Model", "Color", "Mileage", "Price", "Car_condition_ID", "Car_dealer_ID") VALUES (323, 'BMW', '335i', 'Orange', 63681, 99592.62, 1, 14);
INSERT INTO "Car" ("Car_ID", "Brand", "Model", "Color", "Mileage", "Price", "Car_condition_ID", "Car_dealer_ID") VALUES (324, 'Kia', 'EV6', 'Orange', 33158, 90402.11, 3, 5);
INSERT INTO "Car" ("Car_ID", "Brand", "Model", "Color", "Mileage", "Price", "Car_condition_ID", "Car_dealer_ID") VALUES (325, 'Volkswagen', 'Tiguan', 'Silver', 135257, 54118.21, 1, 5);
INSERT INTO "Car" ("Car_ID", "Brand", "Model", "Color", "Mileage", "Price", "Car_condition_ID", "Car_dealer_ID") VALUES (326, 'Nissan', 'Leaf', 'Silver', 160598, 89995.21, 3, 2);
INSERT INTO "Car" ("Car_ID", "Brand", "Model", "Color", "Mileage", "Price", "Car_condition_ID", "Car_dealer_ID") VALUES (327, 'Volkswagen', 'ID.3', 'Red', 106075, 57629.07, 1, 11);
INSERT INTO "Car" ("Car_ID", "Brand", "Model", "Color", "Mileage", "Price", "Car_condition_ID", "Car_dealer_ID") VALUES (328, 'Toyota', 'Corolla', 'Red', 138174, 95776.39, 1, 16);
INSERT INTO "Car" ("Car_ID", "Brand", "Model", "Color", "Mileage", "Price", "Car_condition_ID", "Car_dealer_ID") VALUES (329, 'Audi', 'S8', 'Yellow', 184036, 68092.46, 3, 4);
INSERT INTO "Car" ("Car_ID", "Brand", "Model", "Color", "Mileage", "Price", "Car_condition_ID", "Car_dealer_ID") VALUES (330, 'Ford', 'Mustang', 'Blue', 43165, 47813.59, 2, 7);
INSERT INTO "Car" ("Car_ID", "Brand", "Model", "Color", "Mileage", "Price", "Car_condition_ID", "Car_dealer_ID") VALUES (331, 'Hyundai', 'i10', 'Yellow', 109793, 24684.15, 1, 20);
INSERT INTO "Car" ("Car_ID", "Brand", "Model", "Color", "Mileage", "Price", "Car_condition_ID", "Car_dealer_ID") VALUES (332, 'Audi', 'RS4', 'Blue', 140639, 76577.45, 1, 22);
INSERT INTO "Car" ("Car_ID", "Brand", "Model", "Color", "Mileage", "Price", "Car_condition_ID", "Car_dealer_ID") VALUES (333, 'Hyundai', 'Tucson', 'Silver', 149003, 12704.57, 3, 2);
INSERT INTO "Car" ("Car_ID", "Brand", "Model", "Color", "Mileage", "Price", "Car_condition_ID", "Car_dealer_ID") VALUES (334, 'Audi', 'S3', 'Blue', 133751, 41070.89, 1, 15);
INSERT INTO "Car" ("Car_ID", "Brand", "Model", "Color", "Mileage", "Price", "Car_condition_ID", "Car_dealer_ID") VALUES (335, 'Toyota', 'Corolla', 'Red', 70527, 95007.46, 3, 16);
INSERT INTO "Car" ("Car_ID", "Brand", "Model", "Color", "Mileage", "Price", "Car_condition_ID", "Car_dealer_ID") VALUES (336, 'BMW', 'M5', 'Black', 47365, 38424.44, 1, 23);
INSERT INTO "Car" ("Car_ID", "Brand", "Model", "Color", "Mileage", "Price", "Car_condition_ID", "Car_dealer_ID") VALUES (337, 'Kia', 'Stinger', 'White', 71820, 32051.71, 3, 12);
INSERT INTO "Car" ("Car_ID", "Brand", "Model", "Color", "Mileage", "Price", "Car_condition_ID", "Car_dealer_ID") VALUES (338, 'Volkswagen', 'ID.4', 'Black', 152672, 99059.65, 1, 16);
INSERT INTO "Car" ("Car_ID", "Brand", "Model", "Color", "Mileage", "Price", "Car_condition_ID", "Car_dealer_ID") VALUES (339, 'Nissan', 'Leaf', 'Grey', 507, 55427.7, 1, 1);
INSERT INTO "Car" ("Car_ID", "Brand", "Model", "Color", "Mileage", "Price", "Car_condition_ID", "Car_dealer_ID") VALUES (340, 'Hyundai', 'Kona', 'Silver', 175632, 33925.45, 3, 30);
INSERT INTO "Car" ("Car_ID", "Brand", "Model", "Color", "Mileage", "Price", "Car_condition_ID", "Car_dealer_ID") VALUES (341, 'Kia', 'Sportage', 'Green', 53957, 32316.0, 2, 14);
INSERT INTO "Car" ("Car_ID", "Brand", "Model", "Color", "Mileage", "Price", "Car_condition_ID", "Car_dealer_ID") VALUES (342, 'BMW', 'M3', 'Black', 197490, 74178.72, 2, 30);
INSERT INTO "Car" ("Car_ID", "Brand", "Model", "Color", "Mileage", "Price", "Car_condition_ID", "Car_dealer_ID") VALUES (343, 'Hyundai', 'i10', 'Green', 27056, 33647.85, 1, 15);
INSERT INTO "Car" ("Car_ID", "Brand", "Model", "Color", "Mileage", "Price", "Car_condition_ID", "Car_dealer_ID") VALUES (344, 'BMW', 'X6', 'Green', 33155, 20326.03, 2, 22);
INSERT INTO "Car" ("Car_ID", "Brand", "Model", "Color", "Mileage", "Price", "Car_condition_ID", "Car_dealer_ID") VALUES (345, 'Ford', 'Mondeo', 'Yellow', 181238, 10774.17, 1, 26);
INSERT INTO "Car" ("Car_ID", "Brand", "Model", "Color", "Mileage", "Price", "Car_condition_ID", "Car_dealer_ID") VALUES (346, 'Ford', 'Kuga', 'Grey', 26739, 92412.01, 2, 1);
INSERT INTO "Car" ("Car_ID", "Brand", "Model", "Color", "Mileage", "Price", "Car_condition_ID", "Car_dealer_ID") VALUES (347, 'Volkswagen', 'ID.3', 'Red', 130974, 31746.07, 1, 25);
INSERT INTO "Car" ("Car_ID", "Brand", "Model", "Color", "Mileage", "Price", "Car_condition_ID", "Car_dealer_ID") VALUES (348, 'Mercedes', 'C-Class', 'Black', 22655, 84448.72, 3, 1);
INSERT INTO "Car" ("Car_ID", "Brand", "Model", "Color", "Mileage", "Price", "Car_condition_ID", "Car_dealer_ID") VALUES (349, 'Ford', 'Explorer', 'Blue', 9083, 37692.3, 1, 16);
INSERT INTO "Car" ("Car_ID", "Brand", "Model", "Color", "Mileage", "Price", "Car_condition_ID", "Car_dealer_ID") VALUES (350, 'Audi', 'SQ3', 'Grey', 20595, 44454.82, 1, 23);
INSERT INTO "Car" ("Car_ID", "Brand", "Model", "Color", "Mileage", "Price", "Car_condition_ID", "Car_dealer_ID") VALUES (351, 'Hyundai', 'i30', 'Silver', 168622, 12518.96, 3, 10);
INSERT INTO "Car" ("Car_ID", "Brand", "Model", "Color", "Mileage", "Price", "Car_condition_ID", "Car_dealer_ID") VALUES (352, 'Mercedes', 'GLS', 'Green', 34558, 85955.24, 1, 13);
INSERT INTO "Car" ("Car_ID", "Brand", "Model", "Color", "Mileage", "Price", "Car_condition_ID", "Car_dealer_ID") VALUES (353, 'Nissan', 'Micra', 'Orange', 70618, 18777.75, 1, 13);
INSERT INTO "Car" ("Car_ID", "Brand", "Model", "Color", "Mileage", "Price", "Car_condition_ID", "Car_dealer_ID") VALUES (354, 'Volkswagen', 'Golf', 'Red', 19765, 98654.43, 3, 6);
INSERT INTO "Car" ("Car_ID", "Brand", "Model", "Color", "Mileage", "Price", "Car_condition_ID", "Car_dealer_ID") VALUES (355, 'Audi', 'RS3', 'Blue', 117281, 40481.4, 1, 13);
INSERT INTO "Car" ("Car_ID", "Brand", "Model", "Color", "Mileage", "Price", "Car_condition_ID", "Car_dealer_ID") VALUES (356, 'Volkswagen', 'T-Cross', 'Black', 178790, 16044.29, 2, 25);
INSERT INTO "Car" ("Car_ID", "Brand", "Model", "Color", "Mileage", "Price", "Car_condition_ID", "Car_dealer_ID") VALUES (357, 'BMW', '435i', 'Orange', 75551, 58810.37, 2, 3);
INSERT INTO "Car" ("Car_ID", "Brand", "Model", "Color", "Mileage", "Price", "Car_condition_ID", "Car_dealer_ID") VALUES (358, 'Kia', 'Sportage', 'Yellow', 145820, 68225.29, 1, 22);
INSERT INTO "Car" ("Car_ID", "Brand", "Model", "Color", "Mileage", "Price", "Car_condition_ID", "Car_dealer_ID") VALUES (359, 'Volkswagen', 'Golf', 'White', 28587, 70891.88, 2, 29);
INSERT INTO "Car" ("Car_ID", "Brand", "Model", "Color", "Mileage", "Price", "Car_condition_ID", "Car_dealer_ID") VALUES (360, 'Hyundai', 'i30', 'Grey', 19372, 76686.55, 2, 1);
INSERT INTO "Car" ("Car_ID", "Brand", "Model", "Color", "Mileage", "Price", "Car_condition_ID", "Car_dealer_ID") VALUES (361, 'Toyota', 'C-HR', 'White', 66332, 94548.63, 2, 6);
INSERT INTO "Car" ("Car_ID", "Brand", "Model", "Color", "Mileage", "Price", "Car_condition_ID", "Car_dealer_ID") VALUES (362, 'BMW', 'M3', 'Silver', 18463, 79488.09, 2, 20);
INSERT INTO "Car" ("Car_ID", "Brand", "Model", "Color", "Mileage", "Price", "Car_condition_ID", "Car_dealer_ID") VALUES (363, 'BMW', '440i', 'Grey', 190976, 33620.35, 1, 30);
INSERT INTO "Car" ("Car_ID", "Brand", "Model", "Color", "Mileage", "Price", "Car_condition_ID", "Car_dealer_ID") VALUES (364, 'Volkswagen', 'T-Cross', 'Blue', 100857, 67646.22, 2, 29);
INSERT INTO "Car" ("Car_ID", "Brand", "Model", "Color", "Mileage", "Price", "Car_condition_ID", "Car_dealer_ID") VALUES (365, 'Kia', 'EV6', 'White', 7302, 56116.12, 3, 29);
INSERT INTO "Car" ("Car_ID", "Brand", "Model", "Color", "Mileage", "Price", "Car_condition_ID", "Car_dealer_ID") VALUES (366, 'Volkswagen', 'Golf', 'Yellow', 167774, 97746.5, 1, 29);
INSERT INTO "Car" ("Car_ID", "Brand", "Model", "Color", "Mileage", "Price", "Car_condition_ID", "Car_dealer_ID") VALUES (367, 'Volkswagen', 'Polo', 'Green', 192078, 85800.54, 3, 22);
INSERT INTO "Car" ("Car_ID", "Brand", "Model", "Color", "Mileage", "Price", "Car_condition_ID", "Car_dealer_ID") VALUES (368, 'Mercedes', 'GLS', 'Black', 123770, 72995.3, 3, 25);
INSERT INTO "Car" ("Car_ID", "Brand", "Model", "Color", "Mileage", "Price", "Car_condition_ID", "Car_dealer_ID") VALUES (369, 'BMW', '540i', 'Blue', 166781, 37252.3, 2, 2);
INSERT INTO "Car" ("Car_ID", "Brand", "Model", "Color", "Mileage", "Price", "Car_condition_ID", "Car_dealer_ID") VALUES (370, 'Hyundai', 'Santa Fe', 'Silver', 5890, 35620.37, 3, 9);
INSERT INTO "Car" ("Car_ID", "Brand", "Model", "Color", "Mileage", "Price", "Car_condition_ID", "Car_dealer_ID") VALUES (371, 'BMW', 'X5', 'Grey', 93082, 72015.52, 3, 2);
INSERT INTO "Car" ("Car_ID", "Brand", "Model", "Color", "Mileage", "Price", "Car_condition_ID", "Car_dealer_ID") VALUES (372, 'Ford', 'Ranger', 'Grey', 161373, 48891.96, 1, 15);
INSERT INTO "Car" ("Car_ID", "Brand", "Model", "Color", "Mileage", "Price", "Car_condition_ID", "Car_dealer_ID") VALUES (373, 'Ford', 'Mondeo', 'Orange', 26229, 94637.14, 1, 13);
INSERT INTO "Car" ("Car_ID", "Brand", "Model", "Color", "Mileage", "Price", "Car_condition_ID", "Car_dealer_ID") VALUES (374, 'Audi', 'RSQ3', 'Grey', 27893, 40403.87, 3, 2);
INSERT INTO "Car" ("Car_ID", "Brand", "Model", "Color", "Mileage", "Price", "Car_condition_ID", "Car_dealer_ID") VALUES (375, 'Nissan', 'Micra', 'Yellow', 52959, 63262.53, 2, 29);
INSERT INTO "Car" ("Car_ID", "Brand", "Model", "Color", "Mileage", "Price", "Car_condition_ID", "Car_dealer_ID") VALUES (376, 'Kia', 'EV6', 'Red', 92741, 26499.68, 2, 29);
INSERT INTO "Car" ("Car_ID", "Brand", "Model", "Color", "Mileage", "Price", "Car_condition_ID", "Car_dealer_ID") VALUES (377, 'Ford', 'Edge', 'Black', 157119, 19257.22, 3, 16);
INSERT INTO "Car" ("Car_ID", "Brand", "Model", "Color", "Mileage", "Price", "Car_condition_ID", "Car_dealer_ID") VALUES (378, 'Volkswagen', 'Golf', 'White', 153607, 88075.09, 2, 19);
INSERT INTO "Car" ("Car_ID", "Brand", "Model", "Color", "Mileage", "Price", "Car_condition_ID", "Car_dealer_ID") VALUES (379, 'Audi', 'RS6', 'Green', 138662, 16012.43, 2, 11);
INSERT INTO "Car" ("Car_ID", "Brand", "Model", "Color", "Mileage", "Price", "Car_condition_ID", "Car_dealer_ID") VALUES (380, 'Toyota', 'Camry', 'Yellow', 73997, 7004.71, 2, 10);
INSERT INTO "Car" ("Car_ID", "Brand", "Model", "Color", "Mileage", "Price", "Car_condition_ID", "Car_dealer_ID") VALUES (381, 'Volkswagen', 'Tiguan', 'White', 46260, 65487.24, 3, 26);
INSERT INTO "Car" ("Car_ID", "Brand", "Model", "Color", "Mileage", "Price", "Car_condition_ID", "Car_dealer_ID") VALUES (382, 'Toyota', 'Highlander', 'Orange', 109647, 51033.66, 1, 7);
INSERT INTO "Car" ("Car_ID", "Brand", "Model", "Color", "Mileage", "Price", "Car_condition_ID", "Car_dealer_ID") VALUES (383, 'Mercedes', 'E-Class', 'Silver', 48749, 59332.28, 2, 26);
INSERT INTO "Car" ("Car_ID", "Brand", "Model", "Color", "Mileage", "Price", "Car_condition_ID", "Car_dealer_ID") VALUES (384, 'Audi', 'S6', 'White', 103956, 88412.24, 3, 7);
INSERT INTO "Car" ("Car_ID", "Brand", "Model", "Color", "Mileage", "Price", "Car_condition_ID", "Car_dealer_ID") VALUES (385, 'Hyundai', 'i20', 'White', 199686, 50626.78, 3, 24);
INSERT INTO "Car" ("Car_ID", "Brand", "Model", "Color", "Mileage", "Price", "Car_condition_ID", "Car_dealer_ID") VALUES (386, 'BMW', 'X6', 'Red', 1837, 13396.01, 2, 21);
INSERT INTO "Car" ("Car_ID", "Brand", "Model", "Color", "Mileage", "Price", "Car_condition_ID", "Car_dealer_ID") VALUES (387, 'Audi', 'RS3', 'White', 164495, 10876.03, 1, 9);
INSERT INTO "Car" ("Car_ID", "Brand", "Model", "Color", "Mileage", "Price", "Car_condition_ID", "Car_dealer_ID") VALUES (388, 'Ford', 'Focus', 'Orange', 128949, 49403.6, 2, 16);
INSERT INTO "Car" ("Car_ID", "Brand", "Model", "Color", "Mileage", "Price", "Car_condition_ID", "Car_dealer_ID") VALUES (389, 'Nissan', 'Micra', 'Yellow', 29506, 80140.49, 1, 14);
INSERT INTO "Car" ("Car_ID", "Brand", "Model", "Color", "Mileage", "Price", "Car_condition_ID", "Car_dealer_ID") VALUES (390, 'Volkswagen', 'Tiguan', 'Orange', 65136, 21566.84, 2, 10);
INSERT INTO "Car" ("Car_ID", "Brand", "Model", "Color", "Mileage", "Price", "Car_condition_ID", "Car_dealer_ID") VALUES (391, 'Toyota', 'C-HR', 'Yellow', 154576, 90549.7, 1, 9);
INSERT INTO "Car" ("Car_ID", "Brand", "Model", "Color", "Mileage", "Price", "Car_condition_ID", "Car_dealer_ID") VALUES (392, 'Kia', 'Stinger', 'Grey', 43289, 23763.89, 2, 16);
INSERT INTO "Car" ("Car_ID", "Brand", "Model", "Color", "Mileage", "Price", "Car_condition_ID", "Car_dealer_ID") VALUES (393, 'Mercedes', 'S-Class', 'White', 54332, 46516.18, 1, 13);
INSERT INTO "Car" ("Car_ID", "Brand", "Model", "Color", "Mileage", "Price", "Car_condition_ID", "Car_dealer_ID") VALUES (394, 'Volkswagen', 'ID.4', 'Orange', 65687, 93709.06, 1, 10);
INSERT INTO "Car" ("Car_ID", "Brand", "Model", "Color", "Mileage", "Price", "Car_condition_ID", "Car_dealer_ID") VALUES (395, 'Nissan', 'Qashqai', 'Blue', 127692, 65063.57, 3, 24);
INSERT INTO "Car" ("Car_ID", "Brand", "Model", "Color", "Mileage", "Price", "Car_condition_ID", "Car_dealer_ID") VALUES (396, 'Ford', 'Mondeo', 'Green', 197598, 41653.14, 2, 28);
INSERT INTO "Car" ("Car_ID", "Brand", "Model", "Color", "Mileage", "Price", "Car_condition_ID", "Car_dealer_ID") VALUES (397, 'Toyota', 'Prius', 'Green', 47170, 78627.62, 1, 20);
INSERT INTO "Car" ("Car_ID", "Brand", "Model", "Color", "Mileage", "Price", "Car_condition_ID", "Car_dealer_ID") VALUES (398, 'Volkswagen', 'Passat', 'Silver', 78076, 34774.96, 2, 16);
INSERT INTO "Car" ("Car_ID", "Brand", "Model", "Color", "Mileage", "Price", "Car_condition_ID", "Car_dealer_ID") VALUES (399, 'BMW', 'X3', 'Blue', 189963, 55659.36, 1, 9);
INSERT INTO "Car" ("Car_ID", "Brand", "Model", "Color", "Mileage", "Price", "Car_condition_ID", "Car_dealer_ID") VALUES (400, 'Ford', 'Kuga', 'Grey', 187001, 89795.88, 2, 30);
INSERT INTO "Car" ("Car_ID", "Brand", "Model", "Color", "Mileage", "Price", "Car_condition_ID", "Car_dealer_ID") VALUES (401, 'Audi', 'RS3', 'Yellow', 15751, 89838.73, 3, 1);
INSERT INTO "Car" ("Car_ID", "Brand", "Model", "Color", "Mileage", "Price", "Car_condition_ID", "Car_dealer_ID") VALUES (402, 'Audi', 'A1', 'Grey', 69829, 48943.51, 1, 23);
INSERT INTO "Car" ("Car_ID", "Brand", "Model", "Color", "Mileage", "Price", "Car_condition_ID", "Car_dealer_ID") VALUES (403, 'Mercedes', 'A-Class', 'Blue', 28868, 91965.54, 3, 28);
INSERT INTO "Car" ("Car_ID", "Brand", "Model", "Color", "Mileage", "Price", "Car_condition_ID", "Car_dealer_ID") VALUES (404, 'Toyota', 'Yaris', 'White', 70556, 64605.27, 2, 11);
INSERT INTO "Car" ("Car_ID", "Brand", "Model", "Color", "Mileage", "Price", "Car_condition_ID", "Car_dealer_ID") VALUES (405, 'Audi', 'S7', 'White', 64677, 97011.11, 3, 27);
INSERT INTO "Car" ("Car_ID", "Brand", "Model", "Color", "Mileage", "Price", "Car_condition_ID", "Car_dealer_ID") VALUES (406, 'Audi', 'SQ3', 'Green', 8222, 53226.34, 3, 16);
INSERT INTO "Car" ("Car_ID", "Brand", "Model", "Color", "Mileage", "Price", "Car_condition_ID", "Car_dealer_ID") VALUES (407, 'Hyundai', 'Kona', 'Silver', 196412, 62235.15, 2, 28);
INSERT INTO "Car" ("Car_ID", "Brand", "Model", "Color", "Mileage", "Price", "Car_condition_ID", "Car_dealer_ID") VALUES (408, 'Toyota', 'Camry', 'Yellow', 164408, 62796.78, 2, 3);
INSERT INTO "Car" ("Car_ID", "Brand", "Model", "Color", "Mileage", "Price", "Car_condition_ID", "Car_dealer_ID") VALUES (409, 'Hyundai', 'i20', 'Red', 192576, 68574.22, 2, 3);
INSERT INTO "Car" ("Car_ID", "Brand", "Model", "Color", "Mileage", "Price", "Car_condition_ID", "Car_dealer_ID") VALUES (410, 'Nissan', 'X-Trail', 'Black', 167625, 96604.92, 2, 11);
INSERT INTO "Car" ("Car_ID", "Brand", "Model", "Color", "Mileage", "Price", "Car_condition_ID", "Car_dealer_ID") VALUES (411, 'Volkswagen', 'T-Cross', 'Grey', 142867, 53643.04, 1, 29);
INSERT INTO "Car" ("Car_ID", "Brand", "Model", "Color", "Mileage", "Price", "Car_condition_ID", "Car_dealer_ID") VALUES (412, 'Mercedes', 'A-Class', 'Red', 92311, 33683.62, 2, 15);
INSERT INTO "Car" ("Car_ID", "Brand", "Model", "Color", "Mileage", "Price", "Car_condition_ID", "Car_dealer_ID") VALUES (413, 'Mercedes', 'GLS', 'White', 142591, 47277.55, 3, 10);
INSERT INTO "Car" ("Car_ID", "Brand", "Model", "Color", "Mileage", "Price", "Car_condition_ID", "Car_dealer_ID") VALUES (414, 'BMW', '435i', 'Black', 22399, 65515.32, 2, 5);
INSERT INTO "Car" ("Car_ID", "Brand", "Model", "Color", "Mileage", "Price", "Car_condition_ID", "Car_dealer_ID") VALUES (415, 'Volkswagen', 'Polo', 'Black', 189802, 86983.74, 1, 30);
INSERT INTO "Car" ("Car_ID", "Brand", "Model", "Color", "Mileage", "Price", "Car_condition_ID", "Car_dealer_ID") VALUES (416, 'BMW', '340i', 'Black', 180211, 50763.91, 1, 14);
INSERT INTO "Car" ("Car_ID", "Brand", "Model", "Color", "Mileage", "Price", "Car_condition_ID", "Car_dealer_ID") VALUES (417, 'Kia', 'Sportage', 'Yellow', 55387, 30815.19, 1, 27);
INSERT INTO "Car" ("Car_ID", "Brand", "Model", "Color", "Mileage", "Price", "Car_condition_ID", "Car_dealer_ID") VALUES (418, 'Volkswagen', 'Touareg', 'Green', 60223, 11048.99, 2, 23);
INSERT INTO "Car" ("Car_ID", "Brand", "Model", "Color", "Mileage", "Price", "Car_condition_ID", "Car_dealer_ID") VALUES (419, 'Mercedes', 'C-Class', 'Red', 183968, 15496.48, 3, 4);
INSERT INTO "Car" ("Car_ID", "Brand", "Model", "Color", "Mileage", "Price", "Car_condition_ID", "Car_dealer_ID") VALUES (420, 'Audi', 'RSQ3', 'Orange', 188691, 43545.36, 1, 12);
INSERT INTO "Car" ("Car_ID", "Brand", "Model", "Color", "Mileage", "Price", "Car_condition_ID", "Car_dealer_ID") VALUES (421, 'Nissan', 'Juke', 'Red', 99606, 73546.9, 3, 4);
INSERT INTO "Car" ("Car_ID", "Brand", "Model", "Color", "Mileage", "Price", "Car_condition_ID", "Car_dealer_ID") VALUES (422, 'Mercedes', 'S-Class', 'Blue', 51193, 66986.74, 1, 13);
INSERT INTO "Car" ("Car_ID", "Brand", "Model", "Color", "Mileage", "Price", "Car_condition_ID", "Car_dealer_ID") VALUES (423, 'Ford', 'Fiesta', 'Blue', 69118, 39699.22, 2, 26);
INSERT INTO "Car" ("Car_ID", "Brand", "Model", "Color", "Mileage", "Price", "Car_condition_ID", "Car_dealer_ID") VALUES (424, 'Mercedes', 'E-Class', 'Yellow', 182385, 7531.09, 1, 18);
INSERT INTO "Car" ("Car_ID", "Brand", "Model", "Color", "Mileage", "Price", "Car_condition_ID", "Car_dealer_ID") VALUES (425, 'Kia', 'Picanto', 'Black', 12135, 80737.85, 1, 15);
INSERT INTO "Car" ("Car_ID", "Brand", "Model", "Color", "Mileage", "Price", "Car_condition_ID", "Car_dealer_ID") VALUES (426, 'Nissan', 'Leaf', 'Yellow', 159934, 9272.27, 1, 25);
INSERT INTO "Car" ("Car_ID", "Brand", "Model", "Color", "Mileage", "Price", "Car_condition_ID", "Car_dealer_ID") VALUES (427, 'Toyota', 'RAV4', 'Grey', 192926, 6619.92, 3, 26);
INSERT INTO "Car" ("Car_ID", "Brand", "Model", "Color", "Mileage", "Price", "Car_condition_ID", "Car_dealer_ID") VALUES (428, 'Mercedes', 'GLA', 'White', 100520, 33391.8, 1, 24);
INSERT INTO "Car" ("Car_ID", "Brand", "Model", "Color", "Mileage", "Price", "Car_condition_ID", "Car_dealer_ID") VALUES (429, 'Nissan', 'Qashqai', 'Silver', 9449, 17179.83, 2, 21);
INSERT INTO "Car" ("Car_ID", "Brand", "Model", "Color", "Mileage", "Price", "Car_condition_ID", "Car_dealer_ID") VALUES (430, 'Ford', 'Mustang', 'Yellow', 97795, 44519.4, 1, 16);
INSERT INTO "Car" ("Car_ID", "Brand", "Model", "Color", "Mileage", "Price", "Car_condition_ID", "Car_dealer_ID") VALUES (431, 'Mercedes', 'AMG GT', 'Green', 115308, 28912.25, 1, 29);
INSERT INTO "Car" ("Car_ID", "Brand", "Model", "Color", "Mileage", "Price", "Car_condition_ID", "Car_dealer_ID") VALUES (432, 'Ford', 'F-150', 'White', 136747, 68605.0, 2, 12);
INSERT INTO "Car" ("Car_ID", "Brand", "Model", "Color", "Mileage", "Price", "Car_condition_ID", "Car_dealer_ID") VALUES (433, 'Mercedes', 'GLC', 'Green', 114182, 8911.25, 3, 19);
INSERT INTO "Car" ("Car_ID", "Brand", "Model", "Color", "Mileage", "Price", "Car_condition_ID", "Car_dealer_ID") VALUES (434, 'Audi', 'S6', 'White', 171856, 58851.31, 2, 20);
INSERT INTO "Car" ("Car_ID", "Brand", "Model", "Color", "Mileage", "Price", "Car_condition_ID", "Car_dealer_ID") VALUES (435, 'Volkswagen', 'Arteon', 'Yellow', 8018, 68923.81, 2, 21);
INSERT INTO "Car" ("Car_ID", "Brand", "Model", "Color", "Mileage", "Price", "Car_condition_ID", "Car_dealer_ID") VALUES (436, 'Hyundai', 'Ioniq 6', 'Silver', 170132, 75217.36, 2, 21);
INSERT INTO "Car" ("Car_ID", "Brand", "Model", "Color", "Mileage", "Price", "Car_condition_ID", "Car_dealer_ID") VALUES (437, 'Ford', 'Explorer', 'Grey', 63977, 85268.1, 3, 15);
INSERT INTO "Car" ("Car_ID", "Brand", "Model", "Color", "Mileage", "Price", "Car_condition_ID", "Car_dealer_ID") VALUES (438, 'Nissan', 'X-Trail', 'Yellow', 90384, 29800.86, 3, 27);
INSERT INTO "Car" ("Car_ID", "Brand", "Model", "Color", "Mileage", "Price", "Car_condition_ID", "Car_dealer_ID") VALUES (439, 'Mercedes', 'GLE', 'Yellow', 1038, 17823.14, 2, 4);
INSERT INTO "Car" ("Car_ID", "Brand", "Model", "Color", "Mileage", "Price", "Car_condition_ID", "Car_dealer_ID") VALUES (440, 'Nissan', 'Qashqai', 'Red', 114203, 21587.05, 1, 9);
INSERT INTO "Car" ("Car_ID", "Brand", "Model", "Color", "Mileage", "Price", "Car_condition_ID", "Car_dealer_ID") VALUES (441, 'Mercedes', 'A-Class', 'Yellow', 183128, 8084.3, 3, 10);
INSERT INTO "Car" ("Car_ID", "Brand", "Model", "Color", "Mileage", "Price", "Car_condition_ID", "Car_dealer_ID") VALUES (442, 'Audi', 'RS7', 'Black', 7996, 89902.45, 1, 15);
INSERT INTO "Car" ("Car_ID", "Brand", "Model", "Color", "Mileage", "Price", "Car_condition_ID", "Car_dealer_ID") VALUES (443, 'Audi', 'A8', 'Red', 99577, 45197.74, 2, 25);
INSERT INTO "Car" ("Car_ID", "Brand", "Model", "Color", "Mileage", "Price", "Car_condition_ID", "Car_dealer_ID") VALUES (444, 'Volkswagen', 'ID.Buzz', 'Grey', 122921, 5322.08, 1, 3);
INSERT INTO "Car" ("Car_ID", "Brand", "Model", "Color", "Mileage", "Price", "Car_condition_ID", "Car_dealer_ID") VALUES (445, 'Mercedes', 'C-Class', 'Yellow', 88901, 79529.89, 2, 3);
INSERT INTO "Car" ("Car_ID", "Brand", "Model", "Color", "Mileage", "Price", "Car_condition_ID", "Car_dealer_ID") VALUES (446, 'Hyundai', 'Ioniq 5', 'Red', 122237, 77354.98, 1, 29);
INSERT INTO "Car" ("Car_ID", "Brand", "Model", "Color", "Mileage", "Price", "Car_condition_ID", "Car_dealer_ID") VALUES (447, 'Toyota', 'Yaris', 'Green', 134701, 25591.08, 1, 7);
INSERT INTO "Car" ("Car_ID", "Brand", "Model", "Color", "Mileage", "Price", "Car_condition_ID", "Car_dealer_ID") VALUES (448, 'Mercedes', 'A-Class', 'Red', 11255, 52204.14, 1, 13);
INSERT INTO "Car" ("Car_ID", "Brand", "Model", "Color", "Mileage", "Price", "Car_condition_ID", "Car_dealer_ID") VALUES (449, 'Kia', 'EV6', 'Silver', 199424, 96621.2, 3, 17);
INSERT INTO "Car" ("Car_ID", "Brand", "Model", "Color", "Mileage", "Price", "Car_condition_ID", "Car_dealer_ID") VALUES (450, 'Mercedes', 'GLA', 'Silver', 133427, 94733.36, 3, 27);
INSERT INTO "Car" ("Car_ID", "Brand", "Model", "Color", "Mileage", "Price", "Car_condition_ID", "Car_dealer_ID") VALUES (451, 'Volkswagen', 'Polo', 'Orange', 20024, 21400.73, 2, 8);
INSERT INTO "Car" ("Car_ID", "Brand", "Model", "Color", "Mileage", "Price", "Car_condition_ID", "Car_dealer_ID") VALUES (452, 'Ford', 'Kuga', 'Green', 102292, 83768.65, 3, 8);
INSERT INTO "Car" ("Car_ID", "Brand", "Model", "Color", "Mileage", "Price", "Car_condition_ID", "Car_dealer_ID") VALUES (453, 'Hyundai', 'i20', 'Yellow', 183135, 40050.82, 3, 25);
INSERT INTO "Car" ("Car_ID", "Brand", "Model", "Color", "Mileage", "Price", "Car_condition_ID", "Car_dealer_ID") VALUES (454, 'Nissan', 'Qashqai', 'Black', 32816, 13150.13, 2, 28);
INSERT INTO "Car" ("Car_ID", "Brand", "Model", "Color", "Mileage", "Price", "Car_condition_ID", "Car_dealer_ID") VALUES (455, 'Toyota', 'Yaris', 'Black', 151750, 91411.16, 2, 4);
INSERT INTO "Car" ("Car_ID", "Brand", "Model", "Color", "Mileage", "Price", "Car_condition_ID", "Car_dealer_ID") VALUES (456, 'Volkswagen', 'T-Cross', 'Orange', 72132, 49591.82, 1, 5);
INSERT INTO "Car" ("Car_ID", "Brand", "Model", "Color", "Mileage", "Price", "Car_condition_ID", "Car_dealer_ID") VALUES (457, 'Kia', 'Sportage', 'Blue', 154053, 82041.86, 1, 4);
INSERT INTO "Car" ("Car_ID", "Brand", "Model", "Color", "Mileage", "Price", "Car_condition_ID", "Car_dealer_ID") VALUES (458, 'Ford', 'Explorer', 'White', 80486, 98551.16, 1, 27);
INSERT INTO "Car" ("Car_ID", "Brand", "Model", "Color", "Mileage", "Price", "Car_condition_ID", "Car_dealer_ID") VALUES (459, 'Kia', 'Sportage', 'Silver', 161841, 31558.23, 1, 3);
INSERT INTO "Car" ("Car_ID", "Brand", "Model", "Color", "Mileage", "Price", "Car_condition_ID", "Car_dealer_ID") VALUES (460, 'Toyota', 'Camry', 'Orange', 160292, 86073.56, 1, 8);
INSERT INTO "Car" ("Car_ID", "Brand", "Model", "Color", "Mileage", "Price", "Car_condition_ID", "Car_dealer_ID") VALUES (461, 'Kia', 'Rio', 'Yellow', 67407, 42524.96, 3, 25);
INSERT INTO "Car" ("Car_ID", "Brand", "Model", "Color", "Mileage", "Price", "Car_condition_ID", "Car_dealer_ID") VALUES (462, 'BMW', '335i', 'White', 14545, 16533.21, 1, 11);
INSERT INTO "Car" ("Car_ID", "Brand", "Model", "Color", "Mileage", "Price", "Car_condition_ID", "Car_dealer_ID") VALUES (463, 'Volkswagen', 'T-Cross', 'Grey', 18203, 51331.71, 3, 26);
INSERT INTO "Car" ("Car_ID", "Brand", "Model", "Color", "Mileage", "Price", "Car_condition_ID", "Car_dealer_ID") VALUES (464, 'Audi', 'SQ3', 'Orange', 76625, 57504.72, 2, 9);
INSERT INTO "Car" ("Car_ID", "Brand", "Model", "Color", "Mileage", "Price", "Car_condition_ID", "Car_dealer_ID") VALUES (465, 'Mercedes', 'C-Class', 'Red', 53816, 9543.93, 1, 12);
INSERT INTO "Car" ("Car_ID", "Brand", "Model", "Color", "Mileage", "Price", "Car_condition_ID", "Car_dealer_ID") VALUES (466, 'Volkswagen', 'Touareg', 'Blue', 57184, 78502.62, 3, 8);
INSERT INTO "Car" ("Car_ID", "Brand", "Model", "Color", "Mileage", "Price", "Car_condition_ID", "Car_dealer_ID") VALUES (467, 'Volkswagen', 'Polo', 'Red', 59215, 68843.1, 3, 22);
INSERT INTO "Car" ("Car_ID", "Brand", "Model", "Color", "Mileage", "Price", "Car_condition_ID", "Car_dealer_ID") VALUES (468, 'Toyota', 'Supra', 'Blue', 52681, 43289.19, 1, 3);
INSERT INTO "Car" ("Car_ID", "Brand", "Model", "Color", "Mileage", "Price", "Car_condition_ID", "Car_dealer_ID") VALUES (469, 'Mercedes', 'GLC', 'Silver', 69131, 6412.11, 3, 4);
INSERT INTO "Car" ("Car_ID", "Brand", "Model", "Color", "Mileage", "Price", "Car_condition_ID", "Car_dealer_ID") VALUES (470, 'Nissan', 'Ariya', 'Red', 52569, 39802.11, 3, 26);
INSERT INTO "Car" ("Car_ID", "Brand", "Model", "Color", "Mileage", "Price", "Car_condition_ID", "Car_dealer_ID") VALUES (471, 'Mercedes', 'CLA', 'Black', 12139, 75888.09, 3, 17);
INSERT INTO "Car" ("Car_ID", "Brand", "Model", "Color", "Mileage", "Price", "Car_condition_ID", "Car_dealer_ID") VALUES (472, 'Kia', 'EV6', 'Silver', 146249, 16176.26, 1, 28);
INSERT INTO "Car" ("Car_ID", "Brand", "Model", "Color", "Mileage", "Price", "Car_condition_ID", "Car_dealer_ID") VALUES (473, 'Volkswagen', 'Arteon', 'Grey', 83311, 67638.37, 2, 4);
INSERT INTO "Car" ("Car_ID", "Brand", "Model", "Color", "Mileage", "Price", "Car_condition_ID", "Car_dealer_ID") VALUES (474, 'BMW', '520i', 'Blue', 172958, 88221.16, 3, 1);
INSERT INTO "Car" ("Car_ID", "Brand", "Model", "Color", "Mileage", "Price", "Car_condition_ID", "Car_dealer_ID") VALUES (475, 'Mercedes', 'E-Class', 'White', 26154, 87633.35, 1, 25);
INSERT INTO "Car" ("Car_ID", "Brand", "Model", "Color", "Mileage", "Price", "Car_condition_ID", "Car_dealer_ID") VALUES (476, 'Ford', 'Ranger', 'Grey', 87495, 91612.99, 2, 7);
INSERT INTO "Car" ("Car_ID", "Brand", "Model", "Color", "Mileage", "Price", "Car_condition_ID", "Car_dealer_ID") VALUES (477, 'Mercedes', 'C-Class', 'Red', 94506, 13423.06, 3, 7);
INSERT INTO "Car" ("Car_ID", "Brand", "Model", "Color", "Mileage", "Price", "Car_condition_ID", "Car_dealer_ID") VALUES (478, 'Hyundai', 'Santa Fe', 'Red', 46411, 88261.12, 2, 13);
INSERT INTO "Car" ("Car_ID", "Brand", "Model", "Color", "Mileage", "Price", "Car_condition_ID", "Car_dealer_ID") VALUES (479, 'Kia', 'Picanto', 'Green', 54676, 17179.64, 3, 21);
INSERT INTO "Car" ("Car_ID", "Brand", "Model", "Color", "Mileage", "Price", "Car_condition_ID", "Car_dealer_ID") VALUES (480, 'BMW', 'Z4', 'White', 148697, 74425.42, 2, 17);
INSERT INTO "Car" ("Car_ID", "Brand", "Model", "Color", "Mileage", "Price", "Car_condition_ID", "Car_dealer_ID") VALUES (481, 'Toyota', 'Corolla', 'Red', 136068, 69310.99, 2, 8);
INSERT INTO "Car" ("Car_ID", "Brand", "Model", "Color", "Mileage", "Price", "Car_condition_ID", "Car_dealer_ID") VALUES (482, 'Hyundai', 'i30', 'White', 185641, 98890.02, 3, 2);
INSERT INTO "Car" ("Car_ID", "Brand", "Model", "Color", "Mileage", "Price", "Car_condition_ID", "Car_dealer_ID") VALUES (483, 'Ford', 'Edge', 'Red', 132467, 92788.79, 3, 26);
INSERT INTO "Car" ("Car_ID", "Brand", "Model", "Color", "Mileage", "Price", "Car_condition_ID", "Car_dealer_ID") VALUES (484, 'Kia', 'EV6', 'White', 67583, 67865.5, 1, 28);
INSERT INTO "Car" ("Car_ID", "Brand", "Model", "Color", "Mileage", "Price", "Car_condition_ID", "Car_dealer_ID") VALUES (485, 'Audi', 'RS5', 'Orange', 9125, 5574.79, 3, 15);
INSERT INTO "Car" ("Car_ID", "Brand", "Model", "Color", "Mileage", "Price", "Car_condition_ID", "Car_dealer_ID") VALUES (486, 'Audi', 'A1', 'Silver', 123533, 71094.2, 2, 5);
INSERT INTO "Car" ("Car_ID", "Brand", "Model", "Color", "Mileage", "Price", "Car_condition_ID", "Car_dealer_ID") VALUES (487, 'Nissan', 'Qashqai', 'White', 103364, 32406.2, 3, 11);
INSERT INTO "Car" ("Car_ID", "Brand", "Model", "Color", "Mileage", "Price", "Car_condition_ID", "Car_dealer_ID") VALUES (488, 'Mercedes', 'GLS', 'Blue', 109301, 94300.22, 1, 23);
INSERT INTO "Car" ("Car_ID", "Brand", "Model", "Color", "Mileage", "Price", "Car_condition_ID", "Car_dealer_ID") VALUES (489, 'Kia', 'Rio', 'Yellow', 110580, 37613.97, 3, 8);
INSERT INTO "Car" ("Car_ID", "Brand", "Model", "Color", "Mileage", "Price", "Car_condition_ID", "Car_dealer_ID") VALUES (490, 'Audi', 'RS5', 'Yellow', 68484, 44558.47, 3, 10);
INSERT INTO "Car" ("Car_ID", "Brand", "Model", "Color", "Mileage", "Price", "Car_condition_ID", "Car_dealer_ID") VALUES (491, 'Hyundai', 'i30', 'Orange', 171232, 69646.58, 2, 10);
INSERT INTO "Car" ("Car_ID", "Brand", "Model", "Color", "Mileage", "Price", "Car_condition_ID", "Car_dealer_ID") VALUES (492, 'Nissan', 'Micra', 'Black', 5176, 15177.77, 3, 29);
INSERT INTO "Car" ("Car_ID", "Brand", "Model", "Color", "Mileage", "Price", "Car_condition_ID", "Car_dealer_ID") VALUES (493, 'BMW', 'Z4', 'Orange', 193956, 25620.49, 3, 23);
INSERT INTO "Car" ("Car_ID", "Brand", "Model", "Color", "Mileage", "Price", "Car_condition_ID", "Car_dealer_ID") VALUES (494, 'BMW', '420i', 'Silver', 6178, 65191.92, 2, 27);
INSERT INTO "Car" ("Car_ID", "Brand", "Model", "Color", "Mileage", "Price", "Car_condition_ID", "Car_dealer_ID") VALUES (495, 'BMW', '435i', 'Orange', 25286, 58634.33, 3, 21);
INSERT INTO "Car" ("Car_ID", "Brand", "Model", "Color", "Mileage", "Price", "Car_condition_ID", "Car_dealer_ID") VALUES (496, 'Toyota', 'Land Cruiser', 'Orange', 10333, 67340.65, 3, 26);
INSERT INTO "Car" ("Car_ID", "Brand", "Model", "Color", "Mileage", "Price", "Car_condition_ID", "Car_dealer_ID") VALUES (497, 'Ford', 'Mondeo', 'Orange', 109494, 15607.0, 3, 14);
INSERT INTO "Car" ("Car_ID", "Brand", "Model", "Color", "Mileage", "Price", "Car_condition_ID", "Car_dealer_ID") VALUES (498, 'Kia', 'Sorento', 'Yellow', 90820, 50180.42, 2, 4);
INSERT INTO "Car" ("Car_ID", "Brand", "Model", "Color", "Mileage", "Price", "Car_condition_ID", "Car_dealer_ID") VALUES (499, 'Volkswagen', 'T-Cross', 'Blue', 105623, 50286.9, 1, 20);
INSERT INTO "Car" ("Car_ID", "Brand", "Model", "Color", "Mileage", "Price", "Car_condition_ID", "Car_dealer_ID") VALUES (500, 'Kia', 'EV6', 'Silver', 34388, 55063.05, 1, 22);
INSERT INTO "Car" ("Car_ID", "Brand", "Model", "Color", "Mileage", "Price", "Car_condition_ID", "Car_dealer_ID") VALUES (501, 'Kia', 'Sorento', 'Red', 89754, 76893.89, 1, 21);
INSERT INTO "Car" ("Car_ID", "Brand", "Model", "Color", "Mileage", "Price", "Car_condition_ID", "Car_dealer_ID") VALUES (502, 'Volkswagen', 'ID.Buzz', 'Silver', 136339, 10567.92, 1, 8);
INSERT INTO "Car" ("Car_ID", "Brand", "Model", "Color", "Mileage", "Price", "Car_condition_ID", "Car_dealer_ID") VALUES (503, 'Nissan', 'Navara', 'Orange', 96319, 64817.17, 1, 11);
INSERT INTO "Car" ("Car_ID", "Brand", "Model", "Color", "Mileage", "Price", "Car_condition_ID", "Car_dealer_ID") VALUES (504, 'Mercedes', 'AMG GT', 'Blue', 74596, 25717.47, 3, 25);
INSERT INTO "Car" ("Car_ID", "Brand", "Model", "Color", "Mileage", "Price", "Car_condition_ID", "Car_dealer_ID") VALUES (505, 'BMW', '520i', 'Silver', 162077, 25592.77, 1, 16);
INSERT INTO "Car" ("Car_ID", "Brand", "Model", "Color", "Mileage", "Price", "Car_condition_ID", "Car_dealer_ID") VALUES (506, 'Nissan', 'Qashqai', 'Silver', 14269, 87073.06, 2, 18);
INSERT INTO "Car" ("Car_ID", "Brand", "Model", "Color", "Mileage", "Price", "Car_condition_ID", "Car_dealer_ID") VALUES (507, 'Hyundai', 'i30', 'Blue', 123844, 11685.06, 3, 2);
INSERT INTO "Car" ("Car_ID", "Brand", "Model", "Color", "Mileage", "Price", "Car_condition_ID", "Car_dealer_ID") VALUES (508, 'Hyundai', 'Tucson', 'Yellow', 92451, 93421.44, 3, 18);
INSERT INTO "Car" ("Car_ID", "Brand", "Model", "Color", "Mileage", "Price", "Car_condition_ID", "Car_dealer_ID") VALUES (509, 'Kia', 'Sorento', 'Red', 63540, 23249.43, 1, 23);
INSERT INTO "Car" ("Car_ID", "Brand", "Model", "Color", "Mileage", "Price", "Car_condition_ID", "Car_dealer_ID") VALUES (510, 'Nissan', 'Qashqai', 'Black', 46117, 74500.76, 1, 4);
INSERT INTO "Car" ("Car_ID", "Brand", "Model", "Color", "Mileage", "Price", "Car_condition_ID", "Car_dealer_ID") VALUES (511, 'Ford', 'F-150', 'White', 82266, 26800.51, 3, 27);
INSERT INTO "Car" ("Car_ID", "Brand", "Model", "Color", "Mileage", "Price", "Car_condition_ID", "Car_dealer_ID") VALUES (512, 'Nissan', 'Leaf', 'Green', 61370, 53226.61, 2, 25);
INSERT INTO "Car" ("Car_ID", "Brand", "Model", "Color", "Mileage", "Price", "Car_condition_ID", "Car_dealer_ID") VALUES (513, 'Nissan', 'Juke', 'Orange', 178940, 52006.72, 3, 26);
INSERT INTO "Car" ("Car_ID", "Brand", "Model", "Color", "Mileage", "Price", "Car_condition_ID", "Car_dealer_ID") VALUES (514, 'Mercedes', 'GLC', 'Silver', 43023, 34211.76, 3, 26);
INSERT INTO "Car" ("Car_ID", "Brand", "Model", "Color", "Mileage", "Price", "Car_condition_ID", "Car_dealer_ID") VALUES (515, 'Audi', 'RS4', 'Green', 189507, 56067.52, 2, 10);
INSERT INTO "Car" ("Car_ID", "Brand", "Model", "Color", "Mileage", "Price", "Car_condition_ID", "Car_dealer_ID") VALUES (516, 'Volkswagen', 'Touareg', 'White', 7984, 10233.22, 3, 2);
INSERT INTO "Car" ("Car_ID", "Brand", "Model", "Color", "Mileage", "Price", "Car_condition_ID", "Car_dealer_ID") VALUES (517, 'Volkswagen', 'ID.3', 'Black', 166192, 76241.68, 2, 13);
INSERT INTO "Car" ("Car_ID", "Brand", "Model", "Color", "Mileage", "Price", "Car_condition_ID", "Car_dealer_ID") VALUES (518, 'Toyota', 'C-HR', 'White', 109683, 34380.24, 2, 17);
INSERT INTO "Car" ("Car_ID", "Brand", "Model", "Color", "Mileage", "Price", "Car_condition_ID", "Car_dealer_ID") VALUES (519, 'Mercedes', 'E-Class', 'White', 141838, 98777.94, 3, 7);
INSERT INTO "Car" ("Car_ID", "Brand", "Model", "Color", "Mileage", "Price", "Car_condition_ID", "Car_dealer_ID") VALUES (520, 'Toyota', 'Highlander', 'White', 86289, 44188.42, 3, 11);
INSERT INTO "Car" ("Car_ID", "Brand", "Model", "Color", "Mileage", "Price", "Car_condition_ID", "Car_dealer_ID") VALUES (521, 'Ford', 'Mustang', 'Black', 91449, 29432.26, 3, 12);
INSERT INTO "Car" ("Car_ID", "Brand", "Model", "Color", "Mileage", "Price", "Car_condition_ID", "Car_dealer_ID") VALUES (522, 'Toyota', 'Prius', 'Silver', 65305, 77933.93, 2, 17);
INSERT INTO "Car" ("Car_ID", "Brand", "Model", "Color", "Mileage", "Price", "Car_condition_ID", "Car_dealer_ID") VALUES (523, 'Audi', 'A1', 'Yellow', 37797, 13852.07, 1, 21);
INSERT INTO "Car" ("Car_ID", "Brand", "Model", "Color", "Mileage", "Price", "Car_condition_ID", "Car_dealer_ID") VALUES (524, 'Mercedes', 'C-Class', 'Grey', 170917, 76092.04, 1, 19);
INSERT INTO "Car" ("Car_ID", "Brand", "Model", "Color", "Mileage", "Price", "Car_condition_ID", "Car_dealer_ID") VALUES (525, 'Audi', 'A7', 'Silver', 92037, 79103.23, 1, 17);
INSERT INTO "Car" ("Car_ID", "Brand", "Model", "Color", "Mileage", "Price", "Car_condition_ID", "Car_dealer_ID") VALUES (526, 'BMW', 'Z4', 'Red', 125977, 22733.25, 3, 9);
INSERT INTO "Car" ("Car_ID", "Brand", "Model", "Color", "Mileage", "Price", "Car_condition_ID", "Car_dealer_ID") VALUES (527, 'Toyota', 'Prius', 'Yellow', 4057, 47203.02, 3, 27);
INSERT INTO "Car" ("Car_ID", "Brand", "Model", "Color", "Mileage", "Price", "Car_condition_ID", "Car_dealer_ID") VALUES (528, 'Volkswagen', 'Tiguan', 'Red', 63036, 84072.31, 1, 6);
INSERT INTO "Car" ("Car_ID", "Brand", "Model", "Color", "Mileage", "Price", "Car_condition_ID", "Car_dealer_ID") VALUES (529, 'Volkswagen', 'Touareg', 'Orange', 96098, 48762.35, 1, 3);
INSERT INTO "Car" ("Car_ID", "Brand", "Model", "Color", "Mileage", "Price", "Car_condition_ID", "Car_dealer_ID") VALUES (530, 'Nissan', 'Qashqai', 'Orange', 15734, 86466.32, 3, 22);
INSERT INTO "Car" ("Car_ID", "Brand", "Model", "Color", "Mileage", "Price", "Car_condition_ID", "Car_dealer_ID") VALUES (531, 'Audi', 'S4', 'Silver', 49329, 46123.77, 3, 15);
INSERT INTO "Car" ("Car_ID", "Brand", "Model", "Color", "Mileage", "Price", "Car_condition_ID", "Car_dealer_ID") VALUES (532, 'Mercedes', 'GLA', 'Grey', 34514, 36336.41, 1, 20);
INSERT INTO "Car" ("Car_ID", "Brand", "Model", "Color", "Mileage", "Price", "Car_condition_ID", "Car_dealer_ID") VALUES (533, 'BMW', 'X4', 'Grey', 139414, 83423.45, 3, 30);
INSERT INTO "Car" ("Car_ID", "Brand", "Model", "Color", "Mileage", "Price", "Car_condition_ID", "Car_dealer_ID") VALUES (534, 'Hyundai', 'Santa Fe', 'Yellow', 71304, 19453.39, 1, 22);
INSERT INTO "Car" ("Car_ID", "Brand", "Model", "Color", "Mileage", "Price", "Car_condition_ID", "Car_dealer_ID") VALUES (535, 'Toyota', 'Land Cruiser', 'Silver', 96467, 50463.25, 1, 13);
INSERT INTO "Car" ("Car_ID", "Brand", "Model", "Color", "Mileage", "Price", "Car_condition_ID", "Car_dealer_ID") VALUES (536, 'Audi', 'RS7', 'Yellow', 86579, 20427.54, 2, 4);
INSERT INTO "Car" ("Car_ID", "Brand", "Model", "Color", "Mileage", "Price", "Car_condition_ID", "Car_dealer_ID") VALUES (537, 'Hyundai', 'i30', 'Yellow', 157287, 90548.3, 2, 2);
INSERT INTO "Car" ("Car_ID", "Brand", "Model", "Color", "Mileage", "Price", "Car_condition_ID", "Car_dealer_ID") VALUES (538, 'Volkswagen', 'Tiguan', 'Grey', 158684, 59841.81, 1, 10);
INSERT INTO "Car" ("Car_ID", "Brand", "Model", "Color", "Mileage", "Price", "Car_condition_ID", "Car_dealer_ID") VALUES (539, 'Kia', 'Ceed', 'Silver', 21674, 69254.99, 3, 1);
INSERT INTO "Car" ("Car_ID", "Brand", "Model", "Color", "Mileage", "Price", "Car_condition_ID", "Car_dealer_ID") VALUES (540, 'Ford', 'Mustang', 'Red', 40058, 52677.09, 1, 6);
INSERT INTO "Car" ("Car_ID", "Brand", "Model", "Color", "Mileage", "Price", "Car_condition_ID", "Car_dealer_ID") VALUES (541, 'Ford', 'Puma', 'Green', 198244, 72656.5, 2, 24);
INSERT INTO "Car" ("Car_ID", "Brand", "Model", "Color", "Mileage", "Price", "Car_condition_ID", "Car_dealer_ID") VALUES (542, 'Hyundai', 'Ioniq 6', 'Blue', 178065, 56976.79, 1, 11);
INSERT INTO "Car" ("Car_ID", "Brand", "Model", "Color", "Mileage", "Price", "Car_condition_ID", "Car_dealer_ID") VALUES (543, 'Audi', 'SQ8', 'Red', 69510, 91781.2, 2, 16);
INSERT INTO "Car" ("Car_ID", "Brand", "Model", "Color", "Mileage", "Price", "Car_condition_ID", "Car_dealer_ID") VALUES (544, 'Audi', 'RSQ8', 'Green', 31191, 95569.36, 2, 5);
INSERT INTO "Car" ("Car_ID", "Brand", "Model", "Color", "Mileage", "Price", "Car_condition_ID", "Car_dealer_ID") VALUES (545, 'Nissan', 'Ariya', 'White', 23214, 91017.83, 1, 16);
INSERT INTO "Car" ("Car_ID", "Brand", "Model", "Color", "Mileage", "Price", "Car_condition_ID", "Car_dealer_ID") VALUES (546, 'Ford', 'Ranger', 'Green', 2593, 54388.18, 3, 30);
INSERT INTO "Car" ("Car_ID", "Brand", "Model", "Color", "Mileage", "Price", "Car_condition_ID", "Car_dealer_ID") VALUES (547, 'Toyota', 'Camry', 'Grey', 177129, 19371.01, 3, 23);
INSERT INTO "Car" ("Car_ID", "Brand", "Model", "Color", "Mileage", "Price", "Car_condition_ID", "Car_dealer_ID") VALUES (548, 'Hyundai', 'Ioniq 5', 'Green', 93202, 50443.37, 1, 8);
INSERT INTO "Car" ("Car_ID", "Brand", "Model", "Color", "Mileage", "Price", "Car_condition_ID", "Car_dealer_ID") VALUES (549, 'Mercedes', 'GLS', 'Yellow', 121560, 85299.44, 1, 16);
INSERT INTO "Car" ("Car_ID", "Brand", "Model", "Color", "Mileage", "Price", "Car_condition_ID", "Car_dealer_ID") VALUES (550, 'Nissan', 'Micra', 'Red', 14879, 25858.55, 1, 29);
INSERT INTO "Car" ("Car_ID", "Brand", "Model", "Color", "Mileage", "Price", "Car_condition_ID", "Car_dealer_ID") VALUES (551, 'Kia', 'Sorento', 'Green', 80123, 66819.47, 1, 1);
INSERT INTO "Car" ("Car_ID", "Brand", "Model", "Color", "Mileage", "Price", "Car_condition_ID", "Car_dealer_ID") VALUES (552, 'Ford', 'Mustang', 'Green', 18548, 88333.42, 1, 10);
INSERT INTO "Car" ("Car_ID", "Brand", "Model", "Color", "Mileage", "Price", "Car_condition_ID", "Car_dealer_ID") VALUES (553, 'Hyundai', 'Tucson', 'Green', 14990, 13802.9, 2, 23);
INSERT INTO "Car" ("Car_ID", "Brand", "Model", "Color", "Mileage", "Price", "Car_condition_ID", "Car_dealer_ID") VALUES (554, 'Nissan', 'Ariya', 'Yellow', 66111, 18052.89, 1, 26);
INSERT INTO "Car" ("Car_ID", "Brand", "Model", "Color", "Mileage", "Price", "Car_condition_ID", "Car_dealer_ID") VALUES (555, 'Ford', 'Mondeo', 'White', 127919, 78016.02, 1, 18);
INSERT INTO "Car" ("Car_ID", "Brand", "Model", "Color", "Mileage", "Price", "Car_condition_ID", "Car_dealer_ID") VALUES (556, 'Mercedes', 'CLA', 'Grey', 100426, 99485.5, 1, 21);
INSERT INTO "Car" ("Car_ID", "Brand", "Model", "Color", "Mileage", "Price", "Car_condition_ID", "Car_dealer_ID") VALUES (557, 'Ford', 'Edge', 'Green', 148604, 14659.91, 1, 15);
INSERT INTO "Car" ("Car_ID", "Brand", "Model", "Color", "Mileage", "Price", "Car_condition_ID", "Car_dealer_ID") VALUES (558, 'Audi', 'S8', 'Green', 193385, 61769.98, 3, 16);
INSERT INTO "Car" ("Car_ID", "Brand", "Model", "Color", "Mileage", "Price", "Car_condition_ID", "Car_dealer_ID") VALUES (559, 'Toyota', 'Land Cruiser', 'Green', 151692, 22413.63, 2, 7);
INSERT INTO "Car" ("Car_ID", "Brand", "Model", "Color", "Mileage", "Price", "Car_condition_ID", "Car_dealer_ID") VALUES (560, 'Kia', 'Rio', 'Black', 67802, 99925.13, 1, 18);
INSERT INTO "Car" ("Car_ID", "Brand", "Model", "Color", "Mileage", "Price", "Car_condition_ID", "Car_dealer_ID") VALUES (561, 'Nissan', 'Qashqai', 'Orange', 109242, 62011.9, 1, 24);
INSERT INTO "Car" ("Car_ID", "Brand", "Model", "Color", "Mileage", "Price", "Car_condition_ID", "Car_dealer_ID") VALUES (562, 'Audi', 'Q8', 'Red', 178347, 63831.54, 3, 19);
INSERT INTO "Car" ("Car_ID", "Brand", "Model", "Color", "Mileage", "Price", "Car_condition_ID", "Car_dealer_ID") VALUES (563, 'BMW', '340i', 'Green', 54718, 43808.85, 2, 30);
INSERT INTO "Car" ("Car_ID", "Brand", "Model", "Color", "Mileage", "Price", "Car_condition_ID", "Car_dealer_ID") VALUES (564, 'Nissan', 'Micra', 'Grey', 71676, 32830.07, 2, 7);
INSERT INTO "Car" ("Car_ID", "Brand", "Model", "Color", "Mileage", "Price", "Car_condition_ID", "Car_dealer_ID") VALUES (565, 'Kia', 'Stinger', 'Blue', 144276, 46784.12, 2, 28);
INSERT INTO "Car" ("Car_ID", "Brand", "Model", "Color", "Mileage", "Price", "Car_condition_ID", "Car_dealer_ID") VALUES (566, 'Nissan', 'X-Trail', 'Blue', 106676, 39679.59, 2, 4);
INSERT INTO "Car" ("Car_ID", "Brand", "Model", "Color", "Mileage", "Price", "Car_condition_ID", "Car_dealer_ID") VALUES (567, 'Ford', 'F-150', 'Red', 123254, 66185.62, 1, 13);
INSERT INTO "Car" ("Car_ID", "Brand", "Model", "Color", "Mileage", "Price", "Car_condition_ID", "Car_dealer_ID") VALUES (568, 'Volkswagen', 'ID.4', 'Grey', 159591, 12923.9, 3, 1);
INSERT INTO "Car" ("Car_ID", "Brand", "Model", "Color", "Mileage", "Price", "Car_condition_ID", "Car_dealer_ID") VALUES (569, 'BMW', 'M8', 'Blue', 35791, 83669.91, 3, 12);
INSERT INTO "Car" ("Car_ID", "Brand", "Model", "Color", "Mileage", "Price", "Car_condition_ID", "Car_dealer_ID") VALUES (570, 'Nissan', 'X-Trail', 'Grey', 27078, 29410.26, 3, 26);
INSERT INTO "Car" ("Car_ID", "Brand", "Model", "Color", "Mileage", "Price", "Car_condition_ID", "Car_dealer_ID") VALUES (571, 'Hyundai', 'Kona', 'Red', 77082, 96333.98, 2, 18);
INSERT INTO "Car" ("Car_ID", "Brand", "Model", "Color", "Mileage", "Price", "Car_condition_ID", "Car_dealer_ID") VALUES (572, 'Ford', 'F-150', 'Blue', 104578, 51008.8, 3, 1);
INSERT INTO "Car" ("Car_ID", "Brand", "Model", "Color", "Mileage", "Price", "Car_condition_ID", "Car_dealer_ID") VALUES (573, 'Hyundai', 'i20', 'Red', 54350, 62710.92, 3, 18);
INSERT INTO "Car" ("Car_ID", "Brand", "Model", "Color", "Mileage", "Price", "Car_condition_ID", "Car_dealer_ID") VALUES (574, 'Hyundai', 'Ioniq 6', 'White', 51566, 30060.54, 3, 22);
INSERT INTO "Car" ("Car_ID", "Brand", "Model", "Color", "Mileage", "Price", "Car_condition_ID", "Car_dealer_ID") VALUES (575, 'Hyundai', 'Kona', 'White', 91896, 58562.39, 1, 1);
INSERT INTO "Car" ("Car_ID", "Brand", "Model", "Color", "Mileage", "Price", "Car_condition_ID", "Car_dealer_ID") VALUES (576, 'Volkswagen', 'ID.4', 'Red', 67096, 86512.69, 3, 14);
INSERT INTO "Car" ("Car_ID", "Brand", "Model", "Color", "Mileage", "Price", "Car_condition_ID", "Car_dealer_ID") VALUES (577, 'Ford', 'Focus', 'Red', 84123, 72856.84, 2, 28);
INSERT INTO "Car" ("Car_ID", "Brand", "Model", "Color", "Mileage", "Price", "Car_condition_ID", "Car_dealer_ID") VALUES (578, 'Ford', 'Explorer', 'Black', 153385, 31052.67, 1, 23);
INSERT INTO "Car" ("Car_ID", "Brand", "Model", "Color", "Mileage", "Price", "Car_condition_ID", "Car_dealer_ID") VALUES (579, 'BMW', '320i', 'Red', 176634, 13010.71, 2, 24);
INSERT INTO "Car" ("Car_ID", "Brand", "Model", "Color", "Mileage", "Price", "Car_condition_ID", "Car_dealer_ID") VALUES (580, 'Volkswagen', 'Arteon', 'Black', 64697, 78613.31, 1, 1);
INSERT INTO "Car" ("Car_ID", "Brand", "Model", "Color", "Mileage", "Price", "Car_condition_ID", "Car_dealer_ID") VALUES (581, 'Audi', 'A8', 'White', 166415, 66079.03, 3, 5);
INSERT INTO "Car" ("Car_ID", "Brand", "Model", "Color", "Mileage", "Price", "Car_condition_ID", "Car_dealer_ID") VALUES (582, 'Mercedes', 'A-Class', 'Blue', 170405, 36408.76, 3, 25);
INSERT INTO "Car" ("Car_ID", "Brand", "Model", "Color", "Mileage", "Price", "Car_condition_ID", "Car_dealer_ID") VALUES (583, 'Hyundai', 'Santa Fe', 'Black', 165425, 82853.24, 3, 29);
INSERT INTO "Car" ("Car_ID", "Brand", "Model", "Color", "Mileage", "Price", "Car_condition_ID", "Car_dealer_ID") VALUES (584, 'Audi', 'SQ3', 'Green', 37238, 79814.5, 1, 25);
INSERT INTO "Car" ("Car_ID", "Brand", "Model", "Color", "Mileage", "Price", "Car_condition_ID", "Car_dealer_ID") VALUES (585, 'Audi', 'Q3', 'Silver', 86769, 98842.84, 3, 19);
INSERT INTO "Car" ("Car_ID", "Brand", "Model", "Color", "Mileage", "Price", "Car_condition_ID", "Car_dealer_ID") VALUES (586, 'Kia', 'Sportage', 'Silver', 13543, 5729.16, 3, 24);
INSERT INTO "Car" ("Car_ID", "Brand", "Model", "Color", "Mileage", "Price", "Car_condition_ID", "Car_dealer_ID") VALUES (587, 'Audi', 'A7', 'Grey', 83813, 49991.7, 1, 8);
INSERT INTO "Car" ("Car_ID", "Brand", "Model", "Color", "Mileage", "Price", "Car_condition_ID", "Car_dealer_ID") VALUES (588, 'BMW', 'M3', 'Silver', 80037, 14139.39, 2, 17);
INSERT INTO "Car" ("Car_ID", "Brand", "Model", "Color", "Mileage", "Price", "Car_condition_ID", "Car_dealer_ID") VALUES (589, 'Hyundai', 'Tucson', 'Red', 3101, 77411.85, 2, 18);
INSERT INTO "Car" ("Car_ID", "Brand", "Model", "Color", "Mileage", "Price", "Car_condition_ID", "Car_dealer_ID") VALUES (590, 'Toyota', 'Highlander', 'Yellow', 68100, 38927.76, 3, 8);
INSERT INTO "Car" ("Car_ID", "Brand", "Model", "Color", "Mileage", "Price", "Car_condition_ID", "Car_dealer_ID") VALUES (591, 'Hyundai', 'i30', 'Blue', 49078, 7560.94, 2, 12);
INSERT INTO "Car" ("Car_ID", "Brand", "Model", "Color", "Mileage", "Price", "Car_condition_ID", "Car_dealer_ID") VALUES (592, 'Volkswagen', 'Passat', 'White', 133649, 57631.92, 2, 28);
INSERT INTO "Car" ("Car_ID", "Brand", "Model", "Color", "Mileage", "Price", "Car_condition_ID", "Car_dealer_ID") VALUES (593, 'Kia', 'Picanto', 'Blue', 50088, 80199.13, 2, 22);
INSERT INTO "Car" ("Car_ID", "Brand", "Model", "Color", "Mileage", "Price", "Car_condition_ID", "Car_dealer_ID") VALUES (594, 'Kia', 'Ceed', 'Grey', 34132, 44666.95, 3, 6);
INSERT INTO "Car" ("Car_ID", "Brand", "Model", "Color", "Mileage", "Price", "Car_condition_ID", "Car_dealer_ID") VALUES (595, 'Audi', 'A6', 'Green', 153100, 22718.31, 2, 17);
INSERT INTO "Car" ("Car_ID", "Brand", "Model", "Color", "Mileage", "Price", "Car_condition_ID", "Car_dealer_ID") VALUES (596, 'Toyota', 'Highlander', 'Black', 22745, 35071.71, 3, 22);
INSERT INTO "Car" ("Car_ID", "Brand", "Model", "Color", "Mileage", "Price", "Car_condition_ID", "Car_dealer_ID") VALUES (597, 'Volkswagen', 'ID.4', 'Green', 90239, 29281.67, 2, 19);
INSERT INTO "Car" ("Car_ID", "Brand", "Model", "Color", "Mileage", "Price", "Car_condition_ID", "Car_dealer_ID") VALUES (598, 'BMW', '335i', 'Black', 22359, 15130.31, 3, 17);
INSERT INTO "Car" ("Car_ID", "Brand", "Model", "Color", "Mileage", "Price", "Car_condition_ID", "Car_dealer_ID") VALUES (599, 'Kia', 'Sportage', 'White', 63026, 58313.49, 2, 1);
INSERT INTO "Car" ("Car_ID", "Brand", "Model", "Color", "Mileage", "Price", "Car_condition_ID", "Car_dealer_ID") VALUES (600, 'Mercedes', 'GLA', 'Blue', 167908, 57089.99, 3, 27);
INSERT INTO "Position_history" ("Position_history_ID", "Date_start", "Date_end", "Position_ID", "Employee_ID") VALUES (1, '2023-02-18', NULL, 2, 1);
INSERT INTO "Position_history" ("Position_history_ID", "Date_start", "Date_end", "Position_ID", "Employee_ID") VALUES (2, '2015-10-15', NULL, 2, 2);
INSERT INTO "Position_history" ("Position_history_ID", "Date_start", "Date_end", "Position_ID", "Employee_ID") VALUES (3, '2018-07-22', NULL, 1, 3);
INSERT INTO "Position_history" ("Position_history_ID", "Date_start", "Date_end", "Position_ID", "Employee_ID") VALUES (4, '2015-04-14', NULL, 1, 4);
INSERT INTO "Position_history" ("Position_history_ID", "Date_start", "Date_end", "Position_ID", "Employee_ID") VALUES (5, '2020-11-03', NULL, 2, 5);
INSERT INTO "Position_history" ("Position_history_ID", "Date_start", "Date_end", "Position_ID", "Employee_ID") VALUES (6, '2019-03-04', NULL, 3, 6);
INSERT INTO "Position_history" ("Position_history_ID", "Date_start", "Date_end", "Position_ID", "Employee_ID") VALUES (7, '2023-12-27', NULL, 2, 7);
INSERT INTO "Position_history" ("Position_history_ID", "Date_start", "Date_end", "Position_ID", "Employee_ID") VALUES (8, '2013-09-23', NULL, 1, 8);
INSERT INTO "Position_history" ("Position_history_ID", "Date_start", "Date_end", "Position_ID", "Employee_ID") VALUES (9, '2017-01-26', NULL, 1, 9);
INSERT INTO "Position_history" ("Position_history_ID", "Date_start", "Date_end", "Position_ID", "Employee_ID") VALUES (10, '2015-11-23', NULL, 1, 10);
INSERT INTO "Position_history" ("Position_history_ID", "Date_start", "Date_end", "Position_ID", "Employee_ID") VALUES (11, '2020-03-26', NULL, 2, 11);
INSERT INTO "Position_history" ("Position_history_ID", "Date_start", "Date_end", "Position_ID", "Employee_ID") VALUES (12, '2017-04-17', NULL, 3, 12);
INSERT INTO "Position_history" ("Position_history_ID", "Date_start", "Date_end", "Position_ID", "Employee_ID") VALUES (13, '2016-01-25', NULL, 1, 13);
INSERT INTO "Position_history" ("Position_history_ID", "Date_start", "Date_end", "Position_ID", "Employee_ID") VALUES (14, '2013-04-28', NULL, 2, 14);
INSERT INTO "Position_history" ("Position_history_ID", "Date_start", "Date_end", "Position_ID", "Employee_ID") VALUES (15, '2018-09-14', NULL, 1, 15);
INSERT INTO "Position_history" ("Position_history_ID", "Date_start", "Date_end", "Position_ID", "Employee_ID") VALUES (16, '2019-01-01', NULL, 1, 16);
INSERT INTO "Position_history" ("Position_history_ID", "Date_start", "Date_end", "Position_ID", "Employee_ID") VALUES (17, '2015-06-01', NULL, 1, 17);
INSERT INTO "Position_history" ("Position_history_ID", "Date_start", "Date_end", "Position_ID", "Employee_ID") VALUES (18, '2019-10-23', NULL, 3, 18);
INSERT INTO "Position_history" ("Position_history_ID", "Date_start", "Date_end", "Position_ID", "Employee_ID") VALUES (19, '2020-03-15', NULL, 3, 19);
INSERT INTO "Position_history" ("Position_history_ID", "Date_start", "Date_end", "Position_ID", "Employee_ID") VALUES (20, '2022-11-02', NULL, 2, 20);
INSERT INTO "Position_history" ("Position_history_ID", "Date_start", "Date_end", "Position_ID", "Employee_ID") VALUES (21, '2019-09-03', NULL, 2, 21);
INSERT INTO "Position_history" ("Position_history_ID", "Date_start", "Date_end", "Position_ID", "Employee_ID") VALUES (22, '2019-05-28', NULL, 2, 22);
INSERT INTO "Position_history" ("Position_history_ID", "Date_start", "Date_end", "Position_ID", "Employee_ID") VALUES (23, '2015-10-28', NULL, 3, 23);
INSERT INTO "Position_history" ("Position_history_ID", "Date_start", "Date_end", "Position_ID", "Employee_ID") VALUES (24, '2014-01-22', NULL, 3, 24);
INSERT INTO "Position_history" ("Position_history_ID", "Date_start", "Date_end", "Position_ID", "Employee_ID") VALUES (25, '2016-09-10', NULL, 1, 25);
INSERT INTO "Position_history" ("Position_history_ID", "Date_start", "Date_end", "Position_ID", "Employee_ID") VALUES (26, '2015-03-08', NULL, 2, 26);
INSERT INTO "Position_history" ("Position_history_ID", "Date_start", "Date_end", "Position_ID", "Employee_ID") VALUES (27, '2013-07-11', NULL, 1, 27);
INSERT INTO "Position_history" ("Position_history_ID", "Date_start", "Date_end", "Position_ID", "Employee_ID") VALUES (28, '2022-07-05', NULL, 1, 28);
INSERT INTO "Position_history" ("Position_history_ID", "Date_start", "Date_end", "Position_ID", "Employee_ID") VALUES (29, '2016-01-11', NULL, 3, 29);
INSERT INTO "Position_history" ("Position_history_ID", "Date_start", "Date_end", "Position_ID", "Employee_ID") VALUES (30, '2015-07-09', NULL, 1, 30);
INSERT INTO "Position_history" ("Position_history_ID", "Date_start", "Date_end", "Position_ID", "Employee_ID") VALUES (31, '2022-03-12', NULL, 2, 31);
INSERT INTO "Position_history" ("Position_history_ID", "Date_start", "Date_end", "Position_ID", "Employee_ID") VALUES (32, '2015-05-02', NULL, 3, 32);
INSERT INTO "Position_history" ("Position_history_ID", "Date_start", "Date_end", "Position_ID", "Employee_ID") VALUES (33, '2018-03-11', NULL, 2, 33);
INSERT INTO "Position_history" ("Position_history_ID", "Date_start", "Date_end", "Position_ID", "Employee_ID") VALUES (34, '2018-04-21', NULL, 1, 34);
INSERT INTO "Position_history" ("Position_history_ID", "Date_start", "Date_end", "Position_ID", "Employee_ID") VALUES (35, '2020-03-05', NULL, 1, 35);
INSERT INTO "Position_history" ("Position_history_ID", "Date_start", "Date_end", "Position_ID", "Employee_ID") VALUES (36, '2014-06-18', NULL, 2, 36);
INSERT INTO "Position_history" ("Position_history_ID", "Date_start", "Date_end", "Position_ID", "Employee_ID") VALUES (37, '2018-12-09', NULL, 1, 37);
INSERT INTO "Position_history" ("Position_history_ID", "Date_start", "Date_end", "Position_ID", "Employee_ID") VALUES (38, '2017-03-25', NULL, 2, 38);
INSERT INTO "Position_history" ("Position_history_ID", "Date_start", "Date_end", "Position_ID", "Employee_ID") VALUES (39, '2022-11-14', NULL, 2, 39);
INSERT INTO "Position_history" ("Position_history_ID", "Date_start", "Date_end", "Position_ID", "Employee_ID") VALUES (40, '2013-05-03', NULL, 1, 40);
INSERT INTO "Position_history" ("Position_history_ID", "Date_start", "Date_end", "Position_ID", "Employee_ID") VALUES (41, '2016-12-06', NULL, 2, 41);
INSERT INTO "Position_history" ("Position_history_ID", "Date_start", "Date_end", "Position_ID", "Employee_ID") VALUES (42, '2017-08-13', NULL, 3, 42);
INSERT INTO "Position_history" ("Position_history_ID", "Date_start", "Date_end", "Position_ID", "Employee_ID") VALUES (43, '2021-04-13', NULL, 2, 43);
INSERT INTO "Position_history" ("Position_history_ID", "Date_start", "Date_end", "Position_ID", "Employee_ID") VALUES (44, '2019-07-31', NULL, 1, 44);
INSERT INTO "Position_history" ("Position_history_ID", "Date_start", "Date_end", "Position_ID", "Employee_ID") VALUES (45, '2023-06-17', NULL, 2, 45);
INSERT INTO "Position_history" ("Position_history_ID", "Date_start", "Date_end", "Position_ID", "Employee_ID") VALUES (46, '2018-12-15', NULL, 3, 46);
INSERT INTO "Position_history" ("Position_history_ID", "Date_start", "Date_end", "Position_ID", "Employee_ID") VALUES (47, '2021-09-09', NULL, 2, 47);
INSERT INTO "Position_history" ("Position_history_ID", "Date_start", "Date_end", "Position_ID", "Employee_ID") VALUES (48, '2022-05-07', NULL, 2, 48);
INSERT INTO "Position_history" ("Position_history_ID", "Date_start", "Date_end", "Position_ID", "Employee_ID") VALUES (49, '2021-09-27', NULL, 2, 49);
INSERT INTO "Position_history" ("Position_history_ID", "Date_start", "Date_end", "Position_ID", "Employee_ID") VALUES (50, '2018-04-14', NULL, 3, 50);
INSERT INTO "Position_history" ("Position_history_ID", "Date_start", "Date_end", "Position_ID", "Employee_ID") VALUES (51, '2021-03-19', NULL, 3, 51);
INSERT INTO "Position_history" ("Position_history_ID", "Date_start", "Date_end", "Position_ID", "Employee_ID") VALUES (52, '2021-09-13', NULL, 3, 52);
INSERT INTO "Position_history" ("Position_history_ID", "Date_start", "Date_end", "Position_ID", "Employee_ID") VALUES (53, '2017-09-10', NULL, 2, 53);
INSERT INTO "Position_history" ("Position_history_ID", "Date_start", "Date_end", "Position_ID", "Employee_ID") VALUES (54, '2023-03-13', NULL, 2, 54);
INSERT INTO "Position_history" ("Position_history_ID", "Date_start", "Date_end", "Position_ID", "Employee_ID") VALUES (55, '2014-12-21', NULL, 3, 55);
INSERT INTO "Position_history" ("Position_history_ID", "Date_start", "Date_end", "Position_ID", "Employee_ID") VALUES (56, '2023-03-10', NULL, 2, 56);
INSERT INTO "Position_history" ("Position_history_ID", "Date_start", "Date_end", "Position_ID", "Employee_ID") VALUES (57, '2014-03-29', NULL, 3, 57);
INSERT INTO "Position_history" ("Position_history_ID", "Date_start", "Date_end", "Position_ID", "Employee_ID") VALUES (58, '2013-04-25', NULL, 1, 58);
INSERT INTO "Position_history" ("Position_history_ID", "Date_start", "Date_end", "Position_ID", "Employee_ID") VALUES (59, '2016-02-13', NULL, 3, 59);
INSERT INTO "Position_history" ("Position_history_ID", "Date_start", "Date_end", "Position_ID", "Employee_ID") VALUES (60, '2014-09-19', NULL, 3, 60);
INSERT INTO "Position_history" ("Position_history_ID", "Date_start", "Date_end", "Position_ID", "Employee_ID") VALUES (61, '2022-06-10', NULL, 1, 61);
INSERT INTO "Position_history" ("Position_history_ID", "Date_start", "Date_end", "Position_ID", "Employee_ID") VALUES (62, '2017-01-15', NULL, 2, 62);
INSERT INTO "Position_history" ("Position_history_ID", "Date_start", "Date_end", "Position_ID", "Employee_ID") VALUES (63, '2014-10-31', NULL, 1, 63);
INSERT INTO "Position_history" ("Position_history_ID", "Date_start", "Date_end", "Position_ID", "Employee_ID") VALUES (64, '2017-10-31', NULL, 2, 64);
INSERT INTO "Position_history" ("Position_history_ID", "Date_start", "Date_end", "Position_ID", "Employee_ID") VALUES (65, '2017-03-23', NULL, 3, 65);
INSERT INTO "Position_history" ("Position_history_ID", "Date_start", "Date_end", "Position_ID", "Employee_ID") VALUES (66, '2020-06-02', NULL, 2, 66);
INSERT INTO "Position_history" ("Position_history_ID", "Date_start", "Date_end", "Position_ID", "Employee_ID") VALUES (67, '2017-11-22', NULL, 1, 67);
INSERT INTO "Position_history" ("Position_history_ID", "Date_start", "Date_end", "Position_ID", "Employee_ID") VALUES (68, '2017-02-13', NULL, 1, 68);
INSERT INTO "Position_history" ("Position_history_ID", "Date_start", "Date_end", "Position_ID", "Employee_ID") VALUES (69, '2019-06-22', NULL, 1, 69);
INSERT INTO "Position_history" ("Position_history_ID", "Date_start", "Date_end", "Position_ID", "Employee_ID") VALUES (70, '2022-02-14', NULL, 2, 70);
INSERT INTO "Position_history" ("Position_history_ID", "Date_start", "Date_end", "Position_ID", "Employee_ID") VALUES (71, '2021-03-29', NULL, 2, 71);
INSERT INTO "Position_history" ("Position_history_ID", "Date_start", "Date_end", "Position_ID", "Employee_ID") VALUES (72, '2019-09-20', NULL, 2, 72);
INSERT INTO "Position_history" ("Position_history_ID", "Date_start", "Date_end", "Position_ID", "Employee_ID") VALUES (73, '2013-07-01', NULL, 1, 73);
INSERT INTO "Position_history" ("Position_history_ID", "Date_start", "Date_end", "Position_ID", "Employee_ID") VALUES (74, '2015-12-28', NULL, 1, 74);
INSERT INTO "Position_history" ("Position_history_ID", "Date_start", "Date_end", "Position_ID", "Employee_ID") VALUES (75, '2019-12-13', NULL, 1, 75);
INSERT INTO "Position_history" ("Position_history_ID", "Date_start", "Date_end", "Position_ID", "Employee_ID") VALUES (76, '2019-12-01', NULL, 1, 76);
INSERT INTO "Position_history" ("Position_history_ID", "Date_start", "Date_end", "Position_ID", "Employee_ID") VALUES (77, '2014-06-22', NULL, 3, 77);
INSERT INTO "Position_history" ("Position_history_ID", "Date_start", "Date_end", "Position_ID", "Employee_ID") VALUES (78, '2022-02-10', NULL, 2, 78);
INSERT INTO "Position_history" ("Position_history_ID", "Date_start", "Date_end", "Position_ID", "Employee_ID") VALUES (79, '2023-09-24', NULL, 3, 79);
INSERT INTO "Position_history" ("Position_history_ID", "Date_start", "Date_end", "Position_ID", "Employee_ID") VALUES (80, '2023-05-13', NULL, 3, 80);
INSERT INTO "Position_history" ("Position_history_ID", "Date_start", "Date_end", "Position_ID", "Employee_ID") VALUES (81, '2018-09-30', NULL, 1, 81);
INSERT INTO "Position_history" ("Position_history_ID", "Date_start", "Date_end", "Position_ID", "Employee_ID") VALUES (82, '2022-02-09', NULL, 2, 82);
INSERT INTO "Position_history" ("Position_history_ID", "Date_start", "Date_end", "Position_ID", "Employee_ID") VALUES (83, '2023-11-28', NULL, 1, 83);
INSERT INTO "Position_history" ("Position_history_ID", "Date_start", "Date_end", "Position_ID", "Employee_ID") VALUES (84, '2019-07-26', NULL, 1, 84);
INSERT INTO "Position_history" ("Position_history_ID", "Date_start", "Date_end", "Position_ID", "Employee_ID") VALUES (85, '2013-05-15', NULL, 2, 85);
INSERT INTO "Position_history" ("Position_history_ID", "Date_start", "Date_end", "Position_ID", "Employee_ID") VALUES (86, '2017-04-10', NULL, 3, 86);
INSERT INTO "Position_history" ("Position_history_ID", "Date_start", "Date_end", "Position_ID", "Employee_ID") VALUES (87, '2021-09-01', NULL, 2, 87);
INSERT INTO "Position_history" ("Position_history_ID", "Date_start", "Date_end", "Position_ID", "Employee_ID") VALUES (88, '2019-01-15', NULL, 3, 88);
INSERT INTO "Position_history" ("Position_history_ID", "Date_start", "Date_end", "Position_ID", "Employee_ID") VALUES (89, '2013-11-10', NULL, 3, 89);
INSERT INTO "Position_history" ("Position_history_ID", "Date_start", "Date_end", "Position_ID", "Employee_ID") VALUES (90, '2023-11-10', NULL, 3, 90);
INSERT INTO "Position_history" ("Position_history_ID", "Date_start", "Date_end", "Position_ID", "Employee_ID") VALUES (91, '2019-09-03', NULL, 2, 91);
INSERT INTO "Position_history" ("Position_history_ID", "Date_start", "Date_end", "Position_ID", "Employee_ID") VALUES (92, '2019-09-10', NULL, 2, 92);
INSERT INTO "Position_history" ("Position_history_ID", "Date_start", "Date_end", "Position_ID", "Employee_ID") VALUES (93, '2013-12-11', NULL, 3, 93);
INSERT INTO "Position_history" ("Position_history_ID", "Date_start", "Date_end", "Position_ID", "Employee_ID") VALUES (94, '2018-01-08', NULL, 1, 94);
INSERT INTO "Position_history" ("Position_history_ID", "Date_start", "Date_end", "Position_ID", "Employee_ID") VALUES (95, '2021-04-29', NULL, 2, 95);
INSERT INTO "Position_history" ("Position_history_ID", "Date_start", "Date_end", "Position_ID", "Employee_ID") VALUES (96, '2019-01-10', NULL, 1, 96);
INSERT INTO "Position_history" ("Position_history_ID", "Date_start", "Date_end", "Position_ID", "Employee_ID") VALUES (97, '2020-12-17', NULL, 3, 97);
INSERT INTO "Position_history" ("Position_history_ID", "Date_start", "Date_end", "Position_ID", "Employee_ID") VALUES (98, '2019-06-27', NULL, 1, 98);
INSERT INTO "Position_history" ("Position_history_ID", "Date_start", "Date_end", "Position_ID", "Employee_ID") VALUES (99, '2020-04-12', NULL, 2, 99);
INSERT INTO "Position_history" ("Position_history_ID", "Date_start", "Date_end", "Position_ID", "Employee_ID") VALUES (100, '2023-11-17', NULL, 3, 100);
