INSERT INTO "City" ("City_ID", "Name", "Country") VALUES (1, 'Warszawa', 'Poland');
INSERT INTO "City" ("City_ID", "Name", "Country") VALUES (2, 'Kraków', 'Poland');
INSERT INTO "City" ("City_ID", "Name", "Country") VALUES (3, 'Łódź', 'Poland');
INSERT INTO "City" ("City_ID", "Name", "Country") VALUES (4, 'Wrocław', 'Poland');
INSERT INTO "City" ("City_ID", "Name", "Country") VALUES (5, 'Poznań', 'Poland');
INSERT INTO "City" ("City_ID", "Name", "Country") VALUES (6, 'Gdańsk', 'Poland');
INSERT INTO "City" ("City_ID", "Name", "Country") VALUES (7, 'Szczecin', 'Poland');
INSERT INTO "City" ("City_ID", "Name", "Country") VALUES (8, 'Bydgoszcz', 'Poland');
INSERT INTO "City" ("City_ID", "Name", "Country") VALUES (9, 'Lublin', 'Poland');
INSERT INTO "City" ("City_ID", "Name", "Country") VALUES (10, 'Białystok', 'Poland');
INSERT INTO "City" ("City_ID", "Name", "Country") VALUES (11, 'Berlin', 'Germany');
INSERT INTO "City" ("City_ID", "Name", "Country") VALUES (12, 'München', 'Germany');
INSERT INTO "City" ("City_ID", "Name", "Country") VALUES (13, 'Hamburg', 'Germany');
INSERT INTO "City" ("City_ID", "Name", "Country") VALUES (14, 'Köln', 'Germany');
INSERT INTO "City" ("City_ID", "Name", "Country") VALUES (15, 'Frankfurt am Main', 'Germany');
INSERT INTO "City" ("City_ID", "Name", "Country") VALUES (16, 'Stuttgart', 'Germany');
INSERT INTO "City" ("City_ID", "Name", "Country") VALUES (17, 'Düsseldorf', 'Germany');
INSERT INTO "City" ("City_ID", "Name", "Country") VALUES (18, 'Dresden', 'Germany');
INSERT INTO "City" ("City_ID", "Name", "Country") VALUES (19, 'Leipzig', 'Germany');
INSERT INTO "City" ("City_ID", "Name", "Country") VALUES (20, 'Hannover', 'Germany');
INSERT INTO "City" ("City_ID", "Name", "Country") VALUES (21, 'Paris', 'France');
INSERT INTO "City" ("City_ID", "Name", "Country") VALUES (22, 'Marseille', 'France');
INSERT INTO "City" ("City_ID", "Name", "Country") VALUES (23, 'Lyon', 'France');
INSERT INTO "City" ("City_ID", "Name", "Country") VALUES (24, 'Toulouse', 'France');
INSERT INTO "City" ("City_ID", "Name", "Country") VALUES (25, 'Nice', 'France');
INSERT INTO "City" ("City_ID", "Name", "Country") VALUES (26, 'Nantes', 'France');
INSERT INTO "City" ("City_ID", "Name", "Country") VALUES (27, 'Strasbourg', 'France');
INSERT INTO "City" ("City_ID", "Name", "Country") VALUES (28, 'Montpellier', 'France');
INSERT INTO "City" ("City_ID", "Name", "Country") VALUES (29, 'Bordeaux', 'France');
INSERT INTO "City" ("City_ID", "Name", "Country") VALUES (30, 'Lille', 'France');
INSERT INTO "City" ("City_ID", "Name", "Country") VALUES (31, 'London', 'United Kingdom');
INSERT INTO "City" ("City_ID", "Name", "Country") VALUES (32, 'Birmingham', 'United Kingdom');
INSERT INTO "City" ("City_ID", "Name", "Country") VALUES (33, 'Manchester', 'United Kingdom');
INSERT INTO "City" ("City_ID", "Name", "Country") VALUES (34, 'Glasgow', 'United Kingdom');
INSERT INTO "City" ("City_ID", "Name", "Country") VALUES (35, 'Leeds', 'United Kingdom');
INSERT INTO "City" ("City_ID", "Name", "Country") VALUES (36, 'Liverpool', 'United Kingdom');
INSERT INTO "City" ("City_ID", "Name", "Country") VALUES (37, 'Bristol', 'United Kingdom');
INSERT INTO "City" ("City_ID", "Name", "Country") VALUES (38, 'Edinburgh', 'United Kingdom');
INSERT INTO "City" ("City_ID", "Name", "Country") VALUES (39, 'Sheffield', 'United Kingdom');
INSERT INTO "City" ("City_ID", "Name", "Country") VALUES (40, 'Cardiff', 'United Kingdom');
INSERT INTO "City" ("City_ID", "Name", "Country") VALUES (41, 'Roma', 'Italy');
INSERT INTO "City" ("City_ID", "Name", "Country") VALUES (42, 'Milano', 'Italy');
INSERT INTO "City" ("City_ID", "Name", "Country") VALUES (43, 'Napoli', 'Italy');
INSERT INTO "City" ("City_ID", "Name", "Country") VALUES (44, 'Torino', 'Italy');
INSERT INTO "City" ("City_ID", "Name", "Country") VALUES (45, 'Palermo', 'Italy');
INSERT INTO "City" ("City_ID", "Name", "Country") VALUES (46, 'Genova', 'Italy');
INSERT INTO "City" ("City_ID", "Name", "Country") VALUES (47, 'Bologna', 'Italy');
INSERT INTO "City" ("City_ID", "Name", "Country") VALUES (48, 'Firenze', 'Italy');
INSERT INTO "City" ("City_ID", "Name", "Country") VALUES (49, 'Bari', 'Italy');
INSERT INTO "City" ("City_ID", "Name", "Country") VALUES (50, 'Catania', 'Italy');
INSERT INTO "City" ("City_ID", "Name", "Country") VALUES (51, 'Madrid', 'Spain');
INSERT INTO "City" ("City_ID", "Name", "Country") VALUES (52, 'Barcelona', 'Spain');
INSERT INTO "City" ("City_ID", "Name", "Country") VALUES (53, 'Valencia', 'Spain');
INSERT INTO "City" ("City_ID", "Name", "Country") VALUES (54, 'Sevilla', 'Spain');
INSERT INTO "City" ("City_ID", "Name", "Country") VALUES (55, 'Zaragoza', 'Spain');
INSERT INTO "City" ("City_ID", "Name", "Country") VALUES (56, 'Málaga', 'Spain');
INSERT INTO "City" ("City_ID", "Name", "Country") VALUES (57, 'Murcia', 'Spain');
INSERT INTO "City" ("City_ID", "Name", "Country") VALUES (58, 'Palma', 'Spain');
INSERT INTO "City" ("City_ID", "Name", "Country") VALUES (59, 'Bilbao', 'Spain');
INSERT INTO "City" ("City_ID", "Name", "Country") VALUES (60, 'Alicante', 'Spain');
INSERT INTO "Address" ("Address_ID", "Postcode", "Street", "Street_number", "City_ID") VALUES (1, '24039', 'Via Vittorio Emanuele II', 89, 50);
INSERT INTO "Address" ("Address_ID", "Postcode", "Street", "Street_number", "City_ID") VALUES (2, '52018', 'Rue Paradis', 3, 22);
INSERT INTO "Address" ("Address_ID", "Postcode", "Street", "Street_number", "City_ID") VALUES (3, '26031', 'Calle de Ercilla', 7, 59);
INSERT INTO "Address" ("Address_ID", "Postcode", "Street", "Street_number", "City_ID") VALUES (4, '15535', 'Avenue Jean Médecin', 19, 25);
INSERT INTO "Address" ("Address_ID", "Postcode", "Street", "Street_number", "City_ID") VALUES (5, '19040', 'Borgo degli Albizi', 79, 48);
INSERT INTO "Address" ("Address_ID", "Postcode", "Street", "Street_number", "City_ID") VALUES (6, '77620', 'Rue du Faubourg du Courreau', 32, 28);
INSERT INTO "Address" ("Address_ID", "Postcode", "Street", "Street_number", "City_ID") VALUES (7, '51444', 'Calle Don Jaime I', 2, 55);
INSERT INTO "Address" ("Address_ID", "Postcode", "Street", "Street_number", "City_ID") VALUES (8, '31294', 'Gloucester Road', 59, 37);
INSERT INTO "Address" ("Address_ID", "Postcode", "Street", "Street_number", "City_ID") VALUES (9, '61577', 'Rue de Rivoli', 74, 21);
INSERT INTO "Address" ("Address_ID", "Postcode", "Street", "Street_number", "City_ID") VALUES (10, '41300', 'Sauchiehall Street', 73, 34);
INSERT INTO "Address" ("Address_ID", "Postcode", "Street", "Street_number", "City_ID") VALUES (11, '00786', 'Königsbrücker Straße', 57, 18);
INSERT INTO "Address" ("Address_ID", "Postcode", "Street", "Street_number", "City_ID") VALUES (12, '66718', 'ul. Floriańska', 69, 2);
INSERT INTO "Address" ("Address_ID", "Postcode", "Street", "Street_number", "City_ID") VALUES (13, '96346', 'Via Etnea', 93, 50);
INSERT INTO "Address" ("Address_ID", "Postcode", "Street", "Street_number", "City_ID") VALUES (14, '66405', 'Avinguda de Jaume III', 70, 58);
INSERT INTO "Address" ("Address_ID", "Postcode", "Street", "Street_number", "City_ID") VALUES (15, '07466', 'Avenue Jean Médecin', 4, 25);
INSERT INTO "Address" ("Address_ID", "Postcode", "Street", "Street_number", "City_ID") VALUES (16, '61657', 'Bonner Straße', 79, 14);
INSERT INTO "Address" ("Address_ID", "Postcode", "Street", "Street_number", "City_ID") VALUES (17, '00603', 'Calle Sagasta', 4, 57);
INSERT INTO "Address" ("Address_ID", "Postcode", "Street", "Street_number", "City_ID") VALUES (18, '98880', 'Vahrenwalder Straße', 50, 20);
INSERT INTO "Address" ("Address_ID", "Postcode", "Street", "Street_number", "City_ID") VALUES (19, '84196', 'Queen Street', 10, 38);
INSERT INTO "Address" ("Address_ID", "Postcode", "Street", "Street_number", "City_ID") VALUES (20, '64996', 'Augustusplatz', 25, 19);
INSERT INTO "Address" ("Address_ID", "Postcode", "Street", "Street_number", "City_ID") VALUES (21, '55804', 'Borgo degli Albizi', 43, 48);
INSERT INTO "Address" ("Address_ID", "Postcode", "Street", "Street_number", "City_ID") VALUES (22, '37640', 'Smithdown Road', 25, 36);
INSERT INTO "Address" ("Address_ID", "Postcode", "Street", "Street_number", "City_ID") VALUES (23, '99992', 'George Street', 34, 38);
INSERT INTO "Address" ("Address_ID", "Postcode", "Street", "Street_number", "City_ID") VALUES (24, '67229', 'Calle de Xàtiva', 52, 53);
INSERT INTO "Address" ("Address_ID", "Postcode", "Street", "Street_number", "City_ID") VALUES (25, '43421', 'Rotebühlstraße', 86, 16);
INSERT INTO "Address" ("Address_ID", "Postcode", "Street", "Street_number", "City_ID") VALUES (26, '64284', 'Corso Italia', 90, 46);
INSERT INTO "Address" ("Address_ID", "Postcode", "Street", "Street_number", "City_ID") VALUES (27, '27913', 'ul. Focha', 23, 8);
INSERT INTO "Address" ("Address_ID", "Postcode", "Street", "Street_number", "City_ID") VALUES (28, '80188', 'Newport Road', 21, 40);
INSERT INTO "Address" ("Address_ID", "Postcode", "Street", "Street_number", "City_ID") VALUES (29, '85998', 'Aachener Straße', 24, 14);
INSERT INTO "Address" ("Address_ID", "Postcode", "Street", "Street_number", "City_ID") VALUES (30, '34589', 'Rue Crébillon', 82, 26);
INSERT INTO "Car_condition" ("Car_condition_ID", "Condition") VALUES (1, 'New');
INSERT INTO "Car_condition" ("Car_condition_ID", "Condition") VALUES (2, 'Used');
INSERT INTO "Car_condition" ("Car_condition_ID", "Condition") VALUES (3, 'Damaged');
INSERT INTO "Car_dealer" ("Car_dealer_ID", "Name", "Address_ID") VALUES (1, 'Grand Prix Motors', 4);
INSERT INTO "Car_dealer" ("Car_dealer_ID", "Name", "Address_ID") VALUES (2, 'CarPoint Auto', 18);
INSERT INTO "Car_dealer" ("Car_dealer_ID", "Name", "Address_ID") VALUES (3, 'TrueCar Hub', 1);
INSERT INTO "Car_dealer" ("Car_dealer_ID", "Name", "Address_ID") VALUES (4, 'Turbo Auto Mart', 8);
INSERT INTO "Car_dealer" ("Car_dealer_ID", "Name", "Address_ID") VALUES (5, 'CityRide Dealership', 26);
INSERT INTO "Car_dealer" ("Car_dealer_ID", "Name", "Address_ID") VALUES (6, 'Rapid Ride Dealers', 13);
INSERT INTO "Car_dealer" ("Car_dealer_ID", "Name", "Address_ID") VALUES (7, 'Zenith Car Sales', 3);
INSERT INTO "Car_dealer" ("Car_dealer_ID", "Name", "Address_ID") VALUES (8, 'CarNation Auto', 15);
INSERT INTO "Car_dealer" ("Car_dealer_ID", "Name", "Address_ID") VALUES (9, 'Motion Auto Center', 12);
INSERT INTO "Car_dealer" ("Car_dealer_ID", "Name", "Address_ID") VALUES (10, 'AutoNova', 9);
INSERT INTO "Car_dealer" ("Car_dealer_ID", "Name", "Address_ID") VALUES (11, 'FairDeal Cars', 20);
INSERT INTO "Car_dealer" ("Car_dealer_ID", "Name", "Address_ID") VALUES (12, 'Horizon Auto Hub', 24);
INSERT INTO "Car_dealer" ("Car_dealer_ID", "Name", "Address_ID") VALUES (13, 'Phoenix Auto Spot', 11);
INSERT INTO "Car_dealer" ("Car_dealer_ID", "Name", "Address_ID") VALUES (14, 'Autobahn Traders', 6);
INSERT INTO "Car_dealer" ("Car_dealer_ID", "Name", "Address_ID") VALUES (15, 'AutoKingz', 23);
INSERT INTO "Car_dealer" ("Car_dealer_ID", "Name", "Address_ID") VALUES (16, 'AutoCraft Showroom', 28);
INSERT INTO "Car_dealer" ("Car_dealer_ID", "Name", "Address_ID") VALUES (17, 'Apex Auto Mall', 30);
INSERT INTO "Car_dealer" ("Car_dealer_ID", "Name", "Address_ID") VALUES (18, 'Route66 Auto Sales', 10);
INSERT INTO "Car_dealer" ("Car_dealer_ID", "Name", "Address_ID") VALUES (19, 'Speedline Motors', 17);
INSERT INTO "Car_dealer" ("Car_dealer_ID", "Name", "Address_ID") VALUES (20, 'TopGear Motors', 16);
INSERT INTO "Car_dealer" ("Car_dealer_ID", "Name", "Address_ID") VALUES (21, 'Galaxy Auto Group', 5);
INSERT INTO "Car_dealer" ("Car_dealer_ID", "Name", "Address_ID") VALUES (22, 'AutoMaxx Dealership', 7);
INSERT INTO "Car_dealer" ("Car_dealer_ID", "Name", "Address_ID") VALUES (23, 'Metro Car Exchange', 21);
INSERT INTO "Car_dealer" ("Car_dealer_ID", "Name", "Address_ID") VALUES (24, 'WestEnd Motors', 27);
INSERT INTO "Car_dealer" ("Car_dealer_ID", "Name", "Address_ID") VALUES (25, 'Titan Auto Center', 14);
INSERT INTO "Car_dealer" ("Car_dealer_ID", "Name", "Address_ID") VALUES (26, 'DriveTime Motors', 29);
INSERT INTO "Car_dealer" ("Car_dealer_ID", "Name", "Address_ID") VALUES (27, 'Carverse Dealership', 2);
INSERT INTO "Car_dealer" ("Car_dealer_ID", "Name", "Address_ID") VALUES (28, 'LuxDrive Showroom', 19);
INSERT INTO "Car_dealer" ("Car_dealer_ID", "Name", "Address_ID") VALUES (29, 'FirstChoice Cars', 25);
INSERT INTO "Car_dealer" ("Car_dealer_ID", "Name", "Address_ID") VALUES (30, 'BlueSky Motors', 22);
INSERT INTO "Employee_status" ("Employee_status_ID", "Status_name") VALUES (1, 'Active');
INSERT INTO "Employee_status" ("Employee_status_ID", "Status_name") VALUES (2, 'On Leave');
INSERT INTO "Position" ("Position_ID", "Name", "Min_salary", "Max_salary") VALUES (1, 'Salesperson', 15785, 17105);
INSERT INTO "Position" ("Position_ID", "Name", "Min_salary", "Max_salary") VALUES (2, 'Manager', 4368, 9523);
INSERT INTO "Position" ("Position_ID", "Name", "Min_salary", "Max_salary") VALUES (3, 'Technician', 13851, 16539);
INSERT INTO "Employee" ("Employee_ID", "Name", "Surname", "Gender", "Salary", "Date_of_birth", "Phone_number", "Employee_status_ID", "Car_dealer_ID", "Login_credentials_ID") VALUES (1, 'Jenna', 'Rice', 'F', NULL, '1978-12-06', '942684829', 1, 6, NULL);
INSERT INTO "Employee" ("Employee_ID", "Name", "Surname", "Gender", "Salary", "Date_of_birth", "Phone_number", "Employee_status_ID", "Car_dealer_ID", "Login_credentials_ID") VALUES (2, 'Melanie', 'Hughes', 'F', NULL, '1979-06-18', '330213719', 2, 24, NULL);
INSERT INTO "Employee" ("Employee_ID", "Name", "Surname", "Gender", "Salary", "Date_of_birth", "Phone_number", "Employee_status_ID", "Car_dealer_ID", "Login_credentials_ID") VALUES (3, 'Ophelia', 'Fleming', 'F', NULL, '1962-09-26', '458475457', 2, 17, NULL);
INSERT INTO "Employee" ("Employee_ID", "Name", "Surname", "Gender", "Salary", "Date_of_birth", "Phone_number", "Employee_status_ID", "Car_dealer_ID", "Login_credentials_ID") VALUES (4, 'Sydney', 'Chapman', 'F', NULL, '2002-04-12', '640087135', 1, 18, NULL);
INSERT INTO "Employee" ("Employee_ID", "Name", "Surname", "Gender", "Salary", "Date_of_birth", "Phone_number", "Employee_status_ID", "Car_dealer_ID", "Login_credentials_ID") VALUES (5, 'Demi', 'Hardy', 'F', NULL, '1991-01-07', '276143769', 1, 2, NULL);
INSERT INTO "Employee" ("Employee_ID", "Name", "Surname", "Gender", "Salary", "Date_of_birth", "Phone_number", "Employee_status_ID", "Car_dealer_ID", "Login_credentials_ID") VALUES (6, 'Malik', 'Bishop', 'M', NULL, '1958-12-24', '824956273', 1, 9, NULL);
INSERT INTO "Employee" ("Employee_ID", "Name", "Surname", "Gender", "Salary", "Date_of_birth", "Phone_number", "Employee_status_ID", "Car_dealer_ID", "Login_credentials_ID") VALUES (7, 'Sawyer', 'Riley', 'M', NULL, '1998-05-30', '938222388', 2, 24, NULL);
INSERT INTO "Employee" ("Employee_ID", "Name", "Surname", "Gender", "Salary", "Date_of_birth", "Phone_number", "Employee_status_ID", "Car_dealer_ID", "Login_credentials_ID") VALUES (8, 'Margaret', 'Russell', 'F', NULL, '1970-02-03', '463976633', 2, 30, NULL);
INSERT INTO "Employee" ("Employee_ID", "Name", "Surname", "Gender", "Salary", "Date_of_birth", "Phone_number", "Employee_status_ID", "Car_dealer_ID", "Login_credentials_ID") VALUES (9, 'Remi', 'Baldwin', 'F', NULL, '2002-06-17', '462263208', 1, 17, NULL);
INSERT INTO "Employee" ("Employee_ID", "Name", "Surname", "Gender", "Salary", "Date_of_birth", "Phone_number", "Employee_status_ID", "Car_dealer_ID", "Login_credentials_ID") VALUES (10, 'Theo', 'Perkins', 'M', NULL, '1992-09-19', '265433069', 2, 27, NULL);
INSERT INTO "Employee" ("Employee_ID", "Name", "Surname", "Gender", "Salary", "Date_of_birth", "Phone_number", "Employee_status_ID", "Car_dealer_ID", "Login_credentials_ID") VALUES (11, 'Martin', 'Chandler', 'M', NULL, '1983-12-09', '231012680', 1, 12, NULL);
INSERT INTO "Employee" ("Employee_ID", "Name", "Surname", "Gender", "Salary", "Date_of_birth", "Phone_number", "Employee_status_ID", "Car_dealer_ID", "Login_credentials_ID") VALUES (12, 'Cash', 'Ray', 'M', NULL, '2002-08-06', '611764242', 1, 5, NULL);
INSERT INTO "Employee" ("Employee_ID", "Name", "Surname", "Gender", "Salary", "Date_of_birth", "Phone_number", "Employee_status_ID", "Car_dealer_ID", "Login_credentials_ID") VALUES (13, 'Maci', 'Paul', 'F', NULL, '1972-12-02', '304485197', 2, 2, NULL);
INSERT INTO "Employee" ("Employee_ID", "Name", "Surname", "Gender", "Salary", "Date_of_birth", "Phone_number", "Employee_status_ID", "Car_dealer_ID", "Login_credentials_ID") VALUES (14, 'Mia', 'Miller', 'F', NULL, '1982-10-17', '389829168', 1, 16, NULL);
INSERT INTO "Employee" ("Employee_ID", "Name", "Surname", "Gender", "Salary", "Date_of_birth", "Phone_number", "Employee_status_ID", "Car_dealer_ID", "Login_credentials_ID") VALUES (15, 'Brianna', 'Cross', 'F', NULL, '1986-06-25', '198997454', 1, 5, NULL);
INSERT INTO "Employee" ("Employee_ID", "Name", "Surname", "Gender", "Salary", "Date_of_birth", "Phone_number", "Employee_status_ID", "Car_dealer_ID", "Login_credentials_ID") VALUES (16, 'Alonzo', 'Barber', 'M', NULL, '2001-03-30', '688726842', 2, 21, NULL);
INSERT INTO "Employee" ("Employee_ID", "Name", "Surname", "Gender", "Salary", "Date_of_birth", "Phone_number", "Employee_status_ID", "Car_dealer_ID", "Login_credentials_ID") VALUES (17, 'Henry', 'Wilson', 'M', NULL, '1978-03-12', '494058544', 1, 4, NULL);
INSERT INTO "Employee" ("Employee_ID", "Name", "Surname", "Gender", "Salary", "Date_of_birth", "Phone_number", "Employee_status_ID", "Car_dealer_ID", "Login_credentials_ID") VALUES (18, 'Alice', 'Brooks', 'F', NULL, '1996-05-01', '157549061', 2, 16, NULL);
INSERT INTO "Employee" ("Employee_ID", "Name", "Surname", "Gender", "Salary", "Date_of_birth", "Phone_number", "Employee_status_ID", "Car_dealer_ID", "Login_credentials_ID") VALUES (19, 'Tatum', 'Wells', 'F', NULL, '1966-07-20', '106310205', 2, 29, NULL);
INSERT INTO "Employee" ("Employee_ID", "Name", "Surname", "Gender", "Salary", "Date_of_birth", "Phone_number", "Employee_status_ID", "Car_dealer_ID", "Login_credentials_ID") VALUES (20, 'Isaac', 'Nelson', 'M', NULL, '1970-01-31', '537267050', 2, 22, NULL);
INSERT INTO "Employee" ("Employee_ID", "Name", "Surname", "Gender", "Salary", "Date_of_birth", "Phone_number", "Employee_status_ID", "Car_dealer_ID", "Login_credentials_ID") VALUES (21, 'Brooklynn', 'Riley', 'F', NULL, '2000-03-07', '153807436', 1, 20, NULL);
INSERT INTO "Employee" ("Employee_ID", "Name", "Surname", "Gender", "Salary", "Date_of_birth", "Phone_number", "Employee_status_ID", "Car_dealer_ID", "Login_credentials_ID") VALUES (22, 'Emily', 'Thomas', 'F', NULL, '1976-12-04', '987969203', 2, 8, NULL);
INSERT INTO "Employee" ("Employee_ID", "Name", "Surname", "Gender", "Salary", "Date_of_birth", "Phone_number", "Employee_status_ID", "Car_dealer_ID", "Login_credentials_ID") VALUES (23, 'Ryker', 'Griffin', 'M', NULL, '1998-05-29', '435875711', 1, 19, NULL);
INSERT INTO "Employee" ("Employee_ID", "Name", "Surname", "Gender", "Salary", "Date_of_birth", "Phone_number", "Employee_status_ID", "Car_dealer_ID", "Login_credentials_ID") VALUES (24, 'Selena', 'Doyle', 'F', NULL, '1996-07-04', '699607631', 2, 26, NULL);
INSERT INTO "Employee" ("Employee_ID", "Name", "Surname", "Gender", "Salary", "Date_of_birth", "Phone_number", "Employee_status_ID", "Car_dealer_ID", "Login_credentials_ID") VALUES (25, 'Sadie', 'Torres', 'F', NULL, '1992-08-11', '291178460', 1, 7, NULL);
INSERT INTO "Employee" ("Employee_ID", "Name", "Surname", "Gender", "Salary", "Date_of_birth", "Phone_number", "Employee_status_ID", "Car_dealer_ID", "Login_credentials_ID") VALUES (26, 'Paul', 'Bishop', 'M', NULL, '1970-05-29', '705404435', 2, 3, NULL);
INSERT INTO "Employee" ("Employee_ID", "Name", "Surname", "Gender", "Salary", "Date_of_birth", "Phone_number", "Employee_status_ID", "Car_dealer_ID", "Login_credentials_ID") VALUES (27, 'Oakley', 'Barber', 'F', NULL, '1978-01-14', '682359790', 2, 24, NULL);
INSERT INTO "Employee" ("Employee_ID", "Name", "Surname", "Gender", "Salary", "Date_of_birth", "Phone_number", "Employee_status_ID", "Car_dealer_ID", "Login_credentials_ID") VALUES (28, 'Kaden', 'Wells', 'M', NULL, '1962-09-12', '999804960', 1, 12, NULL);
INSERT INTO "Employee" ("Employee_ID", "Name", "Surname", "Gender", "Salary", "Date_of_birth", "Phone_number", "Employee_status_ID", "Car_dealer_ID", "Login_credentials_ID") VALUES (29, 'Jane', 'Holmes', 'F', NULL, '2000-11-08', '571054847', 2, 3, NULL);
INSERT INTO "Employee" ("Employee_ID", "Name", "Surname", "Gender", "Salary", "Date_of_birth", "Phone_number", "Employee_status_ID", "Car_dealer_ID", "Login_credentials_ID") VALUES (30, 'Trinity', 'Simmons', 'F', NULL, '1984-07-08', '654055256', 2, 18, NULL);
INSERT INTO "Employee" ("Employee_ID", "Name", "Surname", "Gender", "Salary", "Date_of_birth", "Phone_number", "Employee_status_ID", "Car_dealer_ID", "Login_credentials_ID") VALUES (31, 'George', 'Morales', 'M', NULL, '1966-07-07', '461198394', 2, 27, NULL);
INSERT INTO "Employee" ("Employee_ID", "Name", "Surname", "Gender", "Salary", "Date_of_birth", "Phone_number", "Employee_status_ID", "Car_dealer_ID", "Login_credentials_ID") VALUES (32, 'Theodore', 'Lewis', 'M', NULL, '1960-03-08', '341187987', 2, 12, NULL);
INSERT INTO "Employee" ("Employee_ID", "Name", "Surname", "Gender", "Salary", "Date_of_birth", "Phone_number", "Employee_status_ID", "Car_dealer_ID", "Login_credentials_ID") VALUES (33, 'Judah', 'Elliott', 'M', NULL, '1959-02-05', '790275929', 2, 25, NULL);
INSERT INTO "Employee" ("Employee_ID", "Name", "Surname", "Gender", "Salary", "Date_of_birth", "Phone_number", "Employee_status_ID", "Car_dealer_ID", "Login_credentials_ID") VALUES (34, 'Blakely', 'Hudson', 'F', NULL, '1959-05-29', '328398882', 2, 18, NULL);
INSERT INTO "Employee" ("Employee_ID", "Name", "Surname", "Gender", "Salary", "Date_of_birth", "Phone_number", "Employee_status_ID", "Car_dealer_ID", "Login_credentials_ID") VALUES (35, 'Enzo', 'Wells', 'M', NULL, '1968-09-07', '918013411', 1, 18, NULL);
INSERT INTO "Employee" ("Employee_ID", "Name", "Surname", "Gender", "Salary", "Date_of_birth", "Phone_number", "Employee_status_ID", "Car_dealer_ID", "Login_credentials_ID") VALUES (36, 'Maria', 'Simmons', 'F', NULL, '1986-10-12', '952276295', 2, 20, NULL);
INSERT INTO "Employee" ("Employee_ID", "Name", "Surname", "Gender", "Salary", "Date_of_birth", "Phone_number", "Employee_status_ID", "Car_dealer_ID", "Login_credentials_ID") VALUES (37, 'Jonathan', 'Ramirez', 'M', NULL, '1992-09-11', '202485012', 2, 24, NULL);
INSERT INTO "Employee" ("Employee_ID", "Name", "Surname", "Gender", "Salary", "Date_of_birth", "Phone_number", "Employee_status_ID", "Car_dealer_ID", "Login_credentials_ID") VALUES (38, 'Reagan', 'Flores', 'F', NULL, '1956-07-04', '784204868', 2, 13, NULL);
INSERT INTO "Employee" ("Employee_ID", "Name", "Surname", "Gender", "Salary", "Date_of_birth", "Phone_number", "Employee_status_ID", "Car_dealer_ID", "Login_credentials_ID") VALUES (39, 'Everly', 'Price', 'F', NULL, '1959-09-14', '634447699', 1, 11, NULL);
INSERT INTO "Employee" ("Employee_ID", "Name", "Surname", "Gender", "Salary", "Date_of_birth", "Phone_number", "Employee_status_ID", "Car_dealer_ID", "Login_credentials_ID") VALUES (40, 'Josephine', 'Coleman', 'F', NULL, '2000-06-08', '182850111', 2, 29, NULL);
INSERT INTO "Employee" ("Employee_ID", "Name", "Surname", "Gender", "Salary", "Date_of_birth", "Phone_number", "Employee_status_ID", "Car_dealer_ID", "Login_credentials_ID") VALUES (41, 'Alexander', 'Moore', 'M', NULL, '1997-02-24', '532872389', 2, 7, NULL);
INSERT INTO "Employee" ("Employee_ID", "Name", "Surname", "Gender", "Salary", "Date_of_birth", "Phone_number", "Employee_status_ID", "Car_dealer_ID", "Login_credentials_ID") VALUES (42, 'Angela', 'Freeman', 'F', NULL, '1998-08-09', '751968820', 1, 10, NULL);
INSERT INTO "Employee" ("Employee_ID", "Name", "Surname", "Gender", "Salary", "Date_of_birth", "Phone_number", "Employee_status_ID", "Car_dealer_ID", "Login_credentials_ID") VALUES (43, 'Joanna', 'Horton', 'F', NULL, '1984-02-05', '390162166', 1, 8, NULL);
INSERT INTO "Employee" ("Employee_ID", "Name", "Surname", "Gender", "Salary", "Date_of_birth", "Phone_number", "Employee_status_ID", "Car_dealer_ID", "Login_credentials_ID") VALUES (44, 'Joseph', 'Hall', 'M', NULL, '1984-08-26', '595188599', 1, 20, NULL);
INSERT INTO "Employee" ("Employee_ID", "Name", "Surname", "Gender", "Salary", "Date_of_birth", "Phone_number", "Employee_status_ID", "Car_dealer_ID", "Login_credentials_ID") VALUES (45, 'Miranda', 'Drake', 'F', NULL, '1986-06-10', '570954815', 2, 1, NULL);
INSERT INTO "Employee" ("Employee_ID", "Name", "Surname", "Gender", "Salary", "Date_of_birth", "Phone_number", "Employee_status_ID", "Car_dealer_ID", "Login_credentials_ID") VALUES (46, 'Kennedy', 'Bell', 'F', NULL, '1974-06-21', '174086635', 2, 18, NULL);
INSERT INTO "Employee" ("Employee_ID", "Name", "Surname", "Gender", "Salary", "Date_of_birth", "Phone_number", "Employee_status_ID", "Car_dealer_ID", "Login_credentials_ID") VALUES (47, 'Kael', 'Carr', 'M', NULL, '1971-06-27', '832732052', 2, 27, NULL);
INSERT INTO "Employee" ("Employee_ID", "Name", "Surname", "Gender", "Salary", "Date_of_birth", "Phone_number", "Employee_status_ID", "Car_dealer_ID", "Login_credentials_ID") VALUES (48, 'Remington', 'Berry', 'M', NULL, '1970-03-27', '561721358', 1, 17, NULL);
INSERT INTO "Employee" ("Employee_ID", "Name", "Surname", "Gender", "Salary", "Date_of_birth", "Phone_number", "Employee_status_ID", "Car_dealer_ID", "Login_credentials_ID") VALUES (49, 'Amy', 'Hayes', 'F', NULL, '2003-11-30', '223741938', 2, 6, NULL);
INSERT INTO "Employee" ("Employee_ID", "Name", "Surname", "Gender", "Salary", "Date_of_birth", "Phone_number", "Employee_status_ID", "Car_dealer_ID", "Login_credentials_ID") VALUES (50, 'Camille', 'Boone', 'F', NULL, '1995-08-04', '696502994', 2, 17, NULL);
INSERT INTO "Employee" ("Employee_ID", "Name", "Surname", "Gender", "Salary", "Date_of_birth", "Phone_number", "Employee_status_ID", "Car_dealer_ID", "Login_credentials_ID") VALUES (51, 'Jaxon', 'Evans', 'M', NULL, '2001-05-19', '938066105', 2, 16, NULL);
INSERT INTO "Employee" ("Employee_ID", "Name", "Surname", "Gender", "Salary", "Date_of_birth", "Phone_number", "Employee_status_ID", "Car_dealer_ID", "Login_credentials_ID") VALUES (52, 'Aaliyah', 'Morgan', 'F', NULL, '1975-11-25', '704419899', 1, 2, NULL);
INSERT INTO "Employee" ("Employee_ID", "Name", "Surname", "Gender", "Salary", "Date_of_birth", "Phone_number", "Employee_status_ID", "Car_dealer_ID", "Login_credentials_ID") VALUES (53, 'Aniyah', 'Hawkins', 'F', NULL, '1974-06-25', '533979767', 1, 27, NULL);
INSERT INTO "Employee" ("Employee_ID", "Name", "Surname", "Gender", "Salary", "Date_of_birth", "Phone_number", "Employee_status_ID", "Car_dealer_ID", "Login_credentials_ID") VALUES (54, 'Benjamin', 'Miller', 'M', NULL, '1963-09-30', '515248755', 1, 12, NULL);
INSERT INTO "Employee" ("Employee_ID", "Name", "Surname", "Gender", "Salary", "Date_of_birth", "Phone_number", "Employee_status_ID", "Car_dealer_ID", "Login_credentials_ID") VALUES (55, 'Desmond', 'Farmer', 'M', NULL, '1981-10-21', '445675562', 2, 15, NULL);
INSERT INTO "Employee" ("Employee_ID", "Name", "Surname", "Gender", "Salary", "Date_of_birth", "Phone_number", "Employee_status_ID", "Car_dealer_ID", "Login_credentials_ID") VALUES (56, 'Autumn', 'Cooper', 'F', NULL, '2006-08-05', '431286317', 2, 24, NULL);
INSERT INTO "Employee" ("Employee_ID", "Name", "Surname", "Gender", "Salary", "Date_of_birth", "Phone_number", "Employee_status_ID", "Car_dealer_ID", "Login_credentials_ID") VALUES (57, 'Reed', 'Walsh', 'M', NULL, '1977-01-21', '127349256', 2, 3, NULL);
INSERT INTO "Employee" ("Employee_ID", "Name", "Surname", "Gender", "Salary", "Date_of_birth", "Phone_number", "Employee_status_ID", "Car_dealer_ID", "Login_credentials_ID") VALUES (58, 'Peter', 'Daniels', 'M', NULL, '1995-09-13', '932896626', 2, 11, NULL);
INSERT INTO "Employee" ("Employee_ID", "Name", "Surname", "Gender", "Salary", "Date_of_birth", "Phone_number", "Employee_status_ID", "Car_dealer_ID", "Login_credentials_ID") VALUES (59, 'Micah', 'Washington', 'M', NULL, '1960-08-02', '469010528', 1, 26, NULL);
INSERT INTO "Employee" ("Employee_ID", "Name", "Surname", "Gender", "Salary", "Date_of_birth", "Phone_number", "Employee_status_ID", "Car_dealer_ID", "Login_credentials_ID") VALUES (60, 'Amir', 'Olson', 'M', NULL, '1962-06-01', '701487433', 2, 3, NULL);
INSERT INTO "Employee" ("Employee_ID", "Name", "Surname", "Gender", "Salary", "Date_of_birth", "Phone_number", "Employee_status_ID", "Car_dealer_ID", "Login_credentials_ID") VALUES (61, 'Aaron', 'Richardson', 'M', NULL, '1974-12-23', '483884369', 2, 5, NULL);
INSERT INTO "Employee" ("Employee_ID", "Name", "Surname", "Gender", "Salary", "Date_of_birth", "Phone_number", "Employee_status_ID", "Car_dealer_ID", "Login_credentials_ID") VALUES (62, 'Jonah', 'Simmons', 'M', NULL, '1970-06-06', '812444504', 1, 25, NULL);
INSERT INTO "Employee" ("Employee_ID", "Name", "Surname", "Gender", "Salary", "Date_of_birth", "Phone_number", "Employee_status_ID", "Car_dealer_ID", "Login_credentials_ID") VALUES (63, 'Gracie', 'Walsh', 'F', NULL, '1979-03-28', '193072904', 1, 13, NULL);
INSERT INTO "Employee" ("Employee_ID", "Name", "Surname", "Gender", "Salary", "Date_of_birth", "Phone_number", "Employee_status_ID", "Car_dealer_ID", "Login_credentials_ID") VALUES (64, 'Shane', 'Horton', 'M', NULL, '1996-10-14', '803685548', 2, 25, NULL);
INSERT INTO "Employee" ("Employee_ID", "Name", "Surname", "Gender", "Salary", "Date_of_birth", "Phone_number", "Employee_status_ID", "Car_dealer_ID", "Login_credentials_ID") VALUES (65, 'Alan', 'Holland', 'M', NULL, '1965-01-19', '380528563', 1, 17, NULL);
INSERT INTO "Employee" ("Employee_ID", "Name", "Surname", "Gender", "Salary", "Date_of_birth", "Phone_number", "Employee_status_ID", "Car_dealer_ID", "Login_credentials_ID") VALUES (66, 'Ivy', 'Sanders', 'F', NULL, '1964-04-30', '970210268', 1, 22, NULL);
INSERT INTO "Employee" ("Employee_ID", "Name", "Surname", "Gender", "Salary", "Date_of_birth", "Phone_number", "Employee_status_ID", "Car_dealer_ID", "Login_credentials_ID") VALUES (67, 'Penelope', 'Lee', 'F', NULL, '1968-08-25', '877577127', 2, 17, NULL);
INSERT INTO "Employee" ("Employee_ID", "Name", "Surname", "Gender", "Salary", "Date_of_birth", "Phone_number", "Employee_status_ID", "Car_dealer_ID", "Login_credentials_ID") VALUES (68, 'Savannah', 'Gonzalez', 'F', NULL, '1971-03-14', '797443400', 2, 3, NULL);
INSERT INTO "Employee" ("Employee_ID", "Name", "Surname", "Gender", "Salary", "Date_of_birth", "Phone_number", "Employee_status_ID", "Car_dealer_ID", "Login_credentials_ID") VALUES (69, 'Wesley', 'Perry', 'M', NULL, '1995-05-28', '952274386', 2, 17, NULL);
INSERT INTO "Employee" ("Employee_ID", "Name", "Surname", "Gender", "Salary", "Date_of_birth", "Phone_number", "Employee_status_ID", "Car_dealer_ID", "Login_credentials_ID") VALUES (70, 'Ian', 'Ross', 'M', NULL, '1960-06-02', '653435415', 2, 11, NULL);
INSERT INTO "Employee" ("Employee_ID", "Name", "Surname", "Gender", "Salary", "Date_of_birth", "Phone_number", "Employee_status_ID", "Car_dealer_ID", "Login_credentials_ID") VALUES (71, 'Elena', 'Ramirez', 'F', NULL, '1971-06-18', '172033952', 2, 6, NULL);
INSERT INTO "Employee" ("Employee_ID", "Name", "Surname", "Gender", "Salary", "Date_of_birth", "Phone_number", "Employee_status_ID", "Car_dealer_ID", "Login_credentials_ID") VALUES (72, 'Daisy', 'Elliott', 'F', NULL, '1998-02-07', '578868214', 1, 16, NULL);
INSERT INTO "Employee" ("Employee_ID", "Name", "Surname", "Gender", "Salary", "Date_of_birth", "Phone_number", "Employee_status_ID", "Car_dealer_ID", "Login_credentials_ID") VALUES (73, 'Luca', 'Torres', 'M', NULL, '2006-04-03', '701080283', 2, 10, NULL);
INSERT INTO "Employee" ("Employee_ID", "Name", "Surname", "Gender", "Salary", "Date_of_birth", "Phone_number", "Employee_status_ID", "Car_dealer_ID", "Login_credentials_ID") VALUES (74, 'Nina', 'Arnold', 'F', NULL, '1993-02-16', '629847271', 2, 1, NULL);
INSERT INTO "Employee" ("Employee_ID", "Name", "Surname", "Gender", "Salary", "Date_of_birth", "Phone_number", "Employee_status_ID", "Car_dealer_ID", "Login_credentials_ID") VALUES (75, 'Willa', 'Franklin', 'F', NULL, '1998-03-12', '924843969', 1, 5, NULL);
INSERT INTO "Employee" ("Employee_ID", "Name", "Surname", "Gender", "Salary", "Date_of_birth", "Phone_number", "Employee_status_ID", "Car_dealer_ID", "Login_credentials_ID") VALUES (76, 'Eleanor', 'Green', 'F', NULL, '1978-09-17', '585094625', 2, 5, NULL);
INSERT INTO "Employee" ("Employee_ID", "Name", "Surname", "Gender", "Salary", "Date_of_birth", "Phone_number", "Employee_status_ID", "Car_dealer_ID", "Login_credentials_ID") VALUES (77, 'Kaleb', 'Lawson', 'M', NULL, '1976-10-15', '699757047', 2, 28, NULL);
INSERT INTO "Employee" ("Employee_ID", "Name", "Surname", "Gender", "Salary", "Date_of_birth", "Phone_number", "Employee_status_ID", "Car_dealer_ID", "Login_credentials_ID") VALUES (78, 'Lincoln', 'Carter', 'M', NULL, '1989-03-02', '592634562', 1, 26, NULL);
INSERT INTO "Employee" ("Employee_ID", "Name", "Surname", "Gender", "Salary", "Date_of_birth", "Phone_number", "Employee_status_ID", "Car_dealer_ID", "Login_credentials_ID") VALUES (79, 'Beau', 'Alexander', 'M', NULL, '1990-05-10', '514861865', 2, 19, NULL);
INSERT INTO "Employee" ("Employee_ID", "Name", "Surname", "Gender", "Salary", "Date_of_birth", "Phone_number", "Employee_status_ID", "Car_dealer_ID", "Login_credentials_ID") VALUES (80, 'Sofia', 'Harris', 'F', NULL, '1984-06-21', '401548060', 1, 1, NULL);
INSERT INTO "Employee" ("Employee_ID", "Name", "Surname", "Gender", "Salary", "Date_of_birth", "Phone_number", "Employee_status_ID", "Car_dealer_ID", "Login_credentials_ID") VALUES (81, 'Hailey', 'Richardson', 'F', NULL, '1986-05-23', '442626260', 1, 18, NULL);
INSERT INTO "Employee" ("Employee_ID", "Name", "Surname", "Gender", "Salary", "Date_of_birth", "Phone_number", "Employee_status_ID", "Car_dealer_ID", "Login_credentials_ID") VALUES (82, 'Layla', 'Hall', 'F', NULL, '2004-06-27', '520962300', 2, 7, NULL);
INSERT INTO "Employee" ("Employee_ID", "Name", "Surname", "Gender", "Salary", "Date_of_birth", "Phone_number", "Employee_status_ID", "Car_dealer_ID", "Login_credentials_ID") VALUES (83, 'Zane', 'Paul', 'M', NULL, '1991-10-04', '206737125', 2, 27, NULL);
INSERT INTO "Employee" ("Employee_ID", "Name", "Surname", "Gender", "Salary", "Date_of_birth", "Phone_number", "Employee_status_ID", "Car_dealer_ID", "Login_credentials_ID") VALUES (84, 'Jace', 'Jenkins', 'M', NULL, '1964-01-10', '937957020', 2, 10, NULL);
INSERT INTO "Employee" ("Employee_ID", "Name", "Surname", "Gender", "Salary", "Date_of_birth", "Phone_number", "Employee_status_ID", "Car_dealer_ID", "Login_credentials_ID") VALUES (85, 'Skye', 'Barrett', 'F', NULL, '1985-11-13', '165854948', 1, 3, NULL);
INSERT INTO "Employee" ("Employee_ID", "Name", "Surname", "Gender", "Salary", "Date_of_birth", "Phone_number", "Employee_status_ID", "Car_dealer_ID", "Login_credentials_ID") VALUES (86, 'Kaylee', 'Lane', 'F', NULL, '1959-12-01', '949768662', 2, 5, NULL);
INSERT INTO "Employee" ("Employee_ID", "Name", "Surname", "Gender", "Salary", "Date_of_birth", "Phone_number", "Employee_status_ID", "Car_dealer_ID", "Login_credentials_ID") VALUES (87, 'Callie', 'Matthews', 'F', NULL, '1977-10-15', '946534824', 1, 21, NULL);
INSERT INTO "Employee" ("Employee_ID", "Name", "Surname", "Gender", "Salary", "Date_of_birth", "Phone_number", "Employee_status_ID", "Car_dealer_ID", "Login_credentials_ID") VALUES (88, 'Christian', 'Cooper', 'M', NULL, '1982-08-09', '963770279', 1, 18, NULL);
INSERT INTO "Employee" ("Employee_ID", "Name", "Surname", "Gender", "Salary", "Date_of_birth", "Phone_number", "Employee_status_ID", "Car_dealer_ID", "Login_credentials_ID") VALUES (89, 'Heidi', 'Johnston', 'F', NULL, '1993-06-11', '958443612', 2, 4, NULL);
INSERT INTO "Employee" ("Employee_ID", "Name", "Surname", "Gender", "Salary", "Date_of_birth", "Phone_number", "Employee_status_ID", "Car_dealer_ID", "Login_credentials_ID") VALUES (90, 'Quinn', 'Gonzales', 'F', NULL, '1986-08-28', '254842440', 2, 8, NULL);
INSERT INTO "Employee" ("Employee_ID", "Name", "Surname", "Gender", "Salary", "Date_of_birth", "Phone_number", "Employee_status_ID", "Car_dealer_ID", "Login_credentials_ID") VALUES (91, 'Andres', 'Arnold', 'M', NULL, '1960-06-22', '708651028', 1, 26, NULL);
INSERT INTO "Employee" ("Employee_ID", "Name", "Surname", "Gender", "Salary", "Date_of_birth", "Phone_number", "Employee_status_ID", "Car_dealer_ID", "Login_credentials_ID") VALUES (92, 'Addison', 'Scott', 'F', NULL, '2001-03-04', '290991434', 2, 3, NULL);
INSERT INTO "Employee" ("Employee_ID", "Name", "Surname", "Gender", "Salary", "Date_of_birth", "Phone_number", "Employee_status_ID", "Car_dealer_ID", "Login_credentials_ID") VALUES (93, 'Alaia', 'Foster', 'F', NULL, '1996-12-14', '995074267', 1, 6, NULL);
INSERT INTO "Employee" ("Employee_ID", "Name", "Surname", "Gender", "Salary", "Date_of_birth", "Phone_number", "Employee_status_ID", "Car_dealer_ID", "Login_credentials_ID") VALUES (94, 'Hannah', 'Lopez', 'F', NULL, '1976-11-04', '880935968', 2, 1, NULL);
INSERT INTO "Employee" ("Employee_ID", "Name", "Surname", "Gender", "Salary", "Date_of_birth", "Phone_number", "Employee_status_ID", "Car_dealer_ID", "Login_credentials_ID") VALUES (95, 'Troy', 'Osborne', 'M', NULL, '1973-09-18', '505892984', 2, 23, NULL);
INSERT INTO "Employee" ("Employee_ID", "Name", "Surname", "Gender", "Salary", "Date_of_birth", "Phone_number", "Employee_status_ID", "Car_dealer_ID", "Login_credentials_ID") VALUES (96, 'Grace', 'Clark', 'F', NULL, '1964-11-13', '980738958', 2, 11, NULL);
INSERT INTO "Employee" ("Employee_ID", "Name", "Surname", "Gender", "Salary", "Date_of_birth", "Phone_number", "Employee_status_ID", "Car_dealer_ID", "Login_credentials_ID") VALUES (97, 'Hugo', 'Patrick', 'M', NULL, '1989-07-30', '112467164', 2, 20, NULL);
INSERT INTO "Employee" ("Employee_ID", "Name", "Surname", "Gender", "Salary", "Date_of_birth", "Phone_number", "Employee_status_ID", "Car_dealer_ID", "Login_credentials_ID") VALUES (98, 'Archer', 'Hudson', 'M', NULL, '2000-01-30', '940318689', 1, 3, NULL);
INSERT INTO "Employee" ("Employee_ID", "Name", "Surname", "Gender", "Salary", "Date_of_birth", "Phone_number", "Employee_status_ID", "Car_dealer_ID", "Login_credentials_ID") VALUES (99, 'Skylar', 'Parker', 'F', NULL, '1981-08-05', '705406915', 1, 16, NULL);
INSERT INTO "Employee" ("Employee_ID", "Name", "Surname", "Gender", "Salary", "Date_of_birth", "Phone_number", "Employee_status_ID", "Car_dealer_ID", "Login_credentials_ID") VALUES (100, 'Annabelle', 'Hampton', 'F', NULL, '2003-11-23', '654263195', 2, 14, NULL);
INSERT INTO "Client" ("Client_ID", "Name", "Surname", "Gender", "Mail", "Phone") VALUES (1, 'Zoey', 'Hernandez', 'F', 'Zoey.Hernandez@outlook.com', '598825631');
INSERT INTO "Client" ("Client_ID", "Name", "Surname", "Gender", "Mail", "Phone") VALUES (2, 'Jared', 'Roy', 'M', 'Jared.Roy@gmail.com', '339287007');
INSERT INTO "Client" ("Client_ID", "Name", "Surname", "Gender", "Mail", "Phone") VALUES (3, 'Jocelyn', 'Boyd', 'F', 'Jocelyn.Boyd@hotmail.com', '757479977');
INSERT INTO "Client" ("Client_ID", "Name", "Surname", "Gender", "Mail", "Phone") VALUES (4, 'Kali', 'Norton', 'F', 'Kali.Norton@hotmail.com', '718643544');
INSERT INTO "Client" ("Client_ID", "Name", "Surname", "Gender", "Mail", "Phone") VALUES (5, 'Claire', 'Edwards', 'F', 'Claire.Edwards@gmail.com', '995879054');
INSERT INTO "Client" ("Client_ID", "Name", "Surname", "Gender", "Mail", "Phone") VALUES (6, 'Charles', 'Campbell', 'M', 'Charles.Campbell@yahoo.com', '411163518');
INSERT INTO "Client" ("Client_ID", "Name", "Surname", "Gender", "Mail", "Phone") VALUES (7, 'Kinsley', 'Murphy', 'F', 'Kinsley.Murphy@gmail.com', '656042358');
INSERT INTO "Client" ("Client_ID", "Name", "Surname", "Gender", "Mail", "Phone") VALUES (8, 'Owen', 'Rodriguez', 'M', 'Owen.Rodriguez@protonmail.com', '996829240');
INSERT INTO "Client" ("Client_ID", "Name", "Surname", "Gender", "Mail", "Phone") VALUES (9, 'Natalie', 'Adams', 'F', 'Natalie.Adams@outlook.com', '827968340');
INSERT INTO "Client" ("Client_ID", "Name", "Surname", "Gender", "Mail", "Phone") VALUES (10, 'Charlotte', 'Davis', 'F', 'Charlotte.Davis@aol.com', '758419238');
INSERT INTO "Client" ("Client_ID", "Name", "Surname", "Gender", "Mail", "Phone") VALUES (11, 'Matilda', 'Todd', 'F', 'Matilda.Todd@hotmail.com', '563710810');
INSERT INTO "Client" ("Client_ID", "Name", "Surname", "Gender", "Mail", "Phone") VALUES (12, 'Ruth', 'Jordan', 'F', 'Ruth.Jordan@aol.com', '439989747');
INSERT INTO "Client" ("Client_ID", "Name", "Surname", "Gender", "Mail", "Phone") VALUES (13, 'Harmony', 'Stone', 'F', 'Harmony.Stone@protonmail.com', '446335783');
INSERT INTO "Client" ("Client_ID", "Name", "Surname", "Gender", "Mail", "Phone") VALUES (14, 'Journey', 'Norton', 'F', 'Journey.Norton@outlook.com', '659234895');
INSERT INTO "Client" ("Client_ID", "Name", "Surname", "Gender", "Mail", "Phone") VALUES (15, 'Genesis', 'Cook', 'F', 'Genesis.Cook@protonmail.com', '697801378');
INSERT INTO "Client" ("Client_ID", "Name", "Surname", "Gender", "Mail", "Phone") VALUES (16, 'Daniel', 'Thomas', 'M', 'Daniel.Thomas@protonmail.com', '483932631');
INSERT INTO "Client" ("Client_ID", "Name", "Surname", "Gender", "Mail", "Phone") VALUES (17, 'Jalen', 'Hardy', 'M', 'Jalen.Hardy@gmail.com', '622474919');
INSERT INTO "Client" ("Client_ID", "Name", "Surname", "Gender", "Mail", "Phone") VALUES (18, 'Kayden', 'Powell', 'M', 'Kayden.Powell@outlook.com', '698068327');
INSERT INTO "Client" ("Client_ID", "Name", "Surname", "Gender", "Mail", "Phone") VALUES (19, 'Eli', 'Bailey', 'M', 'Eli.Bailey@gmail.com', '763562129');
INSERT INTO "Client" ("Client_ID", "Name", "Surname", "Gender", "Mail", "Phone") VALUES (20, 'Gia', 'Cobb', 'F', 'Gia.Cobb@outlook.com', '400033546');
INSERT INTO "Client" ("Client_ID", "Name", "Surname", "Gender", "Mail", "Phone") VALUES (21, 'Audrey', 'Campbell', 'F', 'Audrey.Campbell@hotmail.com', '968145471');
INSERT INTO "Client" ("Client_ID", "Name", "Surname", "Gender", "Mail", "Phone") VALUES (22, 'Riley', 'Walker', 'F', 'Riley.Walker@aol.com', '102188271');
INSERT INTO "Client" ("Client_ID", "Name", "Surname", "Gender", "Mail", "Phone") VALUES (23, 'Ainsley', 'Farmer', 'F', 'Ainsley.Farmer@aol.com', '747769806');
INSERT INTO "Client" ("Client_ID", "Name", "Surname", "Gender", "Mail", "Phone") VALUES (24, 'Jayce', 'Drake', 'M', 'Jayce.Drake@outlook.com', '264870507');
INSERT INTO "Client" ("Client_ID", "Name", "Surname", "Gender", "Mail", "Phone") VALUES (25, 'Violet', 'Evans', 'F', 'Violet.Evans@outlook.com', '211049006');
INSERT INTO "Client" ("Client_ID", "Name", "Surname", "Gender", "Mail", "Phone") VALUES (26, 'Brooklyn', 'Nelson', 'F', 'Brooklyn.Nelson@hotmail.com', '451294589');
INSERT INTO "Client" ("Client_ID", "Name", "Surname", "Gender", "Mail", "Phone") VALUES (27, 'Logan', 'Vargas', 'F', 'Logan.Vargas@aol.com', '822480009');
INSERT INTO "Client" ("Client_ID", "Name", "Surname", "Gender", "Mail", "Phone") VALUES (28, 'Caroline', 'Reed', 'F', 'Caroline.Reed@aol.com', '741515389');
INSERT INTO "Client" ("Client_ID", "Name", "Surname", "Gender", "Mail", "Phone") VALUES (29, 'William', 'Garcia', 'M', 'William.Garcia@protonmail.com', '765200404');
INSERT INTO "Client" ("Client_ID", "Name", "Surname", "Gender", "Mail", "Phone") VALUES (30, 'Caleb', 'Cook', 'M', 'Caleb.Cook@yahoo.com', '670645589');
INSERT INTO "Client" ("Client_ID", "Name", "Surname", "Gender", "Mail", "Phone") VALUES (31, 'Fatima', 'Brady', 'F', 'Fatima.Brady@gmail.com', '855371077');
INSERT INTO "Client" ("Client_ID", "Name", "Surname", "Gender", "Mail", "Phone") VALUES (32, 'David', 'Young', 'M', 'David.Young@outlook.com', '396484993');
INSERT INTO "Client" ("Client_ID", "Name", "Surname", "Gender", "Mail", "Phone") VALUES (33, 'Mira', 'Berry', 'F', 'Mira.Berry@protonmail.com', '863699559');
INSERT INTO "Client" ("Client_ID", "Name", "Surname", "Gender", "Mail", "Phone") VALUES (34, 'Carly', 'Lamb', 'F', 'Carly.Lamb@yahoo.com', '283977089');
INSERT INTO "Client" ("Client_ID", "Name", "Surname", "Gender", "Mail", "Phone") VALUES (35, 'Warren', 'Steele', 'M', 'Warren.Steele@hotmail.com', '635492560');
INSERT INTO "Client" ("Client_ID", "Name", "Surname", "Gender", "Mail", "Phone") VALUES (36, 'Zion', 'Johnston', 'M', 'Zion.Johnston@hotmail.com', '472389428');
INSERT INTO "Client" ("Client_ID", "Name", "Surname", "Gender", "Mail", "Phone") VALUES (37, 'Tatum', 'Cobb', 'M', 'Tatum.Cobb@aol.com', '861661324');
INSERT INTO "Client" ("Client_ID", "Name", "Surname", "Gender", "Mail", "Phone") VALUES (38, 'Luke', 'Wright', 'M', 'Luke.Wright@aol.com', '545131289');
INSERT INTO "Client" ("Client_ID", "Name", "Surname", "Gender", "Mail", "Phone") VALUES (39, 'Lily', 'Hill', 'F', 'Lily.Hill@hotmail.com', '969267391');
INSERT INTO "Client" ("Client_ID", "Name", "Surname", "Gender", "Mail", "Phone") VALUES (40, 'Miles', 'Murphy', 'M', 'Miles.Murphy@aol.com', '426178152');
INSERT INTO "Client" ("Client_ID", "Name", "Surname", "Gender", "Mail", "Phone") VALUES (41, 'Jackson', 'Harris', 'M', 'Jackson.Harris@yahoo.com', '197206227');
INSERT INTO "Client" ("Client_ID", "Name", "Surname", "Gender", "Mail", "Phone") VALUES (42, 'Nolan', 'Rivera', 'M', 'Nolan.Rivera@aol.com', '192206764');
INSERT INTO "Client" ("Client_ID", "Name", "Surname", "Gender", "Mail", "Phone") VALUES (43, 'Charlee', 'Snyder', 'F', 'Charlee.Snyder@outlook.com', '954920955');
INSERT INTO "Client" ("Client_ID", "Name", "Surname", "Gender", "Mail", "Phone") VALUES (44, 'Vivian', 'Powell', 'F', 'Vivian.Powell@yahoo.com', '753069823');
INSERT INTO "Client" ("Client_ID", "Name", "Surname", "Gender", "Mail", "Phone") VALUES (45, 'Malachi', 'Henry', 'M', 'Malachi.Henry@yahoo.com', '222821782');
INSERT INTO "Client" ("Client_ID", "Name", "Surname", "Gender", "Mail", "Phone") VALUES (46, 'Adam', 'Coleman', 'M', 'Adam.Coleman@gmail.com', '659008957');
INSERT INTO "Client" ("Client_ID", "Name", "Surname", "Gender", "Mail", "Phone") VALUES (47, 'Cassidy', 'Brewer', 'F', 'Cassidy.Brewer@hotmail.com', '944574884');
INSERT INTO "Client" ("Client_ID", "Name", "Surname", "Gender", "Mail", "Phone") VALUES (48, 'Marco', 'Graves', 'M', 'Marco.Graves@hotmail.com', '291577996');
INSERT INTO "Client" ("Client_ID", "Name", "Surname", "Gender", "Mail", "Phone") VALUES (49, 'Vanessa', 'Henry', 'F', 'Vanessa.Henry@outlook.com', '660880676');
INSERT INTO "Client" ("Client_ID", "Name", "Surname", "Gender", "Mail", "Phone") VALUES (50, 'Rachel', 'Sullivan', 'F', 'Rachel.Sullivan@outlook.com', '360320528');
INSERT INTO "Client" ("Client_ID", "Name", "Surname", "Gender", "Mail", "Phone") VALUES (51, 'Paisley', 'Phillips', 'F', 'Paisley.Phillips@protonmail.com', '658190413');
INSERT INTO "Client" ("Client_ID", "Name", "Surname", "Gender", "Mail", "Phone") VALUES (52, 'Chloe', 'Rodriguez', 'F', 'Chloe.Rodriguez@yahoo.com', '597937075');
INSERT INTO "Client" ("Client_ID", "Name", "Surname", "Gender", "Mail", "Phone") VALUES (53, 'Oscar', 'Pierce', 'M', 'Oscar.Pierce@yahoo.com', '797428960');
INSERT INTO "Client" ("Client_ID", "Name", "Surname", "Gender", "Mail", "Phone") VALUES (54, 'Bianca', 'Roy', 'F', 'Bianca.Roy@yahoo.com', '173140149');
INSERT INTO "Client" ("Client_ID", "Name", "Surname", "Gender", "Mail", "Phone") VALUES (55, 'Nathaniel', 'Butler', 'M', 'Nathaniel.Butler@protonmail.com', '676816272');
INSERT INTO "Client" ("Client_ID", "Name", "Surname", "Gender", "Mail", "Phone") VALUES (56, 'Asher', 'Lopez', 'M', 'Asher.Lopez@aol.com', '594838619');
INSERT INTO "Client" ("Client_ID", "Name", "Surname", "Gender", "Mail", "Phone") VALUES (57, 'Scarlett', 'Garcia', 'F', 'Scarlett.Garcia@protonmail.com', '466276760');
INSERT INTO "Client" ("Client_ID", "Name", "Surname", "Gender", "Mail", "Phone") VALUES (58, 'Jayden', 'Baker', 'M', 'Jayden.Baker@yahoo.com', '299222713');
INSERT INTO "Client" ("Client_ID", "Name", "Surname", "Gender", "Mail", "Phone") VALUES (59, 'Lucy', 'Sanchez', 'F', 'Lucy.Sanchez@hotmail.com', '945679637');
INSERT INTO "Client" ("Client_ID", "Name", "Surname", "Gender", "Mail", "Phone") VALUES (60, 'Jade', 'Diaz', 'F', 'Jade.Diaz@protonmail.com', '120600582');
INSERT INTO "Client" ("Client_ID", "Name", "Surname", "Gender", "Mail", "Phone") VALUES (61, 'Natalia', 'Howard', 'F', 'Natalia.Howard@gmail.com', '745412379');
INSERT INTO "Client" ("Client_ID", "Name", "Surname", "Gender", "Mail", "Phone") VALUES (62, 'Grant', 'Hawkins', 'M', 'Grant.Hawkins@outlook.com', '315735253');
INSERT INTO "Client" ("Client_ID", "Name", "Surname", "Gender", "Mail", "Phone") VALUES (63, 'Danielle', 'Ballard', 'F', 'Danielle.Ballard@protonmail.com', '777152027');
INSERT INTO "Client" ("Client_ID", "Name", "Surname", "Gender", "Mail", "Phone") VALUES (64, 'Maggie', 'Moss', 'F', 'Maggie.Moss@hotmail.com', '841385626');
INSERT INTO "Client" ("Client_ID", "Name", "Surname", "Gender", "Mail", "Phone") VALUES (65, 'Myles', 'Hart', 'M', 'Myles.Hart@aol.com', '260428659');
INSERT INTO "Client" ("Client_ID", "Name", "Surname", "Gender", "Mail", "Phone") VALUES (66, 'Anthony', 'Mitchell', 'M', 'Anthony.Mitchell@aol.com', '390005472');
INSERT INTO "Client" ("Client_ID", "Name", "Surname", "Gender", "Mail", "Phone") VALUES (67, 'Ellis', 'Thornton', 'M', 'Ellis.Thornton@hotmail.com', '665393038');
INSERT INTO "Client" ("Client_ID", "Name", "Surname", "Gender", "Mail", "Phone") VALUES (68, 'Aria', 'Robinson', 'F', 'Aria.Robinson@gmail.com', '623787689');
INSERT INTO "Client" ("Client_ID", "Name", "Surname", "Gender", "Mail", "Phone") VALUES (69, 'Adrian', 'Bell', 'M', 'Adrian.Bell@protonmail.com', '502978396');
INSERT INTO "Client" ("Client_ID", "Name", "Surname", "Gender", "Mail", "Phone") VALUES (70, 'Gabriel', 'Gonzalez', 'M', 'Gabriel.Gonzalez@hotmail.com', '637802488');
INSERT INTO "Client" ("Client_ID", "Name", "Surname", "Gender", "Mail", "Phone") VALUES (71, 'Anna', 'Morris', 'F', 'Anna.Morris@outlook.com', '708875244');
INSERT INTO "Client" ("Client_ID", "Name", "Surname", "Gender", "Mail", "Phone") VALUES (72, 'Victor', 'Crawford', 'M', 'Victor.Crawford@gmail.com', '426342199');
INSERT INTO "Client" ("Client_ID", "Name", "Surname", "Gender", "Mail", "Phone") VALUES (73, 'Silas', 'Long', 'M', 'Silas.Long@aol.com', '340651315');
INSERT INTO "Client" ("Client_ID", "Name", "Surname", "Gender", "Mail", "Phone") VALUES (74, 'Jameson', 'Sullivan', 'M', 'Jameson.Sullivan@aol.com', '684925165');
INSERT INTO "Client" ("Client_ID", "Name", "Surname", "Gender", "Mail", "Phone") VALUES (75, 'Arya', 'Perry', 'F', 'Arya.Perry@aol.com', '434094298');
INSERT INTO "Client" ("Client_ID", "Name", "Surname", "Gender", "Mail", "Phone") VALUES (76, 'Sage', 'Pierce', 'F', 'Sage.Pierce@yahoo.com', '288441274');
INSERT INTO "Client" ("Client_ID", "Name", "Surname", "Gender", "Mail", "Phone") VALUES (77, 'Phoenix', 'Porter', 'M', 'Phoenix.Porter@protonmail.com', '986873215');
INSERT INTO "Client" ("Client_ID", "Name", "Surname", "Gender", "Mail", "Phone") VALUES (78, 'Amelia', 'Wilson', 'F', 'Amelia.Wilson@aol.com', '174211912');
INSERT INTO "Client" ("Client_ID", "Name", "Surname", "Gender", "Mail", "Phone") VALUES (79, 'Brody', 'Chapman', 'M', 'Brody.Chapman@protonmail.com', '524667177');
INSERT INTO "Client" ("Client_ID", "Name", "Surname", "Gender", "Mail", "Phone") VALUES (80, 'Lawson', 'Rice', 'M', 'Lawson.Rice@yahoo.com', '990409641');
INSERT INTO "Client" ("Client_ID", "Name", "Surname", "Gender", "Mail", "Phone") VALUES (81, 'Lucas', 'Davis', 'M', 'Lucas.Davis@yahoo.com', '108266290');
INSERT INTO "Client" ("Client_ID", "Name", "Surname", "Gender", "Mail", "Phone") VALUES (82, 'Gideon', 'Fleming', 'M', 'Gideon.Fleming@aol.com', '602667097');
INSERT INTO "Client" ("Client_ID", "Name", "Surname", "Gender", "Mail", "Phone") VALUES (83, 'Derek', 'Baldwin', 'M', 'Derek.Baldwin@gmail.com', '722969603');
INSERT INTO "Client" ("Client_ID", "Name", "Surname", "Gender", "Mail", "Phone") VALUES (84, 'Finn', 'Cole', 'M', 'Finn.Cole@yahoo.com', '810770511');
INSERT INTO "Client" ("Client_ID", "Name", "Surname", "Gender", "Mail", "Phone") VALUES (85, 'Wyatt', 'Hernandez', 'M', 'Wyatt.Hernandez@aol.com', '399592641');
INSERT INTO "Client" ("Client_ID", "Name", "Surname", "Gender", "Mail", "Phone") VALUES (86, 'Freya', 'Warren', 'F', 'Freya.Warren@outlook.com', '623197709');
INSERT INTO "Client" ("Client_ID", "Name", "Surname", "Gender", "Mail", "Phone") VALUES (87, 'Serenity', 'Ward', 'F', 'Serenity.Ward@aol.com', '522651683');
INSERT INTO "Client" ("Client_ID", "Name", "Surname", "Gender", "Mail", "Phone") VALUES (88, 'Ryan', 'Morgan', 'M', 'Ryan.Morgan@outlook.com', '141157401');
INSERT INTO "Client" ("Client_ID", "Name", "Surname", "Gender", "Mail", "Phone") VALUES (89, 'Spencer', 'Matthews', 'M', 'Spencer.Matthews@aol.com', '640024034');
INSERT INTO "Client" ("Client_ID", "Name", "Surname", "Gender", "Mail", "Phone") VALUES (90, 'Annie', 'Becker', 'F', 'Annie.Becker@outlook.com', '134407594');
INSERT INTO "Client" ("Client_ID", "Name", "Surname", "Gender", "Mail", "Phone") VALUES (91, 'Cyrus', 'Barrett', 'M', 'Cyrus.Barrett@yahoo.com', '648287512');
INSERT INTO "Client" ("Client_ID", "Name", "Surname", "Gender", "Mail", "Phone") VALUES (92, 'Joy', 'Thornton', 'F', 'Joy.Thornton@hotmail.com', '745060059');
INSERT INTO "Client" ("Client_ID", "Name", "Surname", "Gender", "Mail", "Phone") VALUES (93, 'Avery', 'White', 'F', 'Avery.White@outlook.com', '869311373');
INSERT INTO "Client" ("Client_ID", "Name", "Surname", "Gender", "Mail", "Phone") VALUES (94, 'Christopher', 'Parker', 'M', 'Christopher.Parker@yahoo.com', '167466327');
INSERT INTO "Client" ("Client_ID", "Name", "Surname", "Gender", "Mail", "Phone") VALUES (95, 'Kayla', 'Steele', 'F', 'Kayla.Steele@aol.com', '150292023');
INSERT INTO "Client" ("Client_ID", "Name", "Surname", "Gender", "Mail", "Phone") VALUES (96, 'Victoria', 'Martinez', 'F', 'Victoria.Martinez@gmail.com', '547162735');
INSERT INTO "Client" ("Client_ID", "Name", "Surname", "Gender", "Mail", "Phone") VALUES (97, 'Joshua', 'Rogers', 'M', 'Joshua.Rogers@gmail.com', '834236809');
INSERT INTO "Client" ("Client_ID", "Name", "Surname", "Gender", "Mail", "Phone") VALUES (98, 'Aubrey', 'Wright', 'F', 'Aubrey.Wright@yahoo.com', '350310296');
INSERT INTO "Client" ("Client_ID", "Name", "Surname", "Gender", "Mail", "Phone") VALUES (99, 'Carlos', 'Russell', 'M', 'Carlos.Russell@yahoo.com', '978441009');
INSERT INTO "Client" ("Client_ID", "Name", "Surname", "Gender", "Mail", "Phone") VALUES (100, 'Nicolas', 'Harper', 'M', 'Nicolas.Harper@protonmail.com', '679527265');
INSERT INTO "Transaction_type" ("Transaction_type_ID", "Name") VALUES (1, 'Purchase');
INSERT INTO "Transaction_type" ("Transaction_type_ID", "Name") VALUES (2, 'Lease');
INSERT INTO "Invoice" ("Invoice_ID", "Status", "Issue_date", "NIP") VALUES (127, 'Forgiven', '2015-01-04', 3859175425);
INSERT INTO "Invoice" ("Invoice_ID", "Status", "Issue_date", "NIP") VALUES (107, 'Refunded', '2021-06-25', 5727602441);
INSERT INTO "Invoice" ("Invoice_ID", "Status", "Issue_date", "NIP") VALUES (149, 'Overdue', '2020-09-15', 1177943486);
INSERT INTO "Invoice" ("Invoice_ID", "Status", "Issue_date", "NIP") VALUES (100, 'Refunded', '2018-07-18', 3281605093);
INSERT INTO "Invoice" ("Invoice_ID", "Status", "Issue_date", "NIP") VALUES (46, 'Paid', '2014-04-27', 6413932907);
INSERT INTO "Invoice" ("Invoice_ID", "Status", "Issue_date", "NIP") VALUES (194, 'Forgiven', '2018-06-16', 1604714912);
INSERT INTO "Invoice" ("Invoice_ID", "Status", "Issue_date", "NIP") VALUES (184, 'Overdue', '2021-06-21', 5528152399);
INSERT INTO "Invoice" ("Invoice_ID", "Status", "Issue_date", "NIP") VALUES (114, 'Forgiven', '2015-03-04', 7676971998);
INSERT INTO "Invoice" ("Invoice_ID", "Status", "Issue_date", "NIP") VALUES (83, 'Paid', '2022-12-12', 2445912368);
INSERT INTO "Invoice" ("Invoice_ID", "Status", "Issue_date", "NIP") VALUES (118, 'Refunded', '2017-07-19', 1171529038);
INSERT INTO "Invoice" ("Invoice_ID", "Status", "Issue_date", "NIP") VALUES (7, 'Refunded', '2019-12-13', 5123074679);
INSERT INTO "Invoice" ("Invoice_ID", "Status", "Issue_date", "NIP") VALUES (43, 'Paid', '2019-01-19', 9140962154);
INSERT INTO "Invoice" ("Invoice_ID", "Status", "Issue_date", "NIP") VALUES (185, 'Unpaid', '2023-02-01', 5480483559);
INSERT INTO "Invoice" ("Invoice_ID", "Status", "Issue_date", "NIP") VALUES (152, 'Overdue', '2018-09-04', 5002523463);
INSERT INTO "Invoice" ("Invoice_ID", "Status", "Issue_date", "NIP") VALUES (188, 'Refunded', '2021-06-02', 7838562061);
INSERT INTO "Invoice" ("Invoice_ID", "Status", "Issue_date", "NIP") VALUES (101, 'Overdue', '2018-05-14', 8417433891);
INSERT INTO "Invoice" ("Invoice_ID", "Status", "Issue_date", "NIP") VALUES (200, 'Refunded', '2020-11-04', 4538868129);
INSERT INTO "Invoice" ("Invoice_ID", "Status", "Issue_date", "NIP") VALUES (158, 'Paid', '2014-03-15', 4226235080);
INSERT INTO "Invoice" ("Invoice_ID", "Status", "Issue_date", "NIP") VALUES (168, 'Overdue', '2017-08-23', 5448879507);
INSERT INTO "Invoice" ("Invoice_ID", "Status", "Issue_date", "NIP") VALUES (196, 'Unpaid', '2022-10-31', 5349048600);
INSERT INTO "Invoice" ("Invoice_ID", "Status", "Issue_date", "NIP") VALUES (109, 'Overdue', '2022-11-30', 2554454917);
INSERT INTO "Invoice" ("Invoice_ID", "Status", "Issue_date", "NIP") VALUES (164, 'Overdue', '2018-12-28', 6218687256);
INSERT INTO "Invoice" ("Invoice_ID", "Status", "Issue_date", "NIP") VALUES (78, 'Unpaid', '2015-02-26', 7046241763);
INSERT INTO "Invoice" ("Invoice_ID", "Status", "Issue_date", "NIP") VALUES (13, 'Paid', '2015-02-23', 4494433854);
INSERT INTO "Invoice" ("Invoice_ID", "Status", "Issue_date", "NIP") VALUES (170, 'Refunded', '2015-09-23', 9775651980);
INSERT INTO "Invoice" ("Invoice_ID", "Status", "Issue_date", "NIP") VALUES (93, 'Overdue', '2020-09-09', 3367979636);
INSERT INTO "Invoice" ("Invoice_ID", "Status", "Issue_date", "NIP") VALUES (1, 'Paid', '2022-07-17', 3168457168);
INSERT INTO "Invoice" ("Invoice_ID", "Status", "Issue_date", "NIP") VALUES (113, 'Overdue', '2017-02-01', 8755095409);
INSERT INTO "Invoice" ("Invoice_ID", "Status", "Issue_date", "NIP") VALUES (110, 'Refunded', '2023-08-23', 2638838280);
INSERT INTO "Invoice" ("Invoice_ID", "Status", "Issue_date", "NIP") VALUES (62, 'Unpaid', '2017-02-27', 1218616513);
INSERT INTO "Invoice" ("Invoice_ID", "Status", "Issue_date", "NIP") VALUES (77, 'Overdue', '2016-04-03', 5439903837);
INSERT INTO "Invoice" ("Invoice_ID", "Status", "Issue_date", "NIP") VALUES (133, 'Forgiven', '2023-03-21', 8842065897);
INSERT INTO "Invoice" ("Invoice_ID", "Status", "Issue_date", "NIP") VALUES (34, 'Unpaid', '2017-09-29', 4956679299);
INSERT INTO "Invoice" ("Invoice_ID", "Status", "Issue_date", "NIP") VALUES (144, 'Unpaid', '2022-09-14', 2768751959);
INSERT INTO "Invoice" ("Invoice_ID", "Status", "Issue_date", "NIP") VALUES (147, 'Forgiven', '2019-02-21', 9424369033);
INSERT INTO "Invoice" ("Invoice_ID", "Status", "Issue_date", "NIP") VALUES (26, 'Refunded', '2023-11-19', 5905793936);
INSERT INTO "Invoice" ("Invoice_ID", "Status", "Issue_date", "NIP") VALUES (70, 'Paid', '2021-03-11', 6555112932);
INSERT INTO "Invoice" ("Invoice_ID", "Status", "Issue_date", "NIP") VALUES (162, 'Unpaid', '2018-08-22', 6856582347);
INSERT INTO "Invoice" ("Invoice_ID", "Status", "Issue_date", "NIP") VALUES (157, 'Unpaid', '2019-05-07', 6001254865);
INSERT INTO "Invoice" ("Invoice_ID", "Status", "Issue_date", "NIP") VALUES (172, 'Paid', '2023-11-28', 6084079339);
INSERT INTO "Invoice" ("Invoice_ID", "Status", "Issue_date", "NIP") VALUES (11, 'Overdue', '2021-11-14', 2587742278);
INSERT INTO "Invoice" ("Invoice_ID", "Status", "Issue_date", "NIP") VALUES (186, 'Paid', '2016-08-11', 5125639421);
INSERT INTO "Invoice" ("Invoice_ID", "Status", "Issue_date", "NIP") VALUES (53, 'Unpaid', '2016-01-16', 4057005999);
INSERT INTO "Invoice" ("Invoice_ID", "Status", "Issue_date", "NIP") VALUES (21, 'Unpaid', '2015-07-15', 7037523586);
INSERT INTO "Invoice" ("Invoice_ID", "Status", "Issue_date", "NIP") VALUES (117, 'Paid', '2019-06-05', 8579251691);
INSERT INTO "Invoice" ("Invoice_ID", "Status", "Issue_date", "NIP") VALUES (68, 'Paid', '2015-12-18', 3762021269);
INSERT INTO "Invoice" ("Invoice_ID", "Status", "Issue_date", "NIP") VALUES (156, 'Overdue', '2021-10-26', 4137656869);
INSERT INTO "Invoice" ("Invoice_ID", "Status", "Issue_date", "NIP") VALUES (183, 'Refunded', '2024-03-06', 2114361367);
INSERT INTO "Invoice" ("Invoice_ID", "Status", "Issue_date", "NIP") VALUES (75, 'Unpaid', '2017-07-30', 2988476477);
INSERT INTO "Invoice" ("Invoice_ID", "Status", "Issue_date", "NIP") VALUES (31, 'Forgiven', '2023-01-12', 6501894270);
INSERT INTO "Invoice" ("Invoice_ID", "Status", "Issue_date", "NIP") VALUES (111, 'Paid', '2018-02-01', 2724952364);
INSERT INTO "Invoice" ("Invoice_ID", "Status", "Issue_date", "NIP") VALUES (33, 'Paid', '2024-11-30', 8686033022);
INSERT INTO "Invoice" ("Invoice_ID", "Status", "Issue_date", "NIP") VALUES (148, 'Refunded', '2024-11-06', 4757243453);
INSERT INTO "Invoice" ("Invoice_ID", "Status", "Issue_date", "NIP") VALUES (71, 'Refunded', '2014-12-02', 9753134050);
INSERT INTO "Invoice" ("Invoice_ID", "Status", "Issue_date", "NIP") VALUES (146, 'Paid', '2015-01-06', 1901456017);
INSERT INTO "Invoice" ("Invoice_ID", "Status", "Issue_date", "NIP") VALUES (138, 'Overdue', '2015-10-10', 7081698243);
INSERT INTO "Invoice" ("Invoice_ID", "Status", "Issue_date", "NIP") VALUES (199, 'Refunded', '2023-08-20', 8168135337);
INSERT INTO "Invoice" ("Invoice_ID", "Status", "Issue_date", "NIP") VALUES (151, 'Paid', '2021-10-26', 2844352440);
INSERT INTO "Invoice" ("Invoice_ID", "Status", "Issue_date", "NIP") VALUES (73, 'Overdue', '2018-09-30', 2839263390);
INSERT INTO "Invoice" ("Invoice_ID", "Status", "Issue_date", "NIP") VALUES (143, 'Unpaid', '2016-12-24', 3322801712);
INSERT INTO "Invoice" ("Invoice_ID", "Status", "Issue_date", "NIP") VALUES (45, 'Forgiven', '2015-10-06', 2725635450);
INSERT INTO "Invoice" ("Invoice_ID", "Status", "Issue_date", "NIP") VALUES (125, 'Refunded', '2022-04-04', 8759839837);
INSERT INTO "Invoice" ("Invoice_ID", "Status", "Issue_date", "NIP") VALUES (29, 'Refunded', '2021-04-20', 3006404312);
INSERT INTO "Invoice" ("Invoice_ID", "Status", "Issue_date", "NIP") VALUES (27, 'Refunded', '2016-11-08', 3121806277);
INSERT INTO "Invoice" ("Invoice_ID", "Status", "Issue_date", "NIP") VALUES (167, 'Unpaid', '2022-05-14', 7513293859);
INSERT INTO "Invoice" ("Invoice_ID", "Status", "Issue_date", "NIP") VALUES (178, 'Overdue', '2019-01-04', 3957278498);
INSERT INTO "Invoice" ("Invoice_ID", "Status", "Issue_date", "NIP") VALUES (5, 'Unpaid', '2023-02-02', 6835990769);
INSERT INTO "Invoice" ("Invoice_ID", "Status", "Issue_date", "NIP") VALUES (159, 'Refunded', '2015-11-27', 6575242791);
INSERT INTO "Invoice" ("Invoice_ID", "Status", "Issue_date", "NIP") VALUES (89, 'Forgiven', '2021-12-16', 8708194415);
INSERT INTO "Invoice" ("Invoice_ID", "Status", "Issue_date", "NIP") VALUES (102, 'Unpaid', '2017-10-25', 2479016642);
INSERT INTO "Invoice" ("Invoice_ID", "Status", "Issue_date", "NIP") VALUES (140, 'Paid', '2021-06-22', 5382006997);
INSERT INTO "Invoice" ("Invoice_ID", "Status", "Issue_date", "NIP") VALUES (37, 'Refunded', '2021-07-14', 4214854500);
INSERT INTO "Invoice" ("Invoice_ID", "Status", "Issue_date", "NIP") VALUES (44, 'Forgiven', '2016-01-03', 7178800055);
INSERT INTO "Invoice" ("Invoice_ID", "Status", "Issue_date", "NIP") VALUES (79, 'Overdue', '2018-08-10', 2782308854);
INSERT INTO "Invoice" ("Invoice_ID", "Status", "Issue_date", "NIP") VALUES (12, 'Unpaid', '2023-02-16', 3842883730);
INSERT INTO "Invoice" ("Invoice_ID", "Status", "Issue_date", "NIP") VALUES (106, 'Paid', '2017-12-10', 6338512123);
INSERT INTO "Invoice" ("Invoice_ID", "Status", "Issue_date", "NIP") VALUES (90, 'Paid', '2020-06-07', 7142433487);
INSERT INTO "Invoice" ("Invoice_ID", "Status", "Issue_date", "NIP") VALUES (189, 'Paid', '2024-12-17', 6643226235);
INSERT INTO "Invoice" ("Invoice_ID", "Status", "Issue_date", "NIP") VALUES (98, 'Overdue', '2014-01-15', 1631434204);
INSERT INTO "Invoice" ("Invoice_ID", "Status", "Issue_date", "NIP") VALUES (60, 'Refunded', '2017-02-14', 1705314576);
INSERT INTO "Invoice" ("Invoice_ID", "Status", "Issue_date", "NIP") VALUES (134, 'Forgiven', '2018-11-02', 1305634085);
INSERT INTO "Invoice" ("Invoice_ID", "Status", "Issue_date", "NIP") VALUES (94, 'Forgiven', '2017-07-14', 3742767702);
INSERT INTO "Invoice" ("Invoice_ID", "Status", "Issue_date", "NIP") VALUES (142, 'Refunded', '2021-06-14', 4818849179);
INSERT INTO "Invoice" ("Invoice_ID", "Status", "Issue_date", "NIP") VALUES (95, 'Forgiven', '2019-11-25', 7347524365);
INSERT INTO "Invoice" ("Invoice_ID", "Status", "Issue_date", "NIP") VALUES (10, 'Forgiven', '2015-07-26', 5304662325);
INSERT INTO "Invoice" ("Invoice_ID", "Status", "Issue_date", "NIP") VALUES (57, 'Paid', '2021-07-16', 9062864552);
INSERT INTO "Invoice" ("Invoice_ID", "Status", "Issue_date", "NIP") VALUES (123, 'Paid', '2015-11-29', 3230489283);
INSERT INTO "Invoice" ("Invoice_ID", "Status", "Issue_date", "NIP") VALUES (139, 'Overdue', '2016-09-18', 4864834874);
INSERT INTO "Invoice" ("Invoice_ID", "Status", "Issue_date", "NIP") VALUES (126, 'Refunded', '2014-02-01', 5352684506);
INSERT INTO "Invoice" ("Invoice_ID", "Status", "Issue_date", "NIP") VALUES (165, 'Paid', '2018-02-14', 1757005590);
INSERT INTO "Invoice" ("Invoice_ID", "Status", "Issue_date", "NIP") VALUES (92, 'Paid', '2020-12-05', 1361797140);
INSERT INTO "Invoice" ("Invoice_ID", "Status", "Issue_date", "NIP") VALUES (99, 'Paid', '2016-06-03', 5570371042);
INSERT INTO "Invoice" ("Invoice_ID", "Status", "Issue_date", "NIP") VALUES (86, 'Overdue', '2020-05-16', 6529338832);
INSERT INTO "Invoice" ("Invoice_ID", "Status", "Issue_date", "NIP") VALUES (181, 'Refunded', '2019-07-18', 5325911042);
INSERT INTO "Invoice" ("Invoice_ID", "Status", "Issue_date", "NIP") VALUES (15, 'Overdue', '2020-01-13', 1566249987);
INSERT INTO "Invoice" ("Invoice_ID", "Status", "Issue_date", "NIP") VALUES (63, 'Refunded', '2021-01-19', 2470602448);
INSERT INTO "Invoice" ("Invoice_ID", "Status", "Issue_date", "NIP") VALUES (3, 'Overdue', '2023-03-05', 9227170333);
INSERT INTO "Invoice" ("Invoice_ID", "Status", "Issue_date", "NIP") VALUES (198, 'Forgiven', '2021-10-18', 8419898116);
INSERT INTO "Invoice" ("Invoice_ID", "Status", "Issue_date", "NIP") VALUES (197, 'Paid', '2023-06-29', 9918503978);
INSERT INTO "Invoice" ("Invoice_ID", "Status", "Issue_date", "NIP") VALUES (154, 'Refunded', '2014-05-04', 7664603179);
INSERT INTO "Invoice" ("Invoice_ID", "Status", "Issue_date", "NIP") VALUES (65, 'Forgiven', '2023-08-26', 6847252712);
INSERT INTO "Invoice" ("Invoice_ID", "Status", "Issue_date", "NIP") VALUES (40, 'Unpaid', '2016-05-15', 8363545324);
INSERT INTO "Invoice" ("Invoice_ID", "Status", "Issue_date", "NIP") VALUES (18, 'Overdue', '2019-09-13', 5179763720);
INSERT INTO "Invoice" ("Invoice_ID", "Status", "Issue_date", "NIP") VALUES (6, 'Paid', '2014-10-04', 6720709556);
INSERT INTO "Invoice" ("Invoice_ID", "Status", "Issue_date", "NIP") VALUES (137, 'Unpaid', '2021-11-06', 1994302927);
INSERT INTO "Invoice" ("Invoice_ID", "Status", "Issue_date", "NIP") VALUES (19, 'Paid', '2021-02-12', 3097685206);
INSERT INTO "Invoice" ("Invoice_ID", "Status", "Issue_date", "NIP") VALUES (25, 'Paid', '2021-01-12', 3099135092);
INSERT INTO "Invoice" ("Invoice_ID", "Status", "Issue_date", "NIP") VALUES (169, 'Overdue', '2022-06-01', 9103333658);
INSERT INTO "Invoice" ("Invoice_ID", "Status", "Issue_date", "NIP") VALUES (67, 'Refunded', '2023-05-04', 5988952407);
INSERT INTO "Invoice" ("Invoice_ID", "Status", "Issue_date", "NIP") VALUES (72, 'Overdue', '2022-03-04', 2925621138);
INSERT INTO "Invoice" ("Invoice_ID", "Status", "Issue_date", "NIP") VALUES (96, 'Unpaid', '2021-05-21', 9640481272);
INSERT INTO "Invoice" ("Invoice_ID", "Status", "Issue_date", "NIP") VALUES (173, 'Refunded', '2017-12-02', 6495199436);
INSERT INTO "Invoice" ("Invoice_ID", "Status", "Issue_date", "NIP") VALUES (103, 'Overdue', '2017-01-14', 9301451033);
INSERT INTO "Invoice" ("Invoice_ID", "Status", "Issue_date", "NIP") VALUES (30, 'Forgiven', '2022-06-08', 8791616338);
INSERT INTO "Invoice" ("Invoice_ID", "Status", "Issue_date", "NIP") VALUES (38, 'Unpaid', '2019-06-19', 7255414887);
INSERT INTO "Invoice" ("Invoice_ID", "Status", "Issue_date", "NIP") VALUES (20, 'Paid', '2019-05-19', 9566197548);
INSERT INTO "Invoice" ("Invoice_ID", "Status", "Issue_date", "NIP") VALUES (112, 'Forgiven', '2016-12-28', 9906959005);
INSERT INTO "Invoice" ("Invoice_ID", "Status", "Issue_date", "NIP") VALUES (42, 'Paid', '2014-01-02', 5492622240);
INSERT INTO "Invoice" ("Invoice_ID", "Status", "Issue_date", "NIP") VALUES (66, 'Paid', '2018-11-07', 9062210466);
INSERT INTO "Invoice" ("Invoice_ID", "Status", "Issue_date", "NIP") VALUES (119, 'Forgiven', '2019-03-10', 1475627566);
INSERT INTO "Invoice" ("Invoice_ID", "Status", "Issue_date", "NIP") VALUES (161, 'Unpaid', '2015-12-22', 4909626781);
INSERT INTO "Invoice" ("Invoice_ID", "Status", "Issue_date", "NIP") VALUES (130, 'Overdue', '2022-09-06', 4100228855);
INSERT INTO "Invoice" ("Invoice_ID", "Status", "Issue_date", "NIP") VALUES (59, 'Unpaid', '2018-11-17', 5431672030);
INSERT INTO "Invoice" ("Invoice_ID", "Status", "Issue_date", "NIP") VALUES (132, 'Unpaid', '2019-09-23', 7826211115);
INSERT INTO "Invoice" ("Invoice_ID", "Status", "Issue_date", "NIP") VALUES (8, 'Paid', '2021-05-30', 6813975140);
INSERT INTO "Invoice" ("Invoice_ID", "Status", "Issue_date", "NIP") VALUES (36, 'Overdue', '2016-11-24', 2961966294);
INSERT INTO "Invoice" ("Invoice_ID", "Status", "Issue_date", "NIP") VALUES (17, 'Refunded', '2017-10-31', 3693825545);
INSERT INTO "Invoice" ("Invoice_ID", "Status", "Issue_date", "NIP") VALUES (153, 'Forgiven', '2016-06-30', 5794067173);
INSERT INTO "Invoice" ("Invoice_ID", "Status", "Issue_date", "NIP") VALUES (129, 'Paid', '2021-03-17', 3331458289);
INSERT INTO "Invoice" ("Invoice_ID", "Status", "Issue_date", "NIP") VALUES (177, 'Unpaid', '2015-08-17', 4678224626);
INSERT INTO "Invoice" ("Invoice_ID", "Status", "Issue_date", "NIP") VALUES (51, 'Paid', '2024-08-17', 9785645549);
INSERT INTO "Invoice" ("Invoice_ID", "Status", "Issue_date", "NIP") VALUES (35, 'Refunded', '2016-08-03', 3085818631);
INSERT INTO "Invoice" ("Invoice_ID", "Status", "Issue_date", "NIP") VALUES (16, 'Unpaid', '2024-02-18', 2624215337);
INSERT INTO "Invoice" ("Invoice_ID", "Status", "Issue_date", "NIP") VALUES (61, 'Paid', '2022-09-20', 5210018597);
INSERT INTO "Invoice" ("Invoice_ID", "Status", "Issue_date", "NIP") VALUES (104, 'Forgiven', '2017-10-01', 7112939253);
INSERT INTO "Invoice" ("Invoice_ID", "Status", "Issue_date", "NIP") VALUES (120, 'Refunded', '2015-03-06', 1601077141);
INSERT INTO "Invoice" ("Invoice_ID", "Status", "Issue_date", "NIP") VALUES (56, 'Refunded', '2015-12-15', 3848619950);
INSERT INTO "Invoice" ("Invoice_ID", "Status", "Issue_date", "NIP") VALUES (82, 'Forgiven', '2017-04-04', 6795382701);
INSERT INTO "Invoice" ("Invoice_ID", "Status", "Issue_date", "NIP") VALUES (47, 'Paid', '2024-01-08', 8469335899);
INSERT INTO "Invoice" ("Invoice_ID", "Status", "Issue_date", "NIP") VALUES (190, 'Paid', '2018-10-30', 9584671474);
INSERT INTO "Invoice" ("Invoice_ID", "Status", "Issue_date", "NIP") VALUES (135, 'Paid', '2020-10-22', 5669464992);
INSERT INTO "Invoice" ("Invoice_ID", "Status", "Issue_date", "NIP") VALUES (191, 'Overdue', '2023-06-01', 2445729406);
INSERT INTO "Invoice" ("Invoice_ID", "Status", "Issue_date", "NIP") VALUES (160, 'Forgiven', '2020-11-13', 8241485082);
INSERT INTO "Invoice" ("Invoice_ID", "Status", "Issue_date", "NIP") VALUES (14, 'Forgiven', '2022-10-22', 9535992686);
INSERT INTO "Invoice" ("Invoice_ID", "Status", "Issue_date", "NIP") VALUES (182, 'Paid', '2019-12-30', 8760900207);
INSERT INTO "Invoice" ("Invoice_ID", "Status", "Issue_date", "NIP") VALUES (32, 'Overdue', '2017-12-10', 7758900291);
INSERT INTO "Invoice" ("Invoice_ID", "Status", "Issue_date", "NIP") VALUES (39, 'Unpaid', '2021-01-02', 3390125974);
INSERT INTO "Invoice" ("Invoice_ID", "Status", "Issue_date", "NIP") VALUES (23, 'Unpaid', '2016-12-25', 5925333130);
INSERT INTO "Invoice" ("Invoice_ID", "Status", "Issue_date", "NIP") VALUES (52, 'Unpaid', '2016-09-30', 5646183493);
INSERT INTO "Invoice" ("Invoice_ID", "Status", "Issue_date", "NIP") VALUES (49, 'Paid', '2018-02-01', 7438486850);
INSERT INTO "Invoice" ("Invoice_ID", "Status", "Issue_date", "NIP") VALUES (180, 'Unpaid', '2016-10-27', 2961354453);
INSERT INTO "Invoice" ("Invoice_ID", "Status", "Issue_date", "NIP") VALUES (115, 'Paid', '2014-12-12', 9580914723);
INSERT INTO "Invoice" ("Invoice_ID", "Status", "Issue_date", "NIP") VALUES (150, 'Refunded', '2014-04-04', 4758715144);
INSERT INTO "Invoice" ("Invoice_ID", "Status", "Issue_date", "NIP") VALUES (54, 'Paid', '2024-09-27', 3934540697);
INSERT INTO "Invoice" ("Invoice_ID", "Status", "Issue_date", "NIP") VALUES (91, 'Forgiven', '2017-01-12', 1510654039);
INSERT INTO "Invoice" ("Invoice_ID", "Status", "Issue_date", "NIP") VALUES (85, 'Forgiven', '2020-02-16', 5435957207);
INSERT INTO "Invoice" ("Invoice_ID", "Status", "Issue_date", "NIP") VALUES (116, 'Overdue', '2015-10-26', 8145213805);
INSERT INTO "Invoice" ("Invoice_ID", "Status", "Issue_date", "NIP") VALUES (121, 'Overdue', '2018-10-05', 4444882959);
INSERT INTO "Invoice" ("Invoice_ID", "Status", "Issue_date", "NIP") VALUES (4, 'Unpaid', '2018-09-26', 3212622020);
INSERT INTO "Invoice" ("Invoice_ID", "Status", "Issue_date", "NIP") VALUES (76, 'Unpaid', '2024-03-03', 8566148835);
INSERT INTO "Invoice" ("Invoice_ID", "Status", "Issue_date", "NIP") VALUES (48, 'Forgiven', '2018-03-04', 8267802434);
INSERT INTO "Invoice" ("Invoice_ID", "Status", "Issue_date", "NIP") VALUES (174, 'Forgiven', '2024-11-18', 3107591818);
INSERT INTO "Invoice" ("Invoice_ID", "Status", "Issue_date", "NIP") VALUES (136, 'Refunded', '2020-01-28', 8901528980);
INSERT INTO "Invoice" ("Invoice_ID", "Status", "Issue_date", "NIP") VALUES (122, 'Refunded', '2023-10-28', 4665832264);
INSERT INTO "Invoice" ("Invoice_ID", "Status", "Issue_date", "NIP") VALUES (155, 'Paid', '2020-09-05', 2800223601);
INSERT INTO "Invoice" ("Invoice_ID", "Status", "Issue_date", "NIP") VALUES (97, 'Paid', '2022-11-26', 1490644970);
INSERT INTO "Invoice" ("Invoice_ID", "Status", "Issue_date", "NIP") VALUES (84, 'Unpaid', '2018-05-20', 5421574266);
INSERT INTO "Invoice" ("Invoice_ID", "Status", "Issue_date", "NIP") VALUES (145, 'Paid', '2021-07-06', 2892922011);
INSERT INTO "Invoice" ("Invoice_ID", "Status", "Issue_date", "NIP") VALUES (22, 'Forgiven', '2022-05-12', 9333319090);
INSERT INTO "Invoice" ("Invoice_ID", "Status", "Issue_date", "NIP") VALUES (50, 'Unpaid', '2022-05-20', 9169951404);
INSERT INTO "Invoice" ("Invoice_ID", "Status", "Issue_date", "NIP") VALUES (105, 'Refunded', '2020-03-25', 9739856041);
INSERT INTO "Invoice" ("Invoice_ID", "Status", "Issue_date", "NIP") VALUES (81, 'Paid', '2023-10-06', 4574500771);
INSERT INTO "Invoice" ("Invoice_ID", "Status", "Issue_date", "NIP") VALUES (193, 'Unpaid', '2016-01-20', 3835223052);
INSERT INTO "Invoice" ("Invoice_ID", "Status", "Issue_date", "NIP") VALUES (131, 'Refunded', '2023-11-09', 6590588032);
INSERT INTO "Invoice" ("Invoice_ID", "Status", "Issue_date", "NIP") VALUES (28, 'Forgiven', '2021-01-04', 7407137108);
INSERT INTO "Invoice" ("Invoice_ID", "Status", "Issue_date", "NIP") VALUES (163, 'Unpaid', '2022-05-16', 5707374397);
INSERT INTO "Invoice" ("Invoice_ID", "Status", "Issue_date", "NIP") VALUES (176, 'Refunded', '2024-07-19', 7533837062);
INSERT INTO "Invoice" ("Invoice_ID", "Status", "Issue_date", "NIP") VALUES (24, 'Overdue', '2023-09-25', 3862246908);
INSERT INTO "Invoice" ("Invoice_ID", "Status", "Issue_date", "NIP") VALUES (175, 'Paid', '2021-12-04', 5579471202);
INSERT INTO "Invoice" ("Invoice_ID", "Status", "Issue_date", "NIP") VALUES (171, 'Unpaid', '2017-04-09', 2145813238);
INSERT INTO "Invoice" ("Invoice_ID", "Status", "Issue_date", "NIP") VALUES (187, 'Paid', '2023-11-29', 1965616757);
INSERT INTO "Invoice" ("Invoice_ID", "Status", "Issue_date", "NIP") VALUES (69, 'Forgiven', '2014-09-19', 8442862209);
INSERT INTO "Invoice" ("Invoice_ID", "Status", "Issue_date", "NIP") VALUES (179, 'Overdue', '2017-11-16', 8225246364);
INSERT INTO "Invoice" ("Invoice_ID", "Status", "Issue_date", "NIP") VALUES (141, 'Refunded', '2014-09-04', 6264573952);
INSERT INTO "Invoice" ("Invoice_ID", "Status", "Issue_date", "NIP") VALUES (74, 'Forgiven', '2023-09-24', 7715847628);
INSERT INTO "Invoice" ("Invoice_ID", "Status", "Issue_date", "NIP") VALUES (192, 'Forgiven', '2017-02-08', 8846049894);
INSERT INTO "Invoice" ("Invoice_ID", "Status", "Issue_date", "NIP") VALUES (55, 'Paid', '2021-01-19', 5655495956);
INSERT INTO "Invoice" ("Invoice_ID", "Status", "Issue_date", "NIP") VALUES (108, 'Forgiven', '2019-03-04', 1699770287);
INSERT INTO "Invoice" ("Invoice_ID", "Status", "Issue_date", "NIP") VALUES (87, 'Paid', '2017-03-18', 4410334086);
INSERT INTO "Invoice" ("Invoice_ID", "Status", "Issue_date", "NIP") VALUES (80, 'Unpaid', '2021-08-23', 8346825663);
INSERT INTO "Invoice" ("Invoice_ID", "Status", "Issue_date", "NIP") VALUES (2, 'Refunded', '2020-10-25', 5864420073);
INSERT INTO "Invoice" ("Invoice_ID", "Status", "Issue_date", "NIP") VALUES (88, 'Refunded', '2019-10-29', 8329099199);
INSERT INTO "Invoice" ("Invoice_ID", "Status", "Issue_date", "NIP") VALUES (64, 'Paid', '2016-12-29', 7122502320);
INSERT INTO "Invoice" ("Invoice_ID", "Status", "Issue_date", "NIP") VALUES (195, 'Forgiven', '2014-02-11', 4942045958);
INSERT INTO "Invoice" ("Invoice_ID", "Status", "Issue_date", "NIP") VALUES (124, 'Paid', '2015-05-15', 8920318607);
INSERT INTO "Invoice" ("Invoice_ID", "Status", "Issue_date", "NIP") VALUES (41, 'Unpaid', '2017-01-20', 2337896205);
INSERT INTO "Invoice" ("Invoice_ID", "Status", "Issue_date", "NIP") VALUES (9, 'Refunded', '2021-12-25', 3932076858);
INSERT INTO "Invoice" ("Invoice_ID", "Status", "Issue_date", "NIP") VALUES (128, 'Refunded', '2014-02-07', 9627205152);
INSERT INTO "Invoice" ("Invoice_ID", "Status", "Issue_date", "NIP") VALUES (166, 'Overdue', '2021-10-12', 1012354563);
INSERT INTO "Invoice" ("Invoice_ID", "Status", "Issue_date", "NIP") VALUES (58, 'Forgiven', '2014-05-30', 6869301073);
INSERT INTO "Transaction" ("Transaction_ID", "Date", "Value", "Client_ID", "Employee_ID", "Transaction_type_ID", "Invoice_ID") VALUES (1, '2015-01-04', 57677.1, 97, 66, 2, 127);
INSERT INTO "Transaction" ("Transaction_ID", "Date", "Value", "Client_ID", "Employee_ID", "Transaction_type_ID", "Invoice_ID") VALUES (2, '2021-06-25', 73794.7, 46, 78, 1, 107);
INSERT INTO "Transaction" ("Transaction_ID", "Date", "Value", "Client_ID", "Employee_ID", "Transaction_type_ID", "Invoice_ID") VALUES (3, '2020-09-15', 65318.03, 83, 1, 1, 149);
INSERT INTO "Transaction" ("Transaction_ID", "Date", "Value", "Client_ID", "Employee_ID", "Transaction_type_ID", "Invoice_ID") VALUES (4, '2018-07-18', 19572.23, 57, 75, 2, 100);
INSERT INTO "Transaction" ("Transaction_ID", "Date", "Value", "Client_ID", "Employee_ID", "Transaction_type_ID", "Invoice_ID") VALUES (5, '2014-04-27', 49333.95, 9, 9, 1, 46);
INSERT INTO "Transaction" ("Transaction_ID", "Date", "Value", "Client_ID", "Employee_ID", "Transaction_type_ID", "Invoice_ID") VALUES (6, '2018-06-16', 61503.98, 13, 44, 2, 194);
INSERT INTO "Transaction" ("Transaction_ID", "Date", "Value", "Client_ID", "Employee_ID", "Transaction_type_ID", "Invoice_ID") VALUES (7, '2021-06-21', 48193.05, 29, 90, 1, 184);
INSERT INTO "Transaction" ("Transaction_ID", "Date", "Value", "Client_ID", "Employee_ID", "Transaction_type_ID", "Invoice_ID") VALUES (8, '2015-03-04', 9675.73, 61, 52, 2, 114);
INSERT INTO "Transaction" ("Transaction_ID", "Date", "Value", "Client_ID", "Employee_ID", "Transaction_type_ID", "Invoice_ID") VALUES (9, '2022-12-12', 32614.6, 5, 9, 1, 83);
INSERT INTO "Transaction" ("Transaction_ID", "Date", "Value", "Client_ID", "Employee_ID", "Transaction_type_ID", "Invoice_ID") VALUES (10, '2017-07-19', 28093.68, 2, 4, 2, 118);
INSERT INTO "Transaction" ("Transaction_ID", "Date", "Value", "Client_ID", "Employee_ID", "Transaction_type_ID", "Invoice_ID") VALUES (11, '2019-12-13', 16157.43, 66, 23, 1, 7);
INSERT INTO "Transaction" ("Transaction_ID", "Date", "Value", "Client_ID", "Employee_ID", "Transaction_type_ID", "Invoice_ID") VALUES (12, '2019-01-19', 39003.85, 76, 63, 2, 43);
INSERT INTO "Transaction" ("Transaction_ID", "Date", "Value", "Client_ID", "Employee_ID", "Transaction_type_ID", "Invoice_ID") VALUES (13, '2023-02-01', 30292.26, 14, 96, 2, 185);
INSERT INTO "Transaction" ("Transaction_ID", "Date", "Value", "Client_ID", "Employee_ID", "Transaction_type_ID", "Invoice_ID") VALUES (14, '2018-09-04', 46510.61, 51, 34, 2, 152);
INSERT INTO "Transaction" ("Transaction_ID", "Date", "Value", "Client_ID", "Employee_ID", "Transaction_type_ID", "Invoice_ID") VALUES (15, '2021-06-02', 24225.29, 28, 13, 2, 188);
INSERT INTO "Transaction" ("Transaction_ID", "Date", "Value", "Client_ID", "Employee_ID", "Transaction_type_ID", "Invoice_ID") VALUES (16, '2018-05-14', 6354.53, 50, 23, 2, 101);
INSERT INTO "Transaction" ("Transaction_ID", "Date", "Value", "Client_ID", "Employee_ID", "Transaction_type_ID", "Invoice_ID") VALUES (17, '2020-11-04', 63987.13, 98, 12, 2, 200);
INSERT INTO "Transaction" ("Transaction_ID", "Date", "Value", "Client_ID", "Employee_ID", "Transaction_type_ID", "Invoice_ID") VALUES (18, '2014-03-15', 70235.67, 25, 90, 1, 158);
INSERT INTO "Transaction" ("Transaction_ID", "Date", "Value", "Client_ID", "Employee_ID", "Transaction_type_ID", "Invoice_ID") VALUES (19, '2017-08-23', 25436.71, 23, 27, 2, 168);
INSERT INTO "Transaction" ("Transaction_ID", "Date", "Value", "Client_ID", "Employee_ID", "Transaction_type_ID", "Invoice_ID") VALUES (20, '2022-10-31', 38289.85, 36, 50, 1, 196);
INSERT INTO "Transaction" ("Transaction_ID", "Date", "Value", "Client_ID", "Employee_ID", "Transaction_type_ID", "Invoice_ID") VALUES (21, '2022-11-30', 59295.48, 43, 81, 2, 109);
INSERT INTO "Transaction" ("Transaction_ID", "Date", "Value", "Client_ID", "Employee_ID", "Transaction_type_ID", "Invoice_ID") VALUES (22, '2018-12-28', 49698.05, 6, 95, 2, 164);
INSERT INTO "Transaction" ("Transaction_ID", "Date", "Value", "Client_ID", "Employee_ID", "Transaction_type_ID", "Invoice_ID") VALUES (23, '2015-02-26', 66004.86, 65, 67, 2, 78);
INSERT INTO "Transaction" ("Transaction_ID", "Date", "Value", "Client_ID", "Employee_ID", "Transaction_type_ID", "Invoice_ID") VALUES (24, '2015-02-23', 13330.47, 93, 1, 1, 13);
INSERT INTO "Transaction" ("Transaction_ID", "Date", "Value", "Client_ID", "Employee_ID", "Transaction_type_ID", "Invoice_ID") VALUES (25, '2015-09-23', 79484.14, 65, 23, 1, 170);
INSERT INTO "Transaction" ("Transaction_ID", "Date", "Value", "Client_ID", "Employee_ID", "Transaction_type_ID", "Invoice_ID") VALUES (26, '2020-09-09', 92531.88, 2, 61, 1, 93);
INSERT INTO "Transaction" ("Transaction_ID", "Date", "Value", "Client_ID", "Employee_ID", "Transaction_type_ID", "Invoice_ID") VALUES (27, '2022-07-17', 37785.2, 84, 83, 2, 1);
INSERT INTO "Transaction" ("Transaction_ID", "Date", "Value", "Client_ID", "Employee_ID", "Transaction_type_ID", "Invoice_ID") VALUES (28, '2017-02-01', 17195.0, 83, 42, 2, 113);
INSERT INTO "Transaction" ("Transaction_ID", "Date", "Value", "Client_ID", "Employee_ID", "Transaction_type_ID", "Invoice_ID") VALUES (29, '2023-08-23', 42236.34, 12, 73, 1, 110);
INSERT INTO "Transaction" ("Transaction_ID", "Date", "Value", "Client_ID", "Employee_ID", "Transaction_type_ID", "Invoice_ID") VALUES (30, '2017-02-27', 20441.23, 82, 60, 2, 62);
INSERT INTO "Transaction" ("Transaction_ID", "Date", "Value", "Client_ID", "Employee_ID", "Transaction_type_ID", "Invoice_ID") VALUES (31, '2016-04-03', 27701.45, 93, 92, 2, 77);
INSERT INTO "Transaction" ("Transaction_ID", "Date", "Value", "Client_ID", "Employee_ID", "Transaction_type_ID", "Invoice_ID") VALUES (32, '2023-03-21', 9414.2, 13, 94, 1, 133);
INSERT INTO "Transaction" ("Transaction_ID", "Date", "Value", "Client_ID", "Employee_ID", "Transaction_type_ID", "Invoice_ID") VALUES (33, '2017-09-29', 22432.19, 41, 23, 2, 34);
INSERT INTO "Transaction" ("Transaction_ID", "Date", "Value", "Client_ID", "Employee_ID", "Transaction_type_ID", "Invoice_ID") VALUES (34, '2022-09-14', 96378.19, 45, 18, 2, 144);
INSERT INTO "Transaction" ("Transaction_ID", "Date", "Value", "Client_ID", "Employee_ID", "Transaction_type_ID", "Invoice_ID") VALUES (35, '2019-02-21', 55723.22, 39, 49, 2, 147);
INSERT INTO "Transaction" ("Transaction_ID", "Date", "Value", "Client_ID", "Employee_ID", "Transaction_type_ID", "Invoice_ID") VALUES (36, '2023-11-19', 99919.17, 66, 86, 1, 26);
INSERT INTO "Transaction" ("Transaction_ID", "Date", "Value", "Client_ID", "Employee_ID", "Transaction_type_ID", "Invoice_ID") VALUES (37, '2021-03-11', 73491.79, 66, 77, 2, 70);
INSERT INTO "Transaction" ("Transaction_ID", "Date", "Value", "Client_ID", "Employee_ID", "Transaction_type_ID", "Invoice_ID") VALUES (38, '2018-08-22', 70018.25, 5, 90, 1, 162);
INSERT INTO "Transaction" ("Transaction_ID", "Date", "Value", "Client_ID", "Employee_ID", "Transaction_type_ID", "Invoice_ID") VALUES (39, '2019-05-07', 87369.47, 89, 20, 1, 157);
INSERT INTO "Transaction" ("Transaction_ID", "Date", "Value", "Client_ID", "Employee_ID", "Transaction_type_ID", "Invoice_ID") VALUES (40, '2023-11-28', 57547.54, 97, 2, 2, 172);
INSERT INTO "Transaction" ("Transaction_ID", "Date", "Value", "Client_ID", "Employee_ID", "Transaction_type_ID", "Invoice_ID") VALUES (41, '2021-11-14', 51093.29, 32, 80, 1, 11);
INSERT INTO "Transaction" ("Transaction_ID", "Date", "Value", "Client_ID", "Employee_ID", "Transaction_type_ID", "Invoice_ID") VALUES (42, '2016-08-11', 17845.8, 36, 18, 1, 186);
INSERT INTO "Transaction" ("Transaction_ID", "Date", "Value", "Client_ID", "Employee_ID", "Transaction_type_ID", "Invoice_ID") VALUES (43, '2016-01-16', 8050.2, 53, 88, 1, 53);
INSERT INTO "Transaction" ("Transaction_ID", "Date", "Value", "Client_ID", "Employee_ID", "Transaction_type_ID", "Invoice_ID") VALUES (44, '2015-07-15', 54642.56, 18, 85, 1, 21);
INSERT INTO "Transaction" ("Transaction_ID", "Date", "Value", "Client_ID", "Employee_ID", "Transaction_type_ID", "Invoice_ID") VALUES (45, '2019-06-05', 92664.44, 31, 24, 1, 117);
INSERT INTO "Transaction" ("Transaction_ID", "Date", "Value", "Client_ID", "Employee_ID", "Transaction_type_ID", "Invoice_ID") VALUES (46, '2015-12-18', 78440.04, 7, 49, 2, 68);
INSERT INTO "Transaction" ("Transaction_ID", "Date", "Value", "Client_ID", "Employee_ID", "Transaction_type_ID", "Invoice_ID") VALUES (47, '2021-10-26', 5522.17, 88, 33, 1, 156);
INSERT INTO "Transaction" ("Transaction_ID", "Date", "Value", "Client_ID", "Employee_ID", "Transaction_type_ID", "Invoice_ID") VALUES (48, '2024-03-06', 99862.23, 5, 72, 2, 183);
INSERT INTO "Transaction" ("Transaction_ID", "Date", "Value", "Client_ID", "Employee_ID", "Transaction_type_ID", "Invoice_ID") VALUES (49, '2017-07-30', 29469.47, 78, 86, 1, 75);
INSERT INTO "Transaction" ("Transaction_ID", "Date", "Value", "Client_ID", "Employee_ID", "Transaction_type_ID", "Invoice_ID") VALUES (50, '2023-01-12', 90367.53, 45, 14, 1, 31);
INSERT INTO "Transaction" ("Transaction_ID", "Date", "Value", "Client_ID", "Employee_ID", "Transaction_type_ID", "Invoice_ID") VALUES (51, '2018-02-01', 77264.24, 79, 51, 1, 111);
INSERT INTO "Transaction" ("Transaction_ID", "Date", "Value", "Client_ID", "Employee_ID", "Transaction_type_ID", "Invoice_ID") VALUES (52, '2024-11-30', 73813.4, 73, 34, 2, 33);
INSERT INTO "Transaction" ("Transaction_ID", "Date", "Value", "Client_ID", "Employee_ID", "Transaction_type_ID", "Invoice_ID") VALUES (53, '2024-11-06', 99775.62, 41, 32, 1, 148);
INSERT INTO "Transaction" ("Transaction_ID", "Date", "Value", "Client_ID", "Employee_ID", "Transaction_type_ID", "Invoice_ID") VALUES (54, '2014-12-02', 40886.75, 49, 95, 1, 71);
INSERT INTO "Transaction" ("Transaction_ID", "Date", "Value", "Client_ID", "Employee_ID", "Transaction_type_ID", "Invoice_ID") VALUES (55, '2015-01-06', 72055.11, 82, 6, 1, 146);
INSERT INTO "Transaction" ("Transaction_ID", "Date", "Value", "Client_ID", "Employee_ID", "Transaction_type_ID", "Invoice_ID") VALUES (56, '2015-10-10', 19423.56, 61, 16, 1, 138);
INSERT INTO "Transaction" ("Transaction_ID", "Date", "Value", "Client_ID", "Employee_ID", "Transaction_type_ID", "Invoice_ID") VALUES (57, '2023-08-20', 58636.01, 98, 74, 2, 199);
INSERT INTO "Transaction" ("Transaction_ID", "Date", "Value", "Client_ID", "Employee_ID", "Transaction_type_ID", "Invoice_ID") VALUES (58, '2021-10-26', 42675.06, 54, 5, 1, 151);
INSERT INTO "Transaction" ("Transaction_ID", "Date", "Value", "Client_ID", "Employee_ID", "Transaction_type_ID", "Invoice_ID") VALUES (59, '2018-09-30', 6011.47, 77, 34, 2, 73);
INSERT INTO "Transaction" ("Transaction_ID", "Date", "Value", "Client_ID", "Employee_ID", "Transaction_type_ID", "Invoice_ID") VALUES (60, '2016-12-24', 26436.79, 57, 7, 2, 143);
INSERT INTO "Transaction" ("Transaction_ID", "Date", "Value", "Client_ID", "Employee_ID", "Transaction_type_ID", "Invoice_ID") VALUES (61, '2015-10-06', 92513.47, 77, 60, 2, 45);
INSERT INTO "Transaction" ("Transaction_ID", "Date", "Value", "Client_ID", "Employee_ID", "Transaction_type_ID", "Invoice_ID") VALUES (62, '2022-04-04', 26701.89, 11, 99, 1, 125);
INSERT INTO "Transaction" ("Transaction_ID", "Date", "Value", "Client_ID", "Employee_ID", "Transaction_type_ID", "Invoice_ID") VALUES (63, '2021-04-20', 7257.12, 16, 9, 1, 29);
INSERT INTO "Transaction" ("Transaction_ID", "Date", "Value", "Client_ID", "Employee_ID", "Transaction_type_ID", "Invoice_ID") VALUES (64, '2016-11-08', 98112.85, 20, 23, 2, 27);
INSERT INTO "Transaction" ("Transaction_ID", "Date", "Value", "Client_ID", "Employee_ID", "Transaction_type_ID", "Invoice_ID") VALUES (65, '2022-05-14', 6417.55, 17, 25, 2, 167);
INSERT INTO "Transaction" ("Transaction_ID", "Date", "Value", "Client_ID", "Employee_ID", "Transaction_type_ID", "Invoice_ID") VALUES (66, '2019-01-04', 20861.5, 35, 78, 1, 178);
INSERT INTO "Transaction" ("Transaction_ID", "Date", "Value", "Client_ID", "Employee_ID", "Transaction_type_ID", "Invoice_ID") VALUES (67, '2023-02-02', 22551.98, 13, 32, 2, 5);
INSERT INTO "Transaction" ("Transaction_ID", "Date", "Value", "Client_ID", "Employee_ID", "Transaction_type_ID", "Invoice_ID") VALUES (68, '2015-11-27', 78986.32, 99, 30, 1, 159);
INSERT INTO "Transaction" ("Transaction_ID", "Date", "Value", "Client_ID", "Employee_ID", "Transaction_type_ID", "Invoice_ID") VALUES (69, '2021-12-16', 34690.99, 65, 35, 2, 89);
INSERT INTO "Transaction" ("Transaction_ID", "Date", "Value", "Client_ID", "Employee_ID", "Transaction_type_ID", "Invoice_ID") VALUES (70, '2017-10-25', 16321.77, 96, 14, 1, 102);
INSERT INTO "Transaction" ("Transaction_ID", "Date", "Value", "Client_ID", "Employee_ID", "Transaction_type_ID", "Invoice_ID") VALUES (71, '2021-06-22', 61163.54, 93, 54, 2, 140);
INSERT INTO "Transaction" ("Transaction_ID", "Date", "Value", "Client_ID", "Employee_ID", "Transaction_type_ID", "Invoice_ID") VALUES (72, '2021-07-14', 22632.15, 51, 66, 1, 37);
INSERT INTO "Transaction" ("Transaction_ID", "Date", "Value", "Client_ID", "Employee_ID", "Transaction_type_ID", "Invoice_ID") VALUES (73, '2016-01-03', 97104.62, 85, 81, 1, 44);
INSERT INTO "Transaction" ("Transaction_ID", "Date", "Value", "Client_ID", "Employee_ID", "Transaction_type_ID", "Invoice_ID") VALUES (74, '2018-08-10', 26107.17, 99, 80, 2, 79);
INSERT INTO "Transaction" ("Transaction_ID", "Date", "Value", "Client_ID", "Employee_ID", "Transaction_type_ID", "Invoice_ID") VALUES (75, '2023-02-16', 40403.79, 4, 50, 1, 12);
INSERT INTO "Transaction" ("Transaction_ID", "Date", "Value", "Client_ID", "Employee_ID", "Transaction_type_ID", "Invoice_ID") VALUES (76, '2017-12-10', 64830.42, 93, 30, 2, 106);
INSERT INTO "Transaction" ("Transaction_ID", "Date", "Value", "Client_ID", "Employee_ID", "Transaction_type_ID", "Invoice_ID") VALUES (77, '2020-06-07', 18441.52, 7, 25, 2, 90);
INSERT INTO "Transaction" ("Transaction_ID", "Date", "Value", "Client_ID", "Employee_ID", "Transaction_type_ID", "Invoice_ID") VALUES (78, '2024-12-17', 97735.31, 62, 73, 1, 189);
INSERT INTO "Transaction" ("Transaction_ID", "Date", "Value", "Client_ID", "Employee_ID", "Transaction_type_ID", "Invoice_ID") VALUES (79, '2014-01-15', 79569.54, 8, 2, 2, 98);
INSERT INTO "Transaction" ("Transaction_ID", "Date", "Value", "Client_ID", "Employee_ID", "Transaction_type_ID", "Invoice_ID") VALUES (80, '2017-02-14', 22926.36, 18, 64, 2, 60);
INSERT INTO "Transaction" ("Transaction_ID", "Date", "Value", "Client_ID", "Employee_ID", "Transaction_type_ID", "Invoice_ID") VALUES (81, '2018-11-02', 16218.38, 84, 31, 1, 134);
INSERT INTO "Transaction" ("Transaction_ID", "Date", "Value", "Client_ID", "Employee_ID", "Transaction_type_ID", "Invoice_ID") VALUES (82, '2017-07-14', 24326.81, 56, 2, 1, 94);
INSERT INTO "Transaction" ("Transaction_ID", "Date", "Value", "Client_ID", "Employee_ID", "Transaction_type_ID", "Invoice_ID") VALUES (83, '2021-06-14', 63760.02, 98, 64, 2, 142);
INSERT INTO "Transaction" ("Transaction_ID", "Date", "Value", "Client_ID", "Employee_ID", "Transaction_type_ID", "Invoice_ID") VALUES (84, '2019-11-25', 73762.17, 94, 96, 1, 95);
INSERT INTO "Transaction" ("Transaction_ID", "Date", "Value", "Client_ID", "Employee_ID", "Transaction_type_ID", "Invoice_ID") VALUES (85, '2015-07-26', 51656.88, 46, 3, 2, 10);
INSERT INTO "Transaction" ("Transaction_ID", "Date", "Value", "Client_ID", "Employee_ID", "Transaction_type_ID", "Invoice_ID") VALUES (86, '2021-07-16', 34507.2, 86, 18, 1, 57);
INSERT INTO "Transaction" ("Transaction_ID", "Date", "Value", "Client_ID", "Employee_ID", "Transaction_type_ID", "Invoice_ID") VALUES (87, '2015-11-29', 80052.41, 91, 46, 2, 123);
INSERT INTO "Transaction" ("Transaction_ID", "Date", "Value", "Client_ID", "Employee_ID", "Transaction_type_ID", "Invoice_ID") VALUES (88, '2016-09-18', 73002.43, 38, 54, 2, 139);
INSERT INTO "Transaction" ("Transaction_ID", "Date", "Value", "Client_ID", "Employee_ID", "Transaction_type_ID", "Invoice_ID") VALUES (89, '2014-02-01', 8356.52, 83, 35, 1, 126);
INSERT INTO "Transaction" ("Transaction_ID", "Date", "Value", "Client_ID", "Employee_ID", "Transaction_type_ID", "Invoice_ID") VALUES (90, '2018-02-14', 35763.09, 23, 77, 2, 165);
INSERT INTO "Transaction" ("Transaction_ID", "Date", "Value", "Client_ID", "Employee_ID", "Transaction_type_ID", "Invoice_ID") VALUES (91, '2020-12-05', 73251.09, 44, 65, 2, 92);
INSERT INTO "Transaction" ("Transaction_ID", "Date", "Value", "Client_ID", "Employee_ID", "Transaction_type_ID", "Invoice_ID") VALUES (92, '2016-06-03', 15317.35, 41, 9, 2, 99);
INSERT INTO "Transaction" ("Transaction_ID", "Date", "Value", "Client_ID", "Employee_ID", "Transaction_type_ID", "Invoice_ID") VALUES (93, '2020-05-16', 87268.64, 92, 75, 2, 86);
INSERT INTO "Transaction" ("Transaction_ID", "Date", "Value", "Client_ID", "Employee_ID", "Transaction_type_ID", "Invoice_ID") VALUES (94, '2019-07-18', 13810.95, 82, 35, 2, 181);
INSERT INTO "Transaction" ("Transaction_ID", "Date", "Value", "Client_ID", "Employee_ID", "Transaction_type_ID", "Invoice_ID") VALUES (95, '2020-01-13', 21731.74, 85, 61, 1, 15);
INSERT INTO "Transaction" ("Transaction_ID", "Date", "Value", "Client_ID", "Employee_ID", "Transaction_type_ID", "Invoice_ID") VALUES (96, '2021-01-19', 36377.77, 59, 19, 2, 63);
INSERT INTO "Transaction" ("Transaction_ID", "Date", "Value", "Client_ID", "Employee_ID", "Transaction_type_ID", "Invoice_ID") VALUES (97, '2023-03-05', 46575.21, 64, 55, 1, 3);
INSERT INTO "Transaction" ("Transaction_ID", "Date", "Value", "Client_ID", "Employee_ID", "Transaction_type_ID", "Invoice_ID") VALUES (98, '2021-10-18', 28364.9, 20, 5, 2, 198);
INSERT INTO "Transaction" ("Transaction_ID", "Date", "Value", "Client_ID", "Employee_ID", "Transaction_type_ID", "Invoice_ID") VALUES (99, '2023-06-29', 62946.25, 44, 38, 2, 197);
INSERT INTO "Transaction" ("Transaction_ID", "Date", "Value", "Client_ID", "Employee_ID", "Transaction_type_ID", "Invoice_ID") VALUES (100, '2014-05-04', 55723.32, 1, 58, 2, 154);
INSERT INTO "Transaction" ("Transaction_ID", "Date", "Value", "Client_ID", "Employee_ID", "Transaction_type_ID", "Invoice_ID") VALUES (101, '2023-08-26', 66502.46, 95, 80, 1, 65);
INSERT INTO "Transaction" ("Transaction_ID", "Date", "Value", "Client_ID", "Employee_ID", "Transaction_type_ID", "Invoice_ID") VALUES (102, '2016-05-15', 14056.85, 7, 95, 1, 40);
INSERT INTO "Transaction" ("Transaction_ID", "Date", "Value", "Client_ID", "Employee_ID", "Transaction_type_ID", "Invoice_ID") VALUES (103, '2019-09-13', 18989.71, 15, 11, 2, 18);
INSERT INTO "Transaction" ("Transaction_ID", "Date", "Value", "Client_ID", "Employee_ID", "Transaction_type_ID", "Invoice_ID") VALUES (104, '2014-10-04', 76388.73, 78, 95, 1, 6);
INSERT INTO "Transaction" ("Transaction_ID", "Date", "Value", "Client_ID", "Employee_ID", "Transaction_type_ID", "Invoice_ID") VALUES (105, '2021-11-06', 27714.21, 90, 18, 2, 137);
INSERT INTO "Transaction" ("Transaction_ID", "Date", "Value", "Client_ID", "Employee_ID", "Transaction_type_ID", "Invoice_ID") VALUES (106, '2021-02-12', 93609.61, 2, 93, 1, 19);
INSERT INTO "Transaction" ("Transaction_ID", "Date", "Value", "Client_ID", "Employee_ID", "Transaction_type_ID", "Invoice_ID") VALUES (107, '2021-01-12', 82808.46, 78, 9, 2, 25);
INSERT INTO "Transaction" ("Transaction_ID", "Date", "Value", "Client_ID", "Employee_ID", "Transaction_type_ID", "Invoice_ID") VALUES (108, '2022-06-01', 91787.44, 56, 69, 2, 169);
INSERT INTO "Transaction" ("Transaction_ID", "Date", "Value", "Client_ID", "Employee_ID", "Transaction_type_ID", "Invoice_ID") VALUES (109, '2023-05-04', 34340.58, 78, 52, 2, 67);
INSERT INTO "Transaction" ("Transaction_ID", "Date", "Value", "Client_ID", "Employee_ID", "Transaction_type_ID", "Invoice_ID") VALUES (110, '2022-03-04', 71514.97, 37, 43, 2, 72);
INSERT INTO "Transaction" ("Transaction_ID", "Date", "Value", "Client_ID", "Employee_ID", "Transaction_type_ID", "Invoice_ID") VALUES (111, '2021-05-21', 96303.15, 17, 64, 1, 96);
INSERT INTO "Transaction" ("Transaction_ID", "Date", "Value", "Client_ID", "Employee_ID", "Transaction_type_ID", "Invoice_ID") VALUES (112, '2017-12-02', 60841.6, 4, 22, 1, 173);
INSERT INTO "Transaction" ("Transaction_ID", "Date", "Value", "Client_ID", "Employee_ID", "Transaction_type_ID", "Invoice_ID") VALUES (113, '2017-01-14', 52163.23, 33, 79, 2, 103);
INSERT INTO "Transaction" ("Transaction_ID", "Date", "Value", "Client_ID", "Employee_ID", "Transaction_type_ID", "Invoice_ID") VALUES (114, '2022-06-08', 87430.39, 9, 15, 2, 30);
INSERT INTO "Transaction" ("Transaction_ID", "Date", "Value", "Client_ID", "Employee_ID", "Transaction_type_ID", "Invoice_ID") VALUES (115, '2019-06-19', 70175.63, 69, 72, 2, 38);
INSERT INTO "Transaction" ("Transaction_ID", "Date", "Value", "Client_ID", "Employee_ID", "Transaction_type_ID", "Invoice_ID") VALUES (116, '2019-05-19', 82786.44, 41, 67, 1, 20);
INSERT INTO "Transaction" ("Transaction_ID", "Date", "Value", "Client_ID", "Employee_ID", "Transaction_type_ID", "Invoice_ID") VALUES (117, '2016-12-28', 32674.65, 66, 39, 1, 112);
INSERT INTO "Transaction" ("Transaction_ID", "Date", "Value", "Client_ID", "Employee_ID", "Transaction_type_ID", "Invoice_ID") VALUES (118, '2014-01-02', 53674.81, 79, 69, 1, 42);
INSERT INTO "Transaction" ("Transaction_ID", "Date", "Value", "Client_ID", "Employee_ID", "Transaction_type_ID", "Invoice_ID") VALUES (119, '2018-11-07', 17910.08, 65, 82, 1, 66);
INSERT INTO "Transaction" ("Transaction_ID", "Date", "Value", "Client_ID", "Employee_ID", "Transaction_type_ID", "Invoice_ID") VALUES (120, '2019-03-10', 44986.38, 63, 99, 1, 119);
INSERT INTO "Transaction" ("Transaction_ID", "Date", "Value", "Client_ID", "Employee_ID", "Transaction_type_ID", "Invoice_ID") VALUES (121, '2015-12-22', 38387.18, 70, 87, 2, 161);
INSERT INTO "Transaction" ("Transaction_ID", "Date", "Value", "Client_ID", "Employee_ID", "Transaction_type_ID", "Invoice_ID") VALUES (122, '2022-09-06', 5145.08, 79, 91, 2, 130);
INSERT INTO "Transaction" ("Transaction_ID", "Date", "Value", "Client_ID", "Employee_ID", "Transaction_type_ID", "Invoice_ID") VALUES (123, '2018-11-17', 41275.22, 84, 63, 1, 59);
INSERT INTO "Transaction" ("Transaction_ID", "Date", "Value", "Client_ID", "Employee_ID", "Transaction_type_ID", "Invoice_ID") VALUES (124, '2019-09-23', 48649.12, 79, 10, 1, 132);
INSERT INTO "Transaction" ("Transaction_ID", "Date", "Value", "Client_ID", "Employee_ID", "Transaction_type_ID", "Invoice_ID") VALUES (125, '2021-05-30', 94210.89, 2, 51, 1, 8);
INSERT INTO "Transaction" ("Transaction_ID", "Date", "Value", "Client_ID", "Employee_ID", "Transaction_type_ID", "Invoice_ID") VALUES (126, '2016-11-24', 57326.68, 65, 63, 2, 36);
INSERT INTO "Transaction" ("Transaction_ID", "Date", "Value", "Client_ID", "Employee_ID", "Transaction_type_ID", "Invoice_ID") VALUES (127, '2017-10-31', 50146.36, 87, 17, 1, 17);
INSERT INTO "Transaction" ("Transaction_ID", "Date", "Value", "Client_ID", "Employee_ID", "Transaction_type_ID", "Invoice_ID") VALUES (128, '2016-06-30', 33791.14, 16, 55, 1, 153);
INSERT INTO "Transaction" ("Transaction_ID", "Date", "Value", "Client_ID", "Employee_ID", "Transaction_type_ID", "Invoice_ID") VALUES (129, '2021-03-17', 67872.58, 40, 2, 2, 129);
INSERT INTO "Transaction" ("Transaction_ID", "Date", "Value", "Client_ID", "Employee_ID", "Transaction_type_ID", "Invoice_ID") VALUES (130, '2015-08-17', 67155.92, 7, 99, 1, 177);
INSERT INTO "Transaction" ("Transaction_ID", "Date", "Value", "Client_ID", "Employee_ID", "Transaction_type_ID", "Invoice_ID") VALUES (131, '2024-08-17', 78326.11, 3, 10, 2, 51);
INSERT INTO "Transaction" ("Transaction_ID", "Date", "Value", "Client_ID", "Employee_ID", "Transaction_type_ID", "Invoice_ID") VALUES (132, '2016-08-03', 58890.98, 6, 49, 2, 35);
INSERT INTO "Transaction" ("Transaction_ID", "Date", "Value", "Client_ID", "Employee_ID", "Transaction_type_ID", "Invoice_ID") VALUES (133, '2024-02-18', 83662.64, 34, 64, 2, 16);
INSERT INTO "Transaction" ("Transaction_ID", "Date", "Value", "Client_ID", "Employee_ID", "Transaction_type_ID", "Invoice_ID") VALUES (134, '2022-09-20', 15290.5, 76, 47, 2, 61);
INSERT INTO "Transaction" ("Transaction_ID", "Date", "Value", "Client_ID", "Employee_ID", "Transaction_type_ID", "Invoice_ID") VALUES (135, '2017-10-01', 99535.08, 89, 92, 1, 104);
INSERT INTO "Transaction" ("Transaction_ID", "Date", "Value", "Client_ID", "Employee_ID", "Transaction_type_ID", "Invoice_ID") VALUES (136, '2015-03-06', 59079.28, 42, 13, 1, 120);
INSERT INTO "Transaction" ("Transaction_ID", "Date", "Value", "Client_ID", "Employee_ID", "Transaction_type_ID", "Invoice_ID") VALUES (137, '2015-12-15', 61174.7, 82, 87, 2, 56);
INSERT INTO "Transaction" ("Transaction_ID", "Date", "Value", "Client_ID", "Employee_ID", "Transaction_type_ID", "Invoice_ID") VALUES (138, '2017-04-04', 14179.06, 26, 6, 2, 82);
INSERT INTO "Transaction" ("Transaction_ID", "Date", "Value", "Client_ID", "Employee_ID", "Transaction_type_ID", "Invoice_ID") VALUES (139, '2024-01-08', 31334.46, 68, 37, 2, 47);
INSERT INTO "Transaction" ("Transaction_ID", "Date", "Value", "Client_ID", "Employee_ID", "Transaction_type_ID", "Invoice_ID") VALUES (140, '2018-10-30', 18298.18, 11, 87, 1, 190);
INSERT INTO "Transaction" ("Transaction_ID", "Date", "Value", "Client_ID", "Employee_ID", "Transaction_type_ID", "Invoice_ID") VALUES (141, '2020-10-22', 20552.19, 10, 12, 1, 135);
INSERT INTO "Transaction" ("Transaction_ID", "Date", "Value", "Client_ID", "Employee_ID", "Transaction_type_ID", "Invoice_ID") VALUES (142, '2023-06-01', 14166.78, 17, 2, 2, 191);
INSERT INTO "Transaction" ("Transaction_ID", "Date", "Value", "Client_ID", "Employee_ID", "Transaction_type_ID", "Invoice_ID") VALUES (143, '2020-11-13', 9953.88, 25, 98, 1, 160);
INSERT INTO "Transaction" ("Transaction_ID", "Date", "Value", "Client_ID", "Employee_ID", "Transaction_type_ID", "Invoice_ID") VALUES (144, '2022-10-22', 70860.9, 56, 11, 1, 14);
INSERT INTO "Transaction" ("Transaction_ID", "Date", "Value", "Client_ID", "Employee_ID", "Transaction_type_ID", "Invoice_ID") VALUES (145, '2019-12-30', 81577.93, 82, 66, 1, 182);
INSERT INTO "Transaction" ("Transaction_ID", "Date", "Value", "Client_ID", "Employee_ID", "Transaction_type_ID", "Invoice_ID") VALUES (146, '2017-12-10', 92232.77, 33, 16, 1, 32);
INSERT INTO "Transaction" ("Transaction_ID", "Date", "Value", "Client_ID", "Employee_ID", "Transaction_type_ID", "Invoice_ID") VALUES (147, '2021-01-02', 66485.44, 25, 44, 1, 39);
INSERT INTO "Transaction" ("Transaction_ID", "Date", "Value", "Client_ID", "Employee_ID", "Transaction_type_ID", "Invoice_ID") VALUES (148, '2016-12-25', 78988.39, 24, 18, 1, 23);
INSERT INTO "Transaction" ("Transaction_ID", "Date", "Value", "Client_ID", "Employee_ID", "Transaction_type_ID", "Invoice_ID") VALUES (149, '2016-09-30', 93341.48, 64, 22, 1, 52);
INSERT INTO "Transaction" ("Transaction_ID", "Date", "Value", "Client_ID", "Employee_ID", "Transaction_type_ID", "Invoice_ID") VALUES (150, '2018-02-01', 41311.29, 24, 3, 2, 49);
INSERT INTO "Transaction" ("Transaction_ID", "Date", "Value", "Client_ID", "Employee_ID", "Transaction_type_ID", "Invoice_ID") VALUES (151, '2016-10-27', 75982.5, 30, 98, 2, 180);
INSERT INTO "Transaction" ("Transaction_ID", "Date", "Value", "Client_ID", "Employee_ID", "Transaction_type_ID", "Invoice_ID") VALUES (152, '2014-12-12', 77320.36, 90, 45, 1, 115);
INSERT INTO "Transaction" ("Transaction_ID", "Date", "Value", "Client_ID", "Employee_ID", "Transaction_type_ID", "Invoice_ID") VALUES (153, '2014-04-04', 99012.26, 96, 9, 1, 150);
INSERT INTO "Transaction" ("Transaction_ID", "Date", "Value", "Client_ID", "Employee_ID", "Transaction_type_ID", "Invoice_ID") VALUES (154, '2024-09-27', 94816.51, 37, 72, 2, 54);
INSERT INTO "Transaction" ("Transaction_ID", "Date", "Value", "Client_ID", "Employee_ID", "Transaction_type_ID", "Invoice_ID") VALUES (155, '2017-01-12', 97383.21, 46, 58, 1, 91);
INSERT INTO "Transaction" ("Transaction_ID", "Date", "Value", "Client_ID", "Employee_ID", "Transaction_type_ID", "Invoice_ID") VALUES (156, '2020-02-16', 79458.36, 8, 97, 2, 85);
INSERT INTO "Transaction" ("Transaction_ID", "Date", "Value", "Client_ID", "Employee_ID", "Transaction_type_ID", "Invoice_ID") VALUES (157, '2015-10-26', 23680.41, 78, 28, 1, 116);
INSERT INTO "Transaction" ("Transaction_ID", "Date", "Value", "Client_ID", "Employee_ID", "Transaction_type_ID", "Invoice_ID") VALUES (158, '2018-10-05', 88945.83, 96, 98, 1, 121);
INSERT INTO "Transaction" ("Transaction_ID", "Date", "Value", "Client_ID", "Employee_ID", "Transaction_type_ID", "Invoice_ID") VALUES (159, '2018-09-26', 83534.68, 95, 58, 1, 4);
INSERT INTO "Transaction" ("Transaction_ID", "Date", "Value", "Client_ID", "Employee_ID", "Transaction_type_ID", "Invoice_ID") VALUES (160, '2024-03-03', 98606.76, 70, 82, 1, 76);
INSERT INTO "Transaction" ("Transaction_ID", "Date", "Value", "Client_ID", "Employee_ID", "Transaction_type_ID", "Invoice_ID") VALUES (161, '2018-03-04', 84079.73, 19, 80, 2, 48);
INSERT INTO "Transaction" ("Transaction_ID", "Date", "Value", "Client_ID", "Employee_ID", "Transaction_type_ID", "Invoice_ID") VALUES (162, '2024-11-18', 88714.0, 48, 49, 1, 174);
INSERT INTO "Transaction" ("Transaction_ID", "Date", "Value", "Client_ID", "Employee_ID", "Transaction_type_ID", "Invoice_ID") VALUES (163, '2020-01-28', 32944.47, 82, 87, 2, 136);
INSERT INTO "Transaction" ("Transaction_ID", "Date", "Value", "Client_ID", "Employee_ID", "Transaction_type_ID", "Invoice_ID") VALUES (164, '2023-10-28', 24556.35, 86, 1, 2, 122);
INSERT INTO "Transaction" ("Transaction_ID", "Date", "Value", "Client_ID", "Employee_ID", "Transaction_type_ID", "Invoice_ID") VALUES (165, '2020-09-05', 47612.8, 41, 33, 2, 155);
INSERT INTO "Transaction" ("Transaction_ID", "Date", "Value", "Client_ID", "Employee_ID", "Transaction_type_ID", "Invoice_ID") VALUES (166, '2022-11-26', 64312.54, 67, 8, 1, 97);
INSERT INTO "Transaction" ("Transaction_ID", "Date", "Value", "Client_ID", "Employee_ID", "Transaction_type_ID", "Invoice_ID") VALUES (167, '2018-05-20', 46349.2, 74, 12, 2, 84);
INSERT INTO "Transaction" ("Transaction_ID", "Date", "Value", "Client_ID", "Employee_ID", "Transaction_type_ID", "Invoice_ID") VALUES (168, '2021-07-06', 49890.37, 98, 72, 1, 145);
INSERT INTO "Transaction" ("Transaction_ID", "Date", "Value", "Client_ID", "Employee_ID", "Transaction_type_ID", "Invoice_ID") VALUES (169, '2022-05-12', 19509.9, 11, 89, 1, 22);
INSERT INTO "Transaction" ("Transaction_ID", "Date", "Value", "Client_ID", "Employee_ID", "Transaction_type_ID", "Invoice_ID") VALUES (170, '2022-05-20', 80328.73, 95, 69, 2, 50);
INSERT INTO "Transaction" ("Transaction_ID", "Date", "Value", "Client_ID", "Employee_ID", "Transaction_type_ID", "Invoice_ID") VALUES (171, '2020-03-25', 42175.71, 5, 64, 2, 105);
INSERT INTO "Transaction" ("Transaction_ID", "Date", "Value", "Client_ID", "Employee_ID", "Transaction_type_ID", "Invoice_ID") VALUES (172, '2023-10-06', 76866.36, 77, 42, 2, 81);
INSERT INTO "Transaction" ("Transaction_ID", "Date", "Value", "Client_ID", "Employee_ID", "Transaction_type_ID", "Invoice_ID") VALUES (173, '2016-01-20', 96029.11, 15, 36, 2, 193);
INSERT INTO "Transaction" ("Transaction_ID", "Date", "Value", "Client_ID", "Employee_ID", "Transaction_type_ID", "Invoice_ID") VALUES (174, '2023-11-09', 8168.03, 40, 80, 2, 131);
INSERT INTO "Transaction" ("Transaction_ID", "Date", "Value", "Client_ID", "Employee_ID", "Transaction_type_ID", "Invoice_ID") VALUES (175, '2021-01-04', 39282.2, 71, 52, 1, 28);
INSERT INTO "Transaction" ("Transaction_ID", "Date", "Value", "Client_ID", "Employee_ID", "Transaction_type_ID", "Invoice_ID") VALUES (176, '2022-05-16', 26115.6, 48, 12, 1, 163);
INSERT INTO "Transaction" ("Transaction_ID", "Date", "Value", "Client_ID", "Employee_ID", "Transaction_type_ID", "Invoice_ID") VALUES (177, '2024-07-19', 71686.83, 64, 87, 2, 176);
INSERT INTO "Transaction" ("Transaction_ID", "Date", "Value", "Client_ID", "Employee_ID", "Transaction_type_ID", "Invoice_ID") VALUES (178, '2023-09-25', 50884.55, 45, 4, 2, 24);
INSERT INTO "Transaction" ("Transaction_ID", "Date", "Value", "Client_ID", "Employee_ID", "Transaction_type_ID", "Invoice_ID") VALUES (179, '2021-12-04', 74527.53, 9, 19, 1, 175);
INSERT INTO "Transaction" ("Transaction_ID", "Date", "Value", "Client_ID", "Employee_ID", "Transaction_type_ID", "Invoice_ID") VALUES (180, '2017-04-09', 42596.01, 2, 98, 1, 171);
INSERT INTO "Transaction" ("Transaction_ID", "Date", "Value", "Client_ID", "Employee_ID", "Transaction_type_ID", "Invoice_ID") VALUES (181, '2023-11-29', 18729.42, 85, 70, 2, 187);
INSERT INTO "Transaction" ("Transaction_ID", "Date", "Value", "Client_ID", "Employee_ID", "Transaction_type_ID", "Invoice_ID") VALUES (182, '2014-09-19', 54056.32, 75, 62, 1, 69);
INSERT INTO "Transaction" ("Transaction_ID", "Date", "Value", "Client_ID", "Employee_ID", "Transaction_type_ID", "Invoice_ID") VALUES (183, '2017-11-16', 23373.72, 9, 48, 1, 179);
INSERT INTO "Transaction" ("Transaction_ID", "Date", "Value", "Client_ID", "Employee_ID", "Transaction_type_ID", "Invoice_ID") VALUES (184, '2014-09-04', 49561.87, 18, 20, 2, 141);
INSERT INTO "Transaction" ("Transaction_ID", "Date", "Value", "Client_ID", "Employee_ID", "Transaction_type_ID", "Invoice_ID") VALUES (185, '2023-09-24', 66338.59, 66, 8, 2, 74);
INSERT INTO "Transaction" ("Transaction_ID", "Date", "Value", "Client_ID", "Employee_ID", "Transaction_type_ID", "Invoice_ID") VALUES (186, '2017-02-08', 16632.15, 76, 22, 2, 192);
INSERT INTO "Transaction" ("Transaction_ID", "Date", "Value", "Client_ID", "Employee_ID", "Transaction_type_ID", "Invoice_ID") VALUES (187, '2021-01-19', 60144.02, 42, 95, 2, 55);
INSERT INTO "Transaction" ("Transaction_ID", "Date", "Value", "Client_ID", "Employee_ID", "Transaction_type_ID", "Invoice_ID") VALUES (188, '2019-03-04', 77443.72, 6, 98, 1, 108);
INSERT INTO "Transaction" ("Transaction_ID", "Date", "Value", "Client_ID", "Employee_ID", "Transaction_type_ID", "Invoice_ID") VALUES (189, '2017-03-18', 26312.93, 67, 15, 2, 87);
INSERT INTO "Transaction" ("Transaction_ID", "Date", "Value", "Client_ID", "Employee_ID", "Transaction_type_ID", "Invoice_ID") VALUES (190, '2021-08-23', 10138.24, 88, 19, 1, 80);
INSERT INTO "Transaction" ("Transaction_ID", "Date", "Value", "Client_ID", "Employee_ID", "Transaction_type_ID", "Invoice_ID") VALUES (191, '2020-10-25', 91865.12, 77, 56, 2, 2);
INSERT INTO "Transaction" ("Transaction_ID", "Date", "Value", "Client_ID", "Employee_ID", "Transaction_type_ID", "Invoice_ID") VALUES (192, '2019-10-29', 98803.53, 94, 68, 2, 88);
INSERT INTO "Transaction" ("Transaction_ID", "Date", "Value", "Client_ID", "Employee_ID", "Transaction_type_ID", "Invoice_ID") VALUES (193, '2016-12-29', 60372.79, 12, 92, 2, 64);
INSERT INTO "Transaction" ("Transaction_ID", "Date", "Value", "Client_ID", "Employee_ID", "Transaction_type_ID", "Invoice_ID") VALUES (194, '2014-02-11', 36309.16, 54, 97, 2, 195);
INSERT INTO "Transaction" ("Transaction_ID", "Date", "Value", "Client_ID", "Employee_ID", "Transaction_type_ID", "Invoice_ID") VALUES (195, '2015-05-15', 34728.07, 65, 69, 2, 124);
INSERT INTO "Transaction" ("Transaction_ID", "Date", "Value", "Client_ID", "Employee_ID", "Transaction_type_ID", "Invoice_ID") VALUES (196, '2017-01-20', 23126.31, 70, 62, 2, 41);
INSERT INTO "Transaction" ("Transaction_ID", "Date", "Value", "Client_ID", "Employee_ID", "Transaction_type_ID", "Invoice_ID") VALUES (197, '2021-12-25', 56990.39, 60, 35, 1, 9);
INSERT INTO "Transaction" ("Transaction_ID", "Date", "Value", "Client_ID", "Employee_ID", "Transaction_type_ID", "Invoice_ID") VALUES (198, '2014-02-07', 88697.33, 37, 46, 1, 128);
INSERT INTO "Transaction" ("Transaction_ID", "Date", "Value", "Client_ID", "Employee_ID", "Transaction_type_ID", "Invoice_ID") VALUES (199, '2021-10-12', 93392.7, 35, 60, 1, 166);
INSERT INTO "Transaction" ("Transaction_ID", "Date", "Value", "Client_ID", "Employee_ID", "Transaction_type_ID", "Invoice_ID") VALUES (200, '2014-05-30', 43200.81, 32, 66, 2, 58);
INSERT INTO "Car" ("Car_ID", "Brand", "Model", "Color", "Mileage", "Price", "Car_condition_ID", "Car_dealer_ID") VALUES (1, 'Audi', 'RS6', 'Green', 179539, 98020.45, 1, 22);
INSERT INTO "Car" ("Car_ID", "Brand", "Model", "Color", "Mileage", "Price", "Car_condition_ID", "Car_dealer_ID") VALUES (2, 'Nissan', 'Qashqai', 'Red', 84216, 26224.79, 1, 17);
INSERT INTO "Car" ("Car_ID", "Brand", "Model", "Color", "Mileage", "Price", "Car_condition_ID", "Car_dealer_ID") VALUES (3, 'BMW', '435i', 'Orange', 158098, 6261.68, 2, 19);
INSERT INTO "Car" ("Car_ID", "Brand", "Model", "Color", "Mileage", "Price", "Car_condition_ID", "Car_dealer_ID") VALUES (4, 'Ford', 'Puma', 'Green', 95547, 54590.89, 3, 21);
INSERT INTO "Car" ("Car_ID", "Brand", "Model", "Color", "Mileage", "Price", "Car_condition_ID", "Car_dealer_ID") VALUES (5, 'Kia', 'Sportage', 'Yellow', 186548, 27938.87, 1, 6);
INSERT INTO "Car" ("Car_ID", "Brand", "Model", "Color", "Mileage", "Price", "Car_condition_ID", "Car_dealer_ID") VALUES (6, 'Hyundai', 'i30', 'Orange', 192803, 8769.04, 2, 9);
INSERT INTO "Car" ("Car_ID", "Brand", "Model", "Color", "Mileage", "Price", "Car_condition_ID", "Car_dealer_ID") VALUES (7, 'Mercedes', 'GLS', 'Blue', 118757, 10160.23, 3, 30);
INSERT INTO "Car" ("Car_ID", "Brand", "Model", "Color", "Mileage", "Price", "Car_condition_ID", "Car_dealer_ID") VALUES (8, 'Mercedes', 'S-Class', 'Red', 156638, 40256.55, 3, 5);
INSERT INTO "Car" ("Car_ID", "Brand", "Model", "Color", "Mileage", "Price", "Car_condition_ID", "Car_dealer_ID") VALUES (9, 'Mercedes', 'GLC', 'White', 173263, 81510.97, 3, 25);
INSERT INTO "Car" ("Car_ID", "Brand", "Model", "Color", "Mileage", "Price", "Car_condition_ID", "Car_dealer_ID") VALUES (10, 'Audi', 'Q3', 'Black', 123193, 90842.35, 2, 12);
INSERT INTO "Car" ("Car_ID", "Brand", "Model", "Color", "Mileage", "Price", "Car_condition_ID", "Car_dealer_ID") VALUES (11, 'Ford', 'F-150', 'Silver', 138634, 23665.01, 3, 17);
INSERT INTO "Car" ("Car_ID", "Brand", "Model", "Color", "Mileage", "Price", "Car_condition_ID", "Car_dealer_ID") VALUES (12, 'Ford', 'Mustang', 'Green', 62713, 76570.42, 2, 16);
INSERT INTO "Car" ("Car_ID", "Brand", "Model", "Color", "Mileage", "Price", "Car_condition_ID", "Car_dealer_ID") VALUES (13, 'Ford', 'F-150', 'Red', 121582, 30822.08, 3, 3);
INSERT INTO "Car" ("Car_ID", "Brand", "Model", "Color", "Mileage", "Price", "Car_condition_ID", "Car_dealer_ID") VALUES (14, 'Nissan', 'Navara', 'Silver', 178009, 7502.12, 2, 3);
INSERT INTO "Car" ("Car_ID", "Brand", "Model", "Color", "Mileage", "Price", "Car_condition_ID", "Car_dealer_ID") VALUES (15, 'Toyota', 'Corolla', 'Yellow', 127133, 96660.27, 1, 26);
INSERT INTO "Car" ("Car_ID", "Brand", "Model", "Color", "Mileage", "Price", "Car_condition_ID", "Car_dealer_ID") VALUES (16, 'Nissan', 'Navara', 'Silver', 115416, 23261.57, 1, 1);
INSERT INTO "Car" ("Car_ID", "Brand", "Model", "Color", "Mileage", "Price", "Car_condition_ID", "Car_dealer_ID") VALUES (17, 'Volkswagen', 'ID.Buzz', 'White', 91215, 24342.07, 1, 12);
INSERT INTO "Car" ("Car_ID", "Brand", "Model", "Color", "Mileage", "Price", "Car_condition_ID", "Car_dealer_ID") VALUES (18, 'Kia', 'Picanto', 'Red', 155892, 79889.75, 2, 15);
INSERT INTO "Car" ("Car_ID", "Brand", "Model", "Color", "Mileage", "Price", "Car_condition_ID", "Car_dealer_ID") VALUES (19, 'Nissan', 'X-Trail', 'White', 143601, 37404.0, 3, 1);
INSERT INTO "Car" ("Car_ID", "Brand", "Model", "Color", "Mileage", "Price", "Car_condition_ID", "Car_dealer_ID") VALUES (20, 'Mercedes', 'E-Class', 'Silver', 180100, 91580.93, 3, 25);
INSERT INTO "Car" ("Car_ID", "Brand", "Model", "Color", "Mileage", "Price", "Car_condition_ID", "Car_dealer_ID") VALUES (21, 'Kia', 'Rio', 'Yellow', 70733, 15082.57, 2, 30);
INSERT INTO "Car" ("Car_ID", "Brand", "Model", "Color", "Mileage", "Price", "Car_condition_ID", "Car_dealer_ID") VALUES (22, 'BMW', '535i', 'Grey', 46643, 50801.47, 1, 19);
INSERT INTO "Car" ("Car_ID", "Brand", "Model", "Color", "Mileage", "Price", "Car_condition_ID", "Car_dealer_ID") VALUES (23, 'Kia', 'Stinger', 'Red', 124002, 44017.91, 1, 8);
INSERT INTO "Car" ("Car_ID", "Brand", "Model", "Color", "Mileage", "Price", "Car_condition_ID", "Car_dealer_ID") VALUES (24, 'Kia', 'EV6', 'Silver', 184043, 54683.79, 3, 7);
INSERT INTO "Car" ("Car_ID", "Brand", "Model", "Color", "Mileage", "Price", "Car_condition_ID", "Car_dealer_ID") VALUES (25, 'BMW', 'Z4', 'Red', 4840, 44180.0, 3, 15);
INSERT INTO "Car" ("Car_ID", "Brand", "Model", "Color", "Mileage", "Price", "Car_condition_ID", "Car_dealer_ID") VALUES (26, 'Hyundai', 'Ioniq 6', 'Silver', 155733, 23493.94, 3, 9);
INSERT INTO "Car" ("Car_ID", "Brand", "Model", "Color", "Mileage", "Price", "Car_condition_ID", "Car_dealer_ID") VALUES (27, 'Toyota', 'Supra', 'Green', 44532, 88186.23, 3, 14);
INSERT INTO "Car" ("Car_ID", "Brand", "Model", "Color", "Mileage", "Price", "Car_condition_ID", "Car_dealer_ID") VALUES (28, 'Ford', 'Mustang', 'Green', 58250, 18414.75, 2, 9);
INSERT INTO "Car" ("Car_ID", "Brand", "Model", "Color", "Mileage", "Price", "Car_condition_ID", "Car_dealer_ID") VALUES (29, 'Toyota', 'Corolla', 'Orange', 180289, 26292.73, 1, 17);
INSERT INTO "Car" ("Car_ID", "Brand", "Model", "Color", "Mileage", "Price", "Car_condition_ID", "Car_dealer_ID") VALUES (30, 'Ford', 'Fiesta', 'White', 151017, 39570.13, 1, 27);
INSERT INTO "Car" ("Car_ID", "Brand", "Model", "Color", "Mileage", "Price", "Car_condition_ID", "Car_dealer_ID") VALUES (31, 'Audi', 'S6', 'Yellow', 111925, 8945.95, 2, 17);
INSERT INTO "Car" ("Car_ID", "Brand", "Model", "Color", "Mileage", "Price", "Car_condition_ID", "Car_dealer_ID") VALUES (32, 'Volkswagen', 'ID.3', 'Orange', 126442, 50197.16, 1, 24);
INSERT INTO "Car" ("Car_ID", "Brand", "Model", "Color", "Mileage", "Price", "Car_condition_ID", "Car_dealer_ID") VALUES (33, 'Mercedes', 'GLC', 'Blue', 106667, 30875.67, 1, 23);
INSERT INTO "Car" ("Car_ID", "Brand", "Model", "Color", "Mileage", "Price", "Car_condition_ID", "Car_dealer_ID") VALUES (34, 'Ford', 'Mustang', 'Red', 196026, 16637.01, 2, 10);
INSERT INTO "Car" ("Car_ID", "Brand", "Model", "Color", "Mileage", "Price", "Car_condition_ID", "Car_dealer_ID") VALUES (35, 'Ford', 'Fiesta', 'Red', 86287, 9177.26, 3, 13);
INSERT INTO "Car" ("Car_ID", "Brand", "Model", "Color", "Mileage", "Price", "Car_condition_ID", "Car_dealer_ID") VALUES (36, 'Volkswagen', 'Tiguan', 'Yellow', 169657, 81136.22, 1, 20);
INSERT INTO "Car" ("Car_ID", "Brand", "Model", "Color", "Mileage", "Price", "Car_condition_ID", "Car_dealer_ID") VALUES (37, 'Kia', 'Stinger', 'Silver', 136087, 73057.12, 3, 14);
INSERT INTO "Car" ("Car_ID", "Brand", "Model", "Color", "Mileage", "Price", "Car_condition_ID", "Car_dealer_ID") VALUES (38, 'Toyota', 'Prius', 'Yellow', 169646, 64168.89, 1, 6);
INSERT INTO "Car" ("Car_ID", "Brand", "Model", "Color", "Mileage", "Price", "Car_condition_ID", "Car_dealer_ID") VALUES (39, 'Nissan', 'Ariya', 'Silver', 183318, 68212.07, 3, 22);
INSERT INTO "Car" ("Car_ID", "Brand", "Model", "Color", "Mileage", "Price", "Car_condition_ID", "Car_dealer_ID") VALUES (40, 'BMW', 'Z4', 'White', 169660, 10890.07, 3, 11);
INSERT INTO "Car" ("Car_ID", "Brand", "Model", "Color", "Mileage", "Price", "Car_condition_ID", "Car_dealer_ID") VALUES (41, 'Volkswagen', 'Golf', 'Orange', 41726, 80381.45, 1, 2);
INSERT INTO "Car" ("Car_ID", "Brand", "Model", "Color", "Mileage", "Price", "Car_condition_ID", "Car_dealer_ID") VALUES (42, 'Hyundai', 'Kona', 'Grey', 137061, 12775.59, 1, 7);
INSERT INTO "Car" ("Car_ID", "Brand", "Model", "Color", "Mileage", "Price", "Car_condition_ID", "Car_dealer_ID") VALUES (43, 'Toyota', 'Yaris', 'Red', 5651, 67043.78, 2, 8);
INSERT INTO "Car" ("Car_ID", "Brand", "Model", "Color", "Mileage", "Price", "Car_condition_ID", "Car_dealer_ID") VALUES (44, 'Ford', 'Focus', 'Green', 116499, 54463.0, 3, 25);
INSERT INTO "Car" ("Car_ID", "Brand", "Model", "Color", "Mileage", "Price", "Car_condition_ID", "Car_dealer_ID") VALUES (45, 'Volkswagen', 'Touareg', 'Red', 37136, 51252.3, 3, 11);
INSERT INTO "Car" ("Car_ID", "Brand", "Model", "Color", "Mileage", "Price", "Car_condition_ID", "Car_dealer_ID") VALUES (46, 'Kia', 'Rio', 'Yellow', 9819, 41218.61, 3, 15);
INSERT INTO "Car" ("Car_ID", "Brand", "Model", "Color", "Mileage", "Price", "Car_condition_ID", "Car_dealer_ID") VALUES (47, 'Nissan', 'Navara', 'Black', 157159, 5805.4, 2, 4);
INSERT INTO "Car" ("Car_ID", "Brand", "Model", "Color", "Mileage", "Price", "Car_condition_ID", "Car_dealer_ID") VALUES (48, 'Kia', 'Sportage', 'Black', 36126, 81943.5, 3, 27);
INSERT INTO "Car" ("Car_ID", "Brand", "Model", "Color", "Mileage", "Price", "Car_condition_ID", "Car_dealer_ID") VALUES (49, 'Hyundai', 'i20', 'Yellow', 188507, 74677.05, 1, 9);
INSERT INTO "Car" ("Car_ID", "Brand", "Model", "Color", "Mileage", "Price", "Car_condition_ID", "Car_dealer_ID") VALUES (50, 'Volkswagen', 'Arteon', 'Blue', 167025, 83115.39, 2, 4);
INSERT INTO "Car" ("Car_ID", "Brand", "Model", "Color", "Mileage", "Price", "Car_condition_ID", "Car_dealer_ID") VALUES (51, 'Ford', 'Kuga', 'White', 83953, 43626.34, 1, 20);
INSERT INTO "Car" ("Car_ID", "Brand", "Model", "Color", "Mileage", "Price", "Car_condition_ID", "Car_dealer_ID") VALUES (52, 'BMW', 'X3', 'Silver', 16753, 24482.82, 2, 7);
INSERT INTO "Car" ("Car_ID", "Brand", "Model", "Color", "Mileage", "Price", "Car_condition_ID", "Car_dealer_ID") VALUES (53, 'Mercedes', 'A-Class', 'Black', 196885, 43572.58, 3, 7);
INSERT INTO "Car" ("Car_ID", "Brand", "Model", "Color", "Mileage", "Price", "Car_condition_ID", "Car_dealer_ID") VALUES (54, 'Mercedes', 'C-Class', 'Silver', 86695, 56074.25, 3, 4);
INSERT INTO "Car" ("Car_ID", "Brand", "Model", "Color", "Mileage", "Price", "Car_condition_ID", "Car_dealer_ID") VALUES (55, 'BMW', 'X3', 'Blue', 118944, 34001.42, 1, 10);
INSERT INTO "Car" ("Car_ID", "Brand", "Model", "Color", "Mileage", "Price", "Car_condition_ID", "Car_dealer_ID") VALUES (56, 'Toyota', 'Supra', 'Grey', 95192, 82732.39, 1, 26);
INSERT INTO "Car" ("Car_ID", "Brand", "Model", "Color", "Mileage", "Price", "Car_condition_ID", "Car_dealer_ID") VALUES (57, 'Kia', 'Sportage', 'Blue', 147228, 10264.21, 2, 27);
INSERT INTO "Car" ("Car_ID", "Brand", "Model", "Color", "Mileage", "Price", "Car_condition_ID", "Car_dealer_ID") VALUES (58, 'Kia', 'Ceed', 'Black', 101362, 84438.37, 3, 8);
INSERT INTO "Car" ("Car_ID", "Brand", "Model", "Color", "Mileage", "Price", "Car_condition_ID", "Car_dealer_ID") VALUES (59, 'Kia', 'EV6', 'White', 31649, 99187.69, 1, 17);
INSERT INTO "Car" ("Car_ID", "Brand", "Model", "Color", "Mileage", "Price", "Car_condition_ID", "Car_dealer_ID") VALUES (60, 'Hyundai', 'i30', 'Green', 104143, 12805.0, 2, 17);
INSERT INTO "Car" ("Car_ID", "Brand", "Model", "Color", "Mileage", "Price", "Car_condition_ID", "Car_dealer_ID") VALUES (61, 'Hyundai', 'Santa Fe', 'Blue', 69424, 43774.96, 3, 28);
INSERT INTO "Car" ("Car_ID", "Brand", "Model", "Color", "Mileage", "Price", "Car_condition_ID", "Car_dealer_ID") VALUES (62, 'Ford', 'Edge', 'White', 108758, 55210.5, 3, 28);
INSERT INTO "Car" ("Car_ID", "Brand", "Model", "Color", "Mileage", "Price", "Car_condition_ID", "Car_dealer_ID") VALUES (63, 'Hyundai', 'Tucson', 'White', 56295, 17194.82, 1, 20);
INSERT INTO "Car" ("Car_ID", "Brand", "Model", "Color", "Mileage", "Price", "Car_condition_ID", "Car_dealer_ID") VALUES (64, 'BMW', 'X4', 'Blue', 115771, 40790.78, 2, 29);
INSERT INTO "Car" ("Car_ID", "Brand", "Model", "Color", "Mileage", "Price", "Car_condition_ID", "Car_dealer_ID") VALUES (65, 'Volkswagen', 'Polo', 'Orange', 98164, 84703.59, 2, 4);
INSERT INTO "Car" ("Car_ID", "Brand", "Model", "Color", "Mileage", "Price", "Car_condition_ID", "Car_dealer_ID") VALUES (66, 'Hyundai', 'Ioniq 5', 'Orange', 74997, 44464.23, 3, 20);
INSERT INTO "Car" ("Car_ID", "Brand", "Model", "Color", "Mileage", "Price", "Car_condition_ID", "Car_dealer_ID") VALUES (67, 'Toyota', 'Corolla', 'Blue', 133538, 42859.54, 1, 8);
INSERT INTO "Car" ("Car_ID", "Brand", "Model", "Color", "Mileage", "Price", "Car_condition_ID", "Car_dealer_ID") VALUES (68, 'Ford', 'F-150', 'Silver', 5717, 5524.94, 1, 22);
INSERT INTO "Car" ("Car_ID", "Brand", "Model", "Color", "Mileage", "Price", "Car_condition_ID", "Car_dealer_ID") VALUES (69, 'Ford', 'Explorer', 'Green', 38625, 41890.79, 3, 1);
INSERT INTO "Car" ("Car_ID", "Brand", "Model", "Color", "Mileage", "Price", "Car_condition_ID", "Car_dealer_ID") VALUES (70, 'Volkswagen', 'Golf', 'Red', 183719, 44244.6, 3, 18);
INSERT INTO "Car" ("Car_ID", "Brand", "Model", "Color", "Mileage", "Price", "Car_condition_ID", "Car_dealer_ID") VALUES (71, 'Volkswagen', 'T-Cross', 'Orange', 142040, 60952.86, 2, 29);
INSERT INTO "Car" ("Car_ID", "Brand", "Model", "Color", "Mileage", "Price", "Car_condition_ID", "Car_dealer_ID") VALUES (72, 'Audi', 'A5', 'White', 51486, 62264.7, 1, 30);
INSERT INTO "Car" ("Car_ID", "Brand", "Model", "Color", "Mileage", "Price", "Car_condition_ID", "Car_dealer_ID") VALUES (73, 'Nissan', 'Navara', 'Grey', 140942, 37969.9, 1, 1);
INSERT INTO "Car" ("Car_ID", "Brand", "Model", "Color", "Mileage", "Price", "Car_condition_ID", "Car_dealer_ID") VALUES (74, 'Toyota', 'Yaris', 'Yellow', 81260, 27261.21, 1, 29);
INSERT INTO "Car" ("Car_ID", "Brand", "Model", "Color", "Mileage", "Price", "Car_condition_ID", "Car_dealer_ID") VALUES (75, 'Toyota', 'C-HR', 'Black', 142919, 21275.98, 1, 28);
INSERT INTO "Car" ("Car_ID", "Brand", "Model", "Color", "Mileage", "Price", "Car_condition_ID", "Car_dealer_ID") VALUES (76, 'Nissan', 'Micra', 'Grey', 171829, 15018.93, 1, 16);
INSERT INTO "Car" ("Car_ID", "Brand", "Model", "Color", "Mileage", "Price", "Car_condition_ID", "Car_dealer_ID") VALUES (77, 'Kia', 'Sorento', 'Grey', 148928, 80615.81, 2, 6);
INSERT INTO "Car" ("Car_ID", "Brand", "Model", "Color", "Mileage", "Price", "Car_condition_ID", "Car_dealer_ID") VALUES (78, 'Toyota', 'Prius', 'Orange', 24834, 77657.13, 2, 4);
INSERT INTO "Car" ("Car_ID", "Brand", "Model", "Color", "Mileage", "Price", "Car_condition_ID", "Car_dealer_ID") VALUES (79, 'Kia', 'Ceed', 'Blue', 17012, 89676.83, 1, 16);
INSERT INTO "Car" ("Car_ID", "Brand", "Model", "Color", "Mileage", "Price", "Car_condition_ID", "Car_dealer_ID") VALUES (80, 'BMW', '340i', 'Yellow', 136216, 71140.65, 1, 3);
INSERT INTO "Car" ("Car_ID", "Brand", "Model", "Color", "Mileage", "Price", "Car_condition_ID", "Car_dealer_ID") VALUES (81, 'Toyota', 'Highlander', 'Yellow', 187017, 68910.41, 2, 14);
INSERT INTO "Car" ("Car_ID", "Brand", "Model", "Color", "Mileage", "Price", "Car_condition_ID", "Car_dealer_ID") VALUES (82, 'Audi', 'A5', 'Green', 73724, 68046.42, 1, 21);
INSERT INTO "Car" ("Car_ID", "Brand", "Model", "Color", "Mileage", "Price", "Car_condition_ID", "Car_dealer_ID") VALUES (83, 'Toyota', 'Supra', 'Yellow', 144363, 51311.71, 3, 23);
INSERT INTO "Car" ("Car_ID", "Brand", "Model", "Color", "Mileage", "Price", "Car_condition_ID", "Car_dealer_ID") VALUES (84, 'Volkswagen', 'ID.4', 'Yellow', 105937, 68318.33, 3, 17);
INSERT INTO "Car" ("Car_ID", "Brand", "Model", "Color", "Mileage", "Price", "Car_condition_ID", "Car_dealer_ID") VALUES (85, 'BMW', 'X3', 'Black', 30520, 50481.54, 2, 22);
INSERT INTO "Car" ("Car_ID", "Brand", "Model", "Color", "Mileage", "Price", "Car_condition_ID", "Car_dealer_ID") VALUES (86, 'BMW', '540i', 'Orange', 16511, 39315.56, 2, 10);
INSERT INTO "Car" ("Car_ID", "Brand", "Model", "Color", "Mileage", "Price", "Car_condition_ID", "Car_dealer_ID") VALUES (87, 'Kia', 'Stinger', 'Black', 51452, 70210.07, 3, 13);
INSERT INTO "Car" ("Car_ID", "Brand", "Model", "Color", "Mileage", "Price", "Car_condition_ID", "Car_dealer_ID") VALUES (88, 'Hyundai', 'Tucson', 'Silver', 6208, 48959.67, 2, 30);
INSERT INTO "Car" ("Car_ID", "Brand", "Model", "Color", "Mileage", "Price", "Car_condition_ID", "Car_dealer_ID") VALUES (89, 'Nissan', 'X-Trail', 'Blue', 166197, 28528.49, 2, 2);
INSERT INTO "Car" ("Car_ID", "Brand", "Model", "Color", "Mileage", "Price", "Car_condition_ID", "Car_dealer_ID") VALUES (90, 'BMW', 'M3', 'White', 79292, 46043.67, 2, 1);
INSERT INTO "Car" ("Car_ID", "Brand", "Model", "Color", "Mileage", "Price", "Car_condition_ID", "Car_dealer_ID") VALUES (91, 'Audi', 'SQ5', 'Blue', 61280, 72085.24, 3, 4);
INSERT INTO "Car" ("Car_ID", "Brand", "Model", "Color", "Mileage", "Price", "Car_condition_ID", "Car_dealer_ID") VALUES (92, 'Audi', 'A4', 'Grey', 156861, 27453.95, 2, 7);
INSERT INTO "Car" ("Car_ID", "Brand", "Model", "Color", "Mileage", "Price", "Car_condition_ID", "Car_dealer_ID") VALUES (93, 'Audi', 'RS7', 'Red', 170398, 31800.55, 3, 15);
INSERT INTO "Car" ("Car_ID", "Brand", "Model", "Color", "Mileage", "Price", "Car_condition_ID", "Car_dealer_ID") VALUES (94, 'Kia', 'Sportage', 'Black', 176304, 94457.07, 1, 22);
INSERT INTO "Car" ("Car_ID", "Brand", "Model", "Color", "Mileage", "Price", "Car_condition_ID", "Car_dealer_ID") VALUES (95, 'BMW', 'M8', 'Black', 145317, 57336.97, 1, 1);
INSERT INTO "Car" ("Car_ID", "Brand", "Model", "Color", "Mileage", "Price", "Car_condition_ID", "Car_dealer_ID") VALUES (96, 'Kia', 'Rio', 'Black', 160723, 92119.67, 3, 24);
INSERT INTO "Car" ("Car_ID", "Brand", "Model", "Color", "Mileage", "Price", "Car_condition_ID", "Car_dealer_ID") VALUES (97, 'Ford', 'Focus', 'Green', 176046, 18100.29, 2, 16);
INSERT INTO "Car" ("Car_ID", "Brand", "Model", "Color", "Mileage", "Price", "Car_condition_ID", "Car_dealer_ID") VALUES (98, 'BMW', '440i', 'White', 20410, 42015.22, 1, 26);
INSERT INTO "Car" ("Car_ID", "Brand", "Model", "Color", "Mileage", "Price", "Car_condition_ID", "Car_dealer_ID") VALUES (99, 'Audi', 'Q5', 'White', 23489, 26438.57, 3, 24);
INSERT INTO "Car" ("Car_ID", "Brand", "Model", "Color", "Mileage", "Price", "Car_condition_ID", "Car_dealer_ID") VALUES (100, 'Kia', 'Rio', 'Orange', 103411, 52903.47, 3, 2);
INSERT INTO "Car" ("Car_ID", "Brand", "Model", "Color", "Mileage", "Price", "Car_condition_ID", "Car_dealer_ID") VALUES (101, 'Mercedes', 'A-Class', 'Yellow', 150318, 85357.49, 2, 5);
INSERT INTO "Car" ("Car_ID", "Brand", "Model", "Color", "Mileage", "Price", "Car_condition_ID", "Car_dealer_ID") VALUES (102, 'Ford', 'Focus', 'Grey', 95606, 86384.39, 3, 2);
INSERT INTO "Car" ("Car_ID", "Brand", "Model", "Color", "Mileage", "Price", "Car_condition_ID", "Car_dealer_ID") VALUES (103, 'Kia', 'Sorento', 'Yellow', 154354, 36984.42, 3, 6);
INSERT INTO "Car" ("Car_ID", "Brand", "Model", "Color", "Mileage", "Price", "Car_condition_ID", "Car_dealer_ID") VALUES (104, 'Volkswagen', 'ID.Buzz', 'Yellow', 66376, 60208.9, 2, 29);
INSERT INTO "Car" ("Car_ID", "Brand", "Model", "Color", "Mileage", "Price", "Car_condition_ID", "Car_dealer_ID") VALUES (105, 'Volkswagen', 'Passat', 'Green', 57903, 21268.2, 2, 30);
INSERT INTO "Car" ("Car_ID", "Brand", "Model", "Color", "Mileage", "Price", "Car_condition_ID", "Car_dealer_ID") VALUES (106, 'Mercedes', 'CLA', 'Green', 33180, 67848.85, 3, 30);
INSERT INTO "Car" ("Car_ID", "Brand", "Model", "Color", "Mileage", "Price", "Car_condition_ID", "Car_dealer_ID") VALUES (107, 'Hyundai', 'Tucson', 'Blue', 188739, 84757.56, 3, 6);
INSERT INTO "Car" ("Car_ID", "Brand", "Model", "Color", "Mileage", "Price", "Car_condition_ID", "Car_dealer_ID") VALUES (108, 'Nissan', 'Ariya', 'Green', 18357, 31646.0, 2, 26);
INSERT INTO "Car" ("Car_ID", "Brand", "Model", "Color", "Mileage", "Price", "Car_condition_ID", "Car_dealer_ID") VALUES (109, 'Ford', 'Fiesta', 'Orange', 178861, 35260.95, 3, 10);
INSERT INTO "Car" ("Car_ID", "Brand", "Model", "Color", "Mileage", "Price", "Car_condition_ID", "Car_dealer_ID") VALUES (110, 'Mercedes', 'C-Class', 'Green', 48614, 99759.58, 3, 27);
INSERT INTO "Car" ("Car_ID", "Brand", "Model", "Color", "Mileage", "Price", "Car_condition_ID", "Car_dealer_ID") VALUES (111, 'Audi', 'RSQ3', 'Blue', 39706, 54734.46, 1, 6);
INSERT INTO "Car" ("Car_ID", "Brand", "Model", "Color", "Mileage", "Price", "Car_condition_ID", "Car_dealer_ID") VALUES (112, 'BMW', '420i', 'Green', 47002, 11185.62, 3, 1);
INSERT INTO "Car" ("Car_ID", "Brand", "Model", "Color", "Mileage", "Price", "Car_condition_ID", "Car_dealer_ID") VALUES (113, 'Ford', 'Focus', 'Orange', 820, 97203.52, 2, 3);
INSERT INTO "Car" ("Car_ID", "Brand", "Model", "Color", "Mileage", "Price", "Car_condition_ID", "Car_dealer_ID") VALUES (114, 'Audi', 'RSQ5', 'Red', 109912, 26300.65, 2, 19);
INSERT INTO "Car" ("Car_ID", "Brand", "Model", "Color", "Mileage", "Price", "Car_condition_ID", "Car_dealer_ID") VALUES (115, 'Nissan', 'Ariya', 'Blue', 167424, 16152.71, 3, 14);
INSERT INTO "Car" ("Car_ID", "Brand", "Model", "Color", "Mileage", "Price", "Car_condition_ID", "Car_dealer_ID") VALUES (116, 'Kia', 'Picanto', 'Blue', 6194, 62865.1, 1, 13);
INSERT INTO "Car" ("Car_ID", "Brand", "Model", "Color", "Mileage", "Price", "Car_condition_ID", "Car_dealer_ID") VALUES (117, 'Volkswagen', 'Golf', 'Black', 142266, 82414.43, 2, 4);
INSERT INTO "Car" ("Car_ID", "Brand", "Model", "Color", "Mileage", "Price", "Car_condition_ID", "Car_dealer_ID") VALUES (118, 'Hyundai', 'Santa Fe', 'Yellow', 87016, 96451.75, 1, 20);
INSERT INTO "Car" ("Car_ID", "Brand", "Model", "Color", "Mileage", "Price", "Car_condition_ID", "Car_dealer_ID") VALUES (119, 'Mercedes', 'CLA', 'Black', 144466, 96143.33, 2, 24);
INSERT INTO "Car" ("Car_ID", "Brand", "Model", "Color", "Mileage", "Price", "Car_condition_ID", "Car_dealer_ID") VALUES (120, 'BMW', 'M3', 'Grey', 28691, 40690.6, 3, 19);
INSERT INTO "Car" ("Car_ID", "Brand", "Model", "Color", "Mileage", "Price", "Car_condition_ID", "Car_dealer_ID") VALUES (121, 'Nissan', 'Navara', 'Green', 115854, 19080.34, 3, 5);
INSERT INTO "Car" ("Car_ID", "Brand", "Model", "Color", "Mileage", "Price", "Car_condition_ID", "Car_dealer_ID") VALUES (122, 'Mercedes', 'GLA', 'Orange', 93881, 52203.1, 3, 26);
INSERT INTO "Car" ("Car_ID", "Brand", "Model", "Color", "Mileage", "Price", "Car_condition_ID", "Car_dealer_ID") VALUES (123, 'Volkswagen', 'Tiguan', 'Blue', 40598, 34425.21, 2, 29);
INSERT INTO "Car" ("Car_ID", "Brand", "Model", "Color", "Mileage", "Price", "Car_condition_ID", "Car_dealer_ID") VALUES (124, 'Volkswagen', 'ID.4', 'Silver', 130866, 96829.18, 3, 1);
INSERT INTO "Car" ("Car_ID", "Brand", "Model", "Color", "Mileage", "Price", "Car_condition_ID", "Car_dealer_ID") VALUES (125, 'Kia', 'EV6', 'Silver', 73665, 23642.79, 2, 27);
INSERT INTO "Car" ("Car_ID", "Brand", "Model", "Color", "Mileage", "Price", "Car_condition_ID", "Car_dealer_ID") VALUES (126, 'Toyota', 'Land Cruiser', 'Red', 78038, 44380.94, 3, 5);
INSERT INTO "Car" ("Car_ID", "Brand", "Model", "Color", "Mileage", "Price", "Car_condition_ID", "Car_dealer_ID") VALUES (127, 'Kia', 'Rio', 'Yellow', 54704, 83873.72, 2, 6);
INSERT INTO "Car" ("Car_ID", "Brand", "Model", "Color", "Mileage", "Price", "Car_condition_ID", "Car_dealer_ID") VALUES (128, 'Hyundai', 'i30', 'Blue', 172494, 99080.46, 3, 1);
INSERT INTO "Car" ("Car_ID", "Brand", "Model", "Color", "Mileage", "Price", "Car_condition_ID", "Car_dealer_ID") VALUES (129, 'Mercedes', 'S-Class', 'Grey', 106892, 43485.24, 2, 12);
INSERT INTO "Car" ("Car_ID", "Brand", "Model", "Color", "Mileage", "Price", "Car_condition_ID", "Car_dealer_ID") VALUES (130, 'Hyundai', 'i10', 'Red', 144722, 71315.2, 3, 4);
INSERT INTO "Car" ("Car_ID", "Brand", "Model", "Color", "Mileage", "Price", "Car_condition_ID", "Car_dealer_ID") VALUES (131, 'Nissan', 'Ariya', 'Yellow', 119786, 11276.57, 2, 19);
INSERT INTO "Car" ("Car_ID", "Brand", "Model", "Color", "Mileage", "Price", "Car_condition_ID", "Car_dealer_ID") VALUES (132, 'BMW', '535i', 'Orange', 191792, 57649.99, 1, 27);
INSERT INTO "Car" ("Car_ID", "Brand", "Model", "Color", "Mileage", "Price", "Car_condition_ID", "Car_dealer_ID") VALUES (133, 'Nissan', 'Leaf', 'Blue', 73056, 47680.28, 1, 4);
INSERT INTO "Car" ("Car_ID", "Brand", "Model", "Color", "Mileage", "Price", "Car_condition_ID", "Car_dealer_ID") VALUES (134, 'Volkswagen', 'ID.Buzz', 'Orange', 83282, 76768.0, 2, 12);
INSERT INTO "Car" ("Car_ID", "Brand", "Model", "Color", "Mileage", "Price", "Car_condition_ID", "Car_dealer_ID") VALUES (135, 'Hyundai', 'i30', 'Black', 71065, 56301.31, 3, 10);
INSERT INTO "Car" ("Car_ID", "Brand", "Model", "Color", "Mileage", "Price", "Car_condition_ID", "Car_dealer_ID") VALUES (136, 'BMW', '440i', 'Green', 79822, 5923.9, 1, 22);
INSERT INTO "Car" ("Car_ID", "Brand", "Model", "Color", "Mileage", "Price", "Car_condition_ID", "Car_dealer_ID") VALUES (137, 'Volkswagen', 'Golf', 'Black', 139247, 86075.35, 1, 28);
INSERT INTO "Car" ("Car_ID", "Brand", "Model", "Color", "Mileage", "Price", "Car_condition_ID", "Car_dealer_ID") VALUES (138, 'Toyota', 'Prius', 'Orange', 178648, 47738.95, 1, 21);
INSERT INTO "Car" ("Car_ID", "Brand", "Model", "Color", "Mileage", "Price", "Car_condition_ID", "Car_dealer_ID") VALUES (139, 'Nissan', 'Navara', 'Grey', 949, 30253.01, 3, 23);
INSERT INTO "Car" ("Car_ID", "Brand", "Model", "Color", "Mileage", "Price", "Car_condition_ID", "Car_dealer_ID") VALUES (140, 'Ford', 'Fiesta', 'Yellow', 86120, 6930.59, 3, 15);
INSERT INTO "Car" ("Car_ID", "Brand", "Model", "Color", "Mileage", "Price", "Car_condition_ID", "Car_dealer_ID") VALUES (141, 'Volkswagen', 'Tiguan', 'Grey', 4751, 28279.78, 2, 20);
INSERT INTO "Car" ("Car_ID", "Brand", "Model", "Color", "Mileage", "Price", "Car_condition_ID", "Car_dealer_ID") VALUES (142, 'Audi', 'RSQ7', 'Silver', 49282, 31409.36, 2, 24);
INSERT INTO "Car" ("Car_ID", "Brand", "Model", "Color", "Mileage", "Price", "Car_condition_ID", "Car_dealer_ID") VALUES (143, 'BMW', 'X4', 'Red', 106114, 32980.72, 1, 15);
INSERT INTO "Car" ("Car_ID", "Brand", "Model", "Color", "Mileage", "Price", "Car_condition_ID", "Car_dealer_ID") VALUES (144, 'Ford', 'Fiesta', 'Blue', 36051, 96960.26, 1, 26);
INSERT INTO "Car" ("Car_ID", "Brand", "Model", "Color", "Mileage", "Price", "Car_condition_ID", "Car_dealer_ID") VALUES (145, 'Nissan', 'Qashqai', 'Orange', 76412, 98394.69, 3, 30);
INSERT INTO "Car" ("Car_ID", "Brand", "Model", "Color", "Mileage", "Price", "Car_condition_ID", "Car_dealer_ID") VALUES (146, 'Nissan', 'Juke', 'Red', 12256, 92270.35, 2, 6);
INSERT INTO "Car" ("Car_ID", "Brand", "Model", "Color", "Mileage", "Price", "Car_condition_ID", "Car_dealer_ID") VALUES (147, 'Mercedes', 'E-Class', 'Grey', 85622, 71919.28, 1, 20);
INSERT INTO "Car" ("Car_ID", "Brand", "Model", "Color", "Mileage", "Price", "Car_condition_ID", "Car_dealer_ID") VALUES (148, 'Mercedes', 'GLE', 'Black', 69075, 84399.51, 1, 14);
INSERT INTO "Car" ("Car_ID", "Brand", "Model", "Color", "Mileage", "Price", "Car_condition_ID", "Car_dealer_ID") VALUES (149, 'Hyundai', 'i10', 'White', 78086, 18334.38, 1, 6);
INSERT INTO "Car" ("Car_ID", "Brand", "Model", "Color", "Mileage", "Price", "Car_condition_ID", "Car_dealer_ID") VALUES (150, 'Audi', 'Q3', 'Black', 128977, 54617.64, 1, 3);
INSERT INTO "Car" ("Car_ID", "Brand", "Model", "Color", "Mileage", "Price", "Car_condition_ID", "Car_dealer_ID") VALUES (151, 'Nissan', 'Juke', 'Blue', 114854, 38470.07, 2, 2);
INSERT INTO "Car" ("Car_ID", "Brand", "Model", "Color", "Mileage", "Price", "Car_condition_ID", "Car_dealer_ID") VALUES (152, 'Mercedes', 'A-Class', 'Red', 8805, 52375.0, 1, 3);
INSERT INTO "Car" ("Car_ID", "Brand", "Model", "Color", "Mileage", "Price", "Car_condition_ID", "Car_dealer_ID") VALUES (153, 'Volkswagen', 'Polo', 'Silver', 186651, 59338.21, 2, 26);
INSERT INTO "Car" ("Car_ID", "Brand", "Model", "Color", "Mileage", "Price", "Car_condition_ID", "Car_dealer_ID") VALUES (154, 'Audi', 'RS5', 'Green', 197546, 41011.08, 3, 22);
INSERT INTO "Car" ("Car_ID", "Brand", "Model", "Color", "Mileage", "Price", "Car_condition_ID", "Car_dealer_ID") VALUES (155, 'BMW', 'M8', 'Blue', 83967, 29529.04, 2, 4);
INSERT INTO "Car" ("Car_ID", "Brand", "Model", "Color", "Mileage", "Price", "Car_condition_ID", "Car_dealer_ID") VALUES (156, 'Nissan', 'Leaf', 'Grey', 67411, 35245.37, 3, 11);
INSERT INTO "Car" ("Car_ID", "Brand", "Model", "Color", "Mileage", "Price", "Car_condition_ID", "Car_dealer_ID") VALUES (157, 'Ford', 'Puma', 'Blue', 6845, 78549.69, 1, 9);
INSERT INTO "Car" ("Car_ID", "Brand", "Model", "Color", "Mileage", "Price", "Car_condition_ID", "Car_dealer_ID") VALUES (158, 'Toyota', 'Supra', 'Blue', 102584, 81753.95, 2, 29);
INSERT INTO "Car" ("Car_ID", "Brand", "Model", "Color", "Mileage", "Price", "Car_condition_ID", "Car_dealer_ID") VALUES (159, 'Nissan', 'Qashqai', 'Blue', 59984, 87185.13, 1, 19);
INSERT INTO "Car" ("Car_ID", "Brand", "Model", "Color", "Mileage", "Price", "Car_condition_ID", "Car_dealer_ID") VALUES (160, 'Hyundai', 'i20', 'Black', 142403, 94625.83, 1, 8);
INSERT INTO "Car" ("Car_ID", "Brand", "Model", "Color", "Mileage", "Price", "Car_condition_ID", "Car_dealer_ID") VALUES (161, 'Nissan', 'Leaf', 'White', 191966, 32451.52, 3, 16);
INSERT INTO "Car" ("Car_ID", "Brand", "Model", "Color", "Mileage", "Price", "Car_condition_ID", "Car_dealer_ID") VALUES (162, 'Toyota', 'Prius', 'Blue', 149763, 81049.53, 2, 26);
INSERT INTO "Car" ("Car_ID", "Brand", "Model", "Color", "Mileage", "Price", "Car_condition_ID", "Car_dealer_ID") VALUES (163, 'Hyundai', 'Ioniq 6', 'Silver', 87291, 24200.83, 1, 3);
INSERT INTO "Car" ("Car_ID", "Brand", "Model", "Color", "Mileage", "Price", "Car_condition_ID", "Car_dealer_ID") VALUES (164, 'Nissan', 'Micra', 'Green', 42926, 23948.1, 1, 24);
INSERT INTO "Car" ("Car_ID", "Brand", "Model", "Color", "Mileage", "Price", "Car_condition_ID", "Car_dealer_ID") VALUES (165, 'Hyundai', 'Santa Fe', 'Blue', 24789, 63277.63, 2, 7);
INSERT INTO "Car" ("Car_ID", "Brand", "Model", "Color", "Mileage", "Price", "Car_condition_ID", "Car_dealer_ID") VALUES (166, 'Mercedes', 'CLA', 'Orange', 152022, 78504.97, 2, 6);
INSERT INTO "Car" ("Car_ID", "Brand", "Model", "Color", "Mileage", "Price", "Car_condition_ID", "Car_dealer_ID") VALUES (167, 'Ford', 'Mondeo', 'Blue', 95985, 78624.13, 3, 2);
INSERT INTO "Car" ("Car_ID", "Brand", "Model", "Color", "Mileage", "Price", "Car_condition_ID", "Car_dealer_ID") VALUES (168, 'Hyundai', 'Kona', 'Yellow', 37238, 29754.17, 3, 6);
INSERT INTO "Car" ("Car_ID", "Brand", "Model", "Color", "Mileage", "Price", "Car_condition_ID", "Car_dealer_ID") VALUES (169, 'Volkswagen', 'T-Cross', 'Orange', 62271, 61021.37, 3, 25);
INSERT INTO "Car" ("Car_ID", "Brand", "Model", "Color", "Mileage", "Price", "Car_condition_ID", "Car_dealer_ID") VALUES (170, 'Audi', 'Q3', 'Yellow', 28714, 90282.26, 3, 11);
INSERT INTO "Car" ("Car_ID", "Brand", "Model", "Color", "Mileage", "Price", "Car_condition_ID", "Car_dealer_ID") VALUES (171, 'Hyundai', 'Ioniq 5', 'White', 177953, 50077.68, 1, 14);
INSERT INTO "Car" ("Car_ID", "Brand", "Model", "Color", "Mileage", "Price", "Car_condition_ID", "Car_dealer_ID") VALUES (172, 'Volkswagen', 'Tiguan', 'Green', 55287, 6767.75, 2, 13);
INSERT INTO "Car" ("Car_ID", "Brand", "Model", "Color", "Mileage", "Price", "Car_condition_ID", "Car_dealer_ID") VALUES (173, 'Nissan', 'Qashqai', 'Green', 51478, 53890.23, 1, 25);
INSERT INTO "Car" ("Car_ID", "Brand", "Model", "Color", "Mileage", "Price", "Car_condition_ID", "Car_dealer_ID") VALUES (174, 'Audi', 'SQ8', 'Green', 163182, 22478.0, 1, 18);
INSERT INTO "Car" ("Car_ID", "Brand", "Model", "Color", "Mileage", "Price", "Car_condition_ID", "Car_dealer_ID") VALUES (175, 'Hyundai', 'Kona', 'Silver', 135716, 62676.65, 3, 7);
INSERT INTO "Car" ("Car_ID", "Brand", "Model", "Color", "Mileage", "Price", "Car_condition_ID", "Car_dealer_ID") VALUES (176, 'Toyota', 'Prius', 'Green', 85025, 35621.24, 3, 26);
INSERT INTO "Car" ("Car_ID", "Brand", "Model", "Color", "Mileage", "Price", "Car_condition_ID", "Car_dealer_ID") VALUES (177, 'Hyundai', 'i20', 'Silver', 108822, 47041.31, 3, 26);
INSERT INTO "Car" ("Car_ID", "Brand", "Model", "Color", "Mileage", "Price", "Car_condition_ID", "Car_dealer_ID") VALUES (178, 'Ford', 'Explorer', 'Orange', 96340, 5611.94, 1, 17);
INSERT INTO "Car" ("Car_ID", "Brand", "Model", "Color", "Mileage", "Price", "Car_condition_ID", "Car_dealer_ID") VALUES (179, 'Nissan', 'Juke', 'Blue', 188167, 68693.74, 1, 19);
INSERT INTO "Car" ("Car_ID", "Brand", "Model", "Color", "Mileage", "Price", "Car_condition_ID", "Car_dealer_ID") VALUES (180, 'BMW', 'Z4', 'Green', 109538, 23211.54, 1, 7);
INSERT INTO "Car" ("Car_ID", "Brand", "Model", "Color", "Mileage", "Price", "Car_condition_ID", "Car_dealer_ID") VALUES (181, 'Kia', 'Stinger', 'White', 141549, 49371.3, 1, 18);
INSERT INTO "Car" ("Car_ID", "Brand", "Model", "Color", "Mileage", "Price", "Car_condition_ID", "Car_dealer_ID") VALUES (182, 'Toyota', 'Supra', 'Silver', 99068, 27196.3, 2, 7);
INSERT INTO "Car" ("Car_ID", "Brand", "Model", "Color", "Mileage", "Price", "Car_condition_ID", "Car_dealer_ID") VALUES (183, 'BMW', '320i', 'Black', 163836, 64222.44, 2, 6);
INSERT INTO "Car" ("Car_ID", "Brand", "Model", "Color", "Mileage", "Price", "Car_condition_ID", "Car_dealer_ID") VALUES (184, 'Volkswagen', 'Tiguan', 'Green', 8059, 24319.73, 2, 22);
INSERT INTO "Car" ("Car_ID", "Brand", "Model", "Color", "Mileage", "Price", "Car_condition_ID", "Car_dealer_ID") VALUES (185, 'Audi', 'RSQ7', 'Grey', 35961, 82290.62, 3, 19);
INSERT INTO "Car" ("Car_ID", "Brand", "Model", "Color", "Mileage", "Price", "Car_condition_ID", "Car_dealer_ID") VALUES (186, 'Mercedes', 'S-Class', 'Black', 73345, 55582.29, 3, 1);
INSERT INTO "Car" ("Car_ID", "Brand", "Model", "Color", "Mileage", "Price", "Car_condition_ID", "Car_dealer_ID") VALUES (187, 'Kia', 'Ceed', 'Grey', 186349, 20699.94, 2, 6);
INSERT INTO "Car" ("Car_ID", "Brand", "Model", "Color", "Mileage", "Price", "Car_condition_ID", "Car_dealer_ID") VALUES (188, 'BMW', 'X4', 'Yellow', 59668, 50940.58, 2, 11);
INSERT INTO "Car" ("Car_ID", "Brand", "Model", "Color", "Mileage", "Price", "Car_condition_ID", "Car_dealer_ID") VALUES (189, 'Toyota', 'Camry', 'White', 26979, 17858.91, 3, 16);
INSERT INTO "Car" ("Car_ID", "Brand", "Model", "Color", "Mileage", "Price", "Car_condition_ID", "Car_dealer_ID") VALUES (190, 'Ford', 'F-150', 'White', 119462, 60755.15, 3, 13);
INSERT INTO "Car" ("Car_ID", "Brand", "Model", "Color", "Mileage", "Price", "Car_condition_ID", "Car_dealer_ID") VALUES (191, 'Nissan', 'Micra', 'Green', 114727, 36421.97, 1, 29);
INSERT INTO "Car" ("Car_ID", "Brand", "Model", "Color", "Mileage", "Price", "Car_condition_ID", "Car_dealer_ID") VALUES (192, 'Hyundai', 'i10', 'Black', 120773, 35611.07, 3, 21);
INSERT INTO "Car" ("Car_ID", "Brand", "Model", "Color", "Mileage", "Price", "Car_condition_ID", "Car_dealer_ID") VALUES (193, 'Ford', 'F-150', 'Yellow', 56593, 50332.95, 2, 11);
INSERT INTO "Car" ("Car_ID", "Brand", "Model", "Color", "Mileage", "Price", "Car_condition_ID", "Car_dealer_ID") VALUES (194, 'Nissan', 'X-Trail', 'Orange', 114839, 28006.27, 2, 23);
INSERT INTO "Car" ("Car_ID", "Brand", "Model", "Color", "Mileage", "Price", "Car_condition_ID", "Car_dealer_ID") VALUES (195, 'Volkswagen', 'Arteon', 'Yellow', 133883, 68994.2, 3, 24);
INSERT INTO "Car" ("Car_ID", "Brand", "Model", "Color", "Mileage", "Price", "Car_condition_ID", "Car_dealer_ID") VALUES (196, 'Audi', 'RSQ3', 'Black', 82538, 5433.54, 1, 4);
INSERT INTO "Car" ("Car_ID", "Brand", "Model", "Color", "Mileage", "Price", "Car_condition_ID", "Car_dealer_ID") VALUES (197, 'Volkswagen', 'ID.3', 'Red', 34762, 36065.01, 2, 4);
INSERT INTO "Car" ("Car_ID", "Brand", "Model", "Color", "Mileage", "Price", "Car_condition_ID", "Car_dealer_ID") VALUES (198, 'Toyota', 'Highlander', 'Blue', 67465, 16263.74, 2, 7);
INSERT INTO "Car" ("Car_ID", "Brand", "Model", "Color", "Mileage", "Price", "Car_condition_ID", "Car_dealer_ID") VALUES (199, 'Hyundai', 'i30', 'Orange', 140242, 72277.82, 1, 4);
INSERT INTO "Car" ("Car_ID", "Brand", "Model", "Color", "Mileage", "Price", "Car_condition_ID", "Car_dealer_ID") VALUES (200, 'Kia', 'Sorento', 'Grey', 155739, 41362.89, 3, 22);
INSERT INTO "Car" ("Car_ID", "Brand", "Model", "Color", "Mileage", "Price", "Car_condition_ID", "Car_dealer_ID") VALUES (201, 'Volkswagen', 'Passat', 'Blue', 134831, 10251.82, 1, 11);
INSERT INTO "Car" ("Car_ID", "Brand", "Model", "Color", "Mileage", "Price", "Car_condition_ID", "Car_dealer_ID") VALUES (202, 'Toyota', 'Yaris', 'Green', 16402, 90061.7, 1, 29);
INSERT INTO "Car" ("Car_ID", "Brand", "Model", "Color", "Mileage", "Price", "Car_condition_ID", "Car_dealer_ID") VALUES (203, 'Nissan', 'X-Trail', 'Green', 142959, 14732.67, 1, 17);
INSERT INTO "Car" ("Car_ID", "Brand", "Model", "Color", "Mileage", "Price", "Car_condition_ID", "Car_dealer_ID") VALUES (204, 'Mercedes', 'A-Class', 'Silver', 42341, 19153.79, 2, 3);
INSERT INTO "Car" ("Car_ID", "Brand", "Model", "Color", "Mileage", "Price", "Car_condition_ID", "Car_dealer_ID") VALUES (205, 'Ford', 'Kuga', 'Red', 99467, 47573.89, 2, 20);
INSERT INTO "Car" ("Car_ID", "Brand", "Model", "Color", "Mileage", "Price", "Car_condition_ID", "Car_dealer_ID") VALUES (206, 'Toyota', 'RAV4', 'Orange', 147916, 94713.5, 3, 3);
INSERT INTO "Car" ("Car_ID", "Brand", "Model", "Color", "Mileage", "Price", "Car_condition_ID", "Car_dealer_ID") VALUES (207, 'Toyota', 'Yaris', 'Orange', 24568, 94727.2, 1, 16);
INSERT INTO "Car" ("Car_ID", "Brand", "Model", "Color", "Mileage", "Price", "Car_condition_ID", "Car_dealer_ID") VALUES (208, 'Kia', 'EV6', 'White', 14192, 26800.11, 1, 1);
INSERT INTO "Car" ("Car_ID", "Brand", "Model", "Color", "Mileage", "Price", "Car_condition_ID", "Car_dealer_ID") VALUES (209, 'Mercedes', 'E-Class', 'Orange', 122223, 7352.64, 2, 8);
INSERT INTO "Car" ("Car_ID", "Brand", "Model", "Color", "Mileage", "Price", "Car_condition_ID", "Car_dealer_ID") VALUES (210, 'Mercedes', 'A-Class', 'Orange', 154593, 66656.88, 3, 29);
INSERT INTO "Car" ("Car_ID", "Brand", "Model", "Color", "Mileage", "Price", "Car_condition_ID", "Car_dealer_ID") VALUES (211, 'Ford', 'Kuga', 'Grey', 37964, 8265.12, 2, 8);
INSERT INTO "Car" ("Car_ID", "Brand", "Model", "Color", "Mileage", "Price", "Car_condition_ID", "Car_dealer_ID") VALUES (212, 'Toyota', 'RAV4', 'Silver', 138037, 49109.41, 2, 4);
INSERT INTO "Car" ("Car_ID", "Brand", "Model", "Color", "Mileage", "Price", "Car_condition_ID", "Car_dealer_ID") VALUES (213, 'Audi', 'A4', 'Yellow', 64373, 9748.6, 1, 22);
INSERT INTO "Car" ("Car_ID", "Brand", "Model", "Color", "Mileage", "Price", "Car_condition_ID", "Car_dealer_ID") VALUES (214, 'Hyundai', 'Kona', 'Orange', 108736, 13523.34, 1, 1);
INSERT INTO "Car" ("Car_ID", "Brand", "Model", "Color", "Mileage", "Price", "Car_condition_ID", "Car_dealer_ID") VALUES (215, 'Toyota', 'RAV4', 'Black', 24749, 19702.65, 2, 9);
INSERT INTO "Car" ("Car_ID", "Brand", "Model", "Color", "Mileage", "Price", "Car_condition_ID", "Car_dealer_ID") VALUES (216, 'Kia', 'Sorento', 'Orange', 101681, 91545.72, 2, 20);
INSERT INTO "Car" ("Car_ID", "Brand", "Model", "Color", "Mileage", "Price", "Car_condition_ID", "Car_dealer_ID") VALUES (217, 'Hyundai', 'Kona', 'White', 59995, 20331.22, 2, 21);
INSERT INTO "Car" ("Car_ID", "Brand", "Model", "Color", "Mileage", "Price", "Car_condition_ID", "Car_dealer_ID") VALUES (218, 'BMW', 'X4', 'Green', 102140, 33686.27, 3, 29);
INSERT INTO "Car" ("Car_ID", "Brand", "Model", "Color", "Mileage", "Price", "Car_condition_ID", "Car_dealer_ID") VALUES (219, 'Mercedes', 'CLA', 'Blue', 152989, 90246.48, 2, 17);
INSERT INTO "Car" ("Car_ID", "Brand", "Model", "Color", "Mileage", "Price", "Car_condition_ID", "Car_dealer_ID") VALUES (220, 'Audi', 'A4', 'White', 30016, 85819.9, 1, 21);
INSERT INTO "Car" ("Car_ID", "Brand", "Model", "Color", "Mileage", "Price", "Car_condition_ID", "Car_dealer_ID") VALUES (221, 'Kia', 'Ceed', 'Blue', 106710, 18808.65, 1, 4);
INSERT INTO "Car" ("Car_ID", "Brand", "Model", "Color", "Mileage", "Price", "Car_condition_ID", "Car_dealer_ID") VALUES (222, 'Volkswagen', 'T-Cross', 'Grey', 117086, 94412.62, 1, 19);
INSERT INTO "Car" ("Car_ID", "Brand", "Model", "Color", "Mileage", "Price", "Car_condition_ID", "Car_dealer_ID") VALUES (223, 'Nissan', 'Juke', 'Yellow', 197359, 49932.63, 1, 28);
INSERT INTO "Car" ("Car_ID", "Brand", "Model", "Color", "Mileage", "Price", "Car_condition_ID", "Car_dealer_ID") VALUES (224, 'Nissan', 'X-Trail', 'Grey', 91853, 72923.88, 3, 24);
INSERT INTO "Car" ("Car_ID", "Brand", "Model", "Color", "Mileage", "Price", "Car_condition_ID", "Car_dealer_ID") VALUES (225, 'Hyundai', 'Santa Fe', 'Red', 150947, 26526.92, 2, 4);
INSERT INTO "Car" ("Car_ID", "Brand", "Model", "Color", "Mileage", "Price", "Car_condition_ID", "Car_dealer_ID") VALUES (226, 'Audi', 'RSQ5', 'Green', 43768, 97072.54, 2, 29);
INSERT INTO "Car" ("Car_ID", "Brand", "Model", "Color", "Mileage", "Price", "Car_condition_ID", "Car_dealer_ID") VALUES (227, 'Kia', 'Sorento', 'White', 145819, 10092.13, 1, 12);
INSERT INTO "Car" ("Car_ID", "Brand", "Model", "Color", "Mileage", "Price", "Car_condition_ID", "Car_dealer_ID") VALUES (228, 'Mercedes', 'AMG GT', 'Orange', 6237, 87423.98, 1, 20);
INSERT INTO "Car" ("Car_ID", "Brand", "Model", "Color", "Mileage", "Price", "Car_condition_ID", "Car_dealer_ID") VALUES (229, 'Audi', 'S4', 'Black', 162805, 60459.81, 1, 1);
INSERT INTO "Car" ("Car_ID", "Brand", "Model", "Color", "Mileage", "Price", "Car_condition_ID", "Car_dealer_ID") VALUES (230, 'BMW', '435i', 'Black', 67856, 78777.46, 3, 13);
INSERT INTO "Car" ("Car_ID", "Brand", "Model", "Color", "Mileage", "Price", "Car_condition_ID", "Car_dealer_ID") VALUES (231, 'Hyundai', 'i20', 'Blue', 196601, 74869.04, 1, 12);
INSERT INTO "Car" ("Car_ID", "Brand", "Model", "Color", "Mileage", "Price", "Car_condition_ID", "Car_dealer_ID") VALUES (232, 'Mercedes', 'E-Class', 'White', 98840, 52938.5, 2, 17);
INSERT INTO "Car" ("Car_ID", "Brand", "Model", "Color", "Mileage", "Price", "Car_condition_ID", "Car_dealer_ID") VALUES (233, 'Nissan', 'Qashqai', 'Red', 26347, 88396.9, 2, 15);
INSERT INTO "Car" ("Car_ID", "Brand", "Model", "Color", "Mileage", "Price", "Car_condition_ID", "Car_dealer_ID") VALUES (234, 'Kia', 'Ceed', 'Orange', 112980, 16453.53, 1, 10);
INSERT INTO "Car" ("Car_ID", "Brand", "Model", "Color", "Mileage", "Price", "Car_condition_ID", "Car_dealer_ID") VALUES (235, 'Nissan', 'Ariya', 'White', 175842, 92950.89, 1, 25);
INSERT INTO "Car" ("Car_ID", "Brand", "Model", "Color", "Mileage", "Price", "Car_condition_ID", "Car_dealer_ID") VALUES (236, 'BMW', '420i', 'Red', 158425, 96398.05, 2, 3);
INSERT INTO "Car" ("Car_ID", "Brand", "Model", "Color", "Mileage", "Price", "Car_condition_ID", "Car_dealer_ID") VALUES (237, 'BMW', '340i', 'Orange', 97213, 16963.72, 3, 17);
INSERT INTO "Car" ("Car_ID", "Brand", "Model", "Color", "Mileage", "Price", "Car_condition_ID", "Car_dealer_ID") VALUES (238, 'Audi', 'A4', 'Black', 40488, 45152.03, 2, 25);
INSERT INTO "Car" ("Car_ID", "Brand", "Model", "Color", "Mileage", "Price", "Car_condition_ID", "Car_dealer_ID") VALUES (239, 'BMW', '420i', 'Grey', 92469, 49655.48, 1, 5);
INSERT INTO "Car" ("Car_ID", "Brand", "Model", "Color", "Mileage", "Price", "Car_condition_ID", "Car_dealer_ID") VALUES (240, 'Volkswagen', 'Touareg', 'White', 196537, 51162.08, 2, 27);
INSERT INTO "Car" ("Car_ID", "Brand", "Model", "Color", "Mileage", "Price", "Car_condition_ID", "Car_dealer_ID") VALUES (241, 'Hyundai', 'Ioniq 6', 'Grey', 68565, 19081.8, 2, 1);
INSERT INTO "Car" ("Car_ID", "Brand", "Model", "Color", "Mileage", "Price", "Car_condition_ID", "Car_dealer_ID") VALUES (242, 'Volkswagen', 'ID.Buzz', 'Blue', 125454, 17509.4, 1, 25);
INSERT INTO "Car" ("Car_ID", "Brand", "Model", "Color", "Mileage", "Price", "Car_condition_ID", "Car_dealer_ID") VALUES (243, 'Kia', 'Sportage', 'Blue', 138366, 26469.34, 1, 10);
INSERT INTO "Car" ("Car_ID", "Brand", "Model", "Color", "Mileage", "Price", "Car_condition_ID", "Car_dealer_ID") VALUES (244, 'Audi', 'A4', 'Silver', 180949, 76084.0, 1, 20);
INSERT INTO "Car" ("Car_ID", "Brand", "Model", "Color", "Mileage", "Price", "Car_condition_ID", "Car_dealer_ID") VALUES (245, 'Kia', 'EV6', 'Green', 22007, 92770.41, 1, 18);
INSERT INTO "Car" ("Car_ID", "Brand", "Model", "Color", "Mileage", "Price", "Car_condition_ID", "Car_dealer_ID") VALUES (246, 'BMW', 'X6', 'Yellow', 2260, 56680.54, 1, 9);
INSERT INTO "Car" ("Car_ID", "Brand", "Model", "Color", "Mileage", "Price", "Car_condition_ID", "Car_dealer_ID") VALUES (247, 'BMW', 'X6', 'Black', 63758, 63763.6, 2, 21);
INSERT INTO "Car" ("Car_ID", "Brand", "Model", "Color", "Mileage", "Price", "Car_condition_ID", "Car_dealer_ID") VALUES (248, 'BMW', 'M4', 'Blue', 23931, 34789.22, 2, 25);
INSERT INTO "Car" ("Car_ID", "Brand", "Model", "Color", "Mileage", "Price", "Car_condition_ID", "Car_dealer_ID") VALUES (249, 'Audi', 'RSQ5', 'Orange', 147257, 71019.91, 1, 17);
INSERT INTO "Car" ("Car_ID", "Brand", "Model", "Color", "Mileage", "Price", "Car_condition_ID", "Car_dealer_ID") VALUES (250, 'BMW', '340i', 'Green', 12537, 38512.6, 2, 27);
INSERT INTO "Car" ("Car_ID", "Brand", "Model", "Color", "Mileage", "Price", "Car_condition_ID", "Car_dealer_ID") VALUES (251, 'Toyota', 'Yaris', 'Silver', 76281, 98599.66, 3, 20);
INSERT INTO "Car" ("Car_ID", "Brand", "Model", "Color", "Mileage", "Price", "Car_condition_ID", "Car_dealer_ID") VALUES (252, 'Audi', 'A7', 'Blue', 64287, 33825.79, 2, 5);
INSERT INTO "Car" ("Car_ID", "Brand", "Model", "Color", "Mileage", "Price", "Car_condition_ID", "Car_dealer_ID") VALUES (253, 'Toyota', 'Corolla', 'Black', 150574, 41644.82, 2, 16);
INSERT INTO "Car" ("Car_ID", "Brand", "Model", "Color", "Mileage", "Price", "Car_condition_ID", "Car_dealer_ID") VALUES (254, 'Ford', 'Edge', 'Yellow', 43580, 54342.27, 3, 3);
INSERT INTO "Car" ("Car_ID", "Brand", "Model", "Color", "Mileage", "Price", "Car_condition_ID", "Car_dealer_ID") VALUES (255, 'Audi', 'RSQ5', 'Silver', 144314, 7437.99, 2, 5);
INSERT INTO "Car" ("Car_ID", "Brand", "Model", "Color", "Mileage", "Price", "Car_condition_ID", "Car_dealer_ID") VALUES (256, 'BMW', '520i', 'Silver', 190895, 48786.94, 1, 28);
INSERT INTO "Car" ("Car_ID", "Brand", "Model", "Color", "Mileage", "Price", "Car_condition_ID", "Car_dealer_ID") VALUES (257, 'Kia', 'Rio', 'Orange', 78104, 66529.99, 1, 23);
INSERT INTO "Car" ("Car_ID", "Brand", "Model", "Color", "Mileage", "Price", "Car_condition_ID", "Car_dealer_ID") VALUES (258, 'Volkswagen', 'T-Cross', 'Silver', 164234, 99544.62, 3, 15);
INSERT INTO "Car" ("Car_ID", "Brand", "Model", "Color", "Mileage", "Price", "Car_condition_ID", "Car_dealer_ID") VALUES (259, 'Volkswagen', 'Polo', 'Black', 184422, 37437.53, 1, 23);
INSERT INTO "Car" ("Car_ID", "Brand", "Model", "Color", "Mileage", "Price", "Car_condition_ID", "Car_dealer_ID") VALUES (260, 'Toyota', 'Yaris', 'Black', 142665, 29229.22, 2, 12);
INSERT INTO "Car" ("Car_ID", "Brand", "Model", "Color", "Mileage", "Price", "Car_condition_ID", "Car_dealer_ID") VALUES (261, 'Mercedes', 'CLA', 'White', 66272, 15121.55, 1, 3);
INSERT INTO "Car" ("Car_ID", "Brand", "Model", "Color", "Mileage", "Price", "Car_condition_ID", "Car_dealer_ID") VALUES (262, 'Hyundai', 'Ioniq 6', 'Red', 83544, 53597.38, 2, 27);
INSERT INTO "Car" ("Car_ID", "Brand", "Model", "Color", "Mileage", "Price", "Car_condition_ID", "Car_dealer_ID") VALUES (263, 'Audi', 'S4', 'Yellow', 10320, 66394.94, 3, 6);
INSERT INTO "Car" ("Car_ID", "Brand", "Model", "Color", "Mileage", "Price", "Car_condition_ID", "Car_dealer_ID") VALUES (264, 'Volkswagen', 'Golf', 'Black', 136254, 84575.9, 1, 8);
INSERT INTO "Car" ("Car_ID", "Brand", "Model", "Color", "Mileage", "Price", "Car_condition_ID", "Car_dealer_ID") VALUES (265, 'Hyundai', 'i20', 'Black', 160915, 58807.68, 3, 10);
INSERT INTO "Car" ("Car_ID", "Brand", "Model", "Color", "Mileage", "Price", "Car_condition_ID", "Car_dealer_ID") VALUES (266, 'Ford', 'Ranger', 'Silver', 1175, 42150.33, 1, 9);
INSERT INTO "Car" ("Car_ID", "Brand", "Model", "Color", "Mileage", "Price", "Car_condition_ID", "Car_dealer_ID") VALUES (267, 'Volkswagen', 'Arteon', 'Blue', 7471, 15610.57, 1, 9);
INSERT INTO "Car" ("Car_ID", "Brand", "Model", "Color", "Mileage", "Price", "Car_condition_ID", "Car_dealer_ID") VALUES (268, 'Volkswagen', 'Arteon', 'Grey', 120908, 5831.77, 3, 11);
INSERT INTO "Car" ("Car_ID", "Brand", "Model", "Color", "Mileage", "Price", "Car_condition_ID", "Car_dealer_ID") VALUES (269, 'Ford', 'Fiesta', 'Yellow', 134335, 97584.95, 1, 18);
INSERT INTO "Car" ("Car_ID", "Brand", "Model", "Color", "Mileage", "Price", "Car_condition_ID", "Car_dealer_ID") VALUES (270, 'BMW', '435i', 'Silver', 186656, 18391.5, 3, 23);
INSERT INTO "Car" ("Car_ID", "Brand", "Model", "Color", "Mileage", "Price", "Car_condition_ID", "Car_dealer_ID") VALUES (271, 'Mercedes', 'GLS', 'Green', 64761, 11006.27, 3, 23);
INSERT INTO "Car" ("Car_ID", "Brand", "Model", "Color", "Mileage", "Price", "Car_condition_ID", "Car_dealer_ID") VALUES (272, 'Hyundai', 'Ioniq 6', 'White', 143795, 36265.92, 1, 24);
INSERT INTO "Car" ("Car_ID", "Brand", "Model", "Color", "Mileage", "Price", "Car_condition_ID", "Car_dealer_ID") VALUES (273, 'Toyota', 'Prius', 'Yellow', 174972, 83329.76, 2, 14);
INSERT INTO "Car" ("Car_ID", "Brand", "Model", "Color", "Mileage", "Price", "Car_condition_ID", "Car_dealer_ID") VALUES (274, 'Volkswagen', 'Polo', 'Grey', 62566, 17179.54, 1, 23);
INSERT INTO "Car" ("Car_ID", "Brand", "Model", "Color", "Mileage", "Price", "Car_condition_ID", "Car_dealer_ID") VALUES (275, 'Hyundai', 'Kona', 'Blue', 76211, 42349.45, 2, 29);
INSERT INTO "Car" ("Car_ID", "Brand", "Model", "Color", "Mileage", "Price", "Car_condition_ID", "Car_dealer_ID") VALUES (276, 'Ford', 'Kuga', 'Grey', 125061, 61893.03, 2, 26);
INSERT INTO "Car" ("Car_ID", "Brand", "Model", "Color", "Mileage", "Price", "Car_condition_ID", "Car_dealer_ID") VALUES (277, 'BMW', '420i', 'Blue', 60105, 79252.16, 1, 5);
INSERT INTO "Car" ("Car_ID", "Brand", "Model", "Color", "Mileage", "Price", "Car_condition_ID", "Car_dealer_ID") VALUES (278, 'Kia', 'EV6', 'Red', 152613, 71454.88, 2, 26);
INSERT INTO "Car" ("Car_ID", "Brand", "Model", "Color", "Mileage", "Price", "Car_condition_ID", "Car_dealer_ID") VALUES (279, 'Mercedes', 'GLE', 'Red', 153427, 44175.69, 3, 16);
INSERT INTO "Car" ("Car_ID", "Brand", "Model", "Color", "Mileage", "Price", "Car_condition_ID", "Car_dealer_ID") VALUES (280, 'Nissan', 'X-Trail', 'Black', 131383, 54714.66, 3, 17);
INSERT INTO "Car" ("Car_ID", "Brand", "Model", "Color", "Mileage", "Price", "Car_condition_ID", "Car_dealer_ID") VALUES (281, 'Mercedes', 'CLA', 'Orange', 83384, 66430.33, 1, 12);
INSERT INTO "Car" ("Car_ID", "Brand", "Model", "Color", "Mileage", "Price", "Car_condition_ID", "Car_dealer_ID") VALUES (282, 'Ford', 'Edge', 'Orange', 40824, 7870.71, 2, 8);
INSERT INTO "Car" ("Car_ID", "Brand", "Model", "Color", "Mileage", "Price", "Car_condition_ID", "Car_dealer_ID") VALUES (283, 'Mercedes', 'S-Class', 'White', 70986, 12042.97, 1, 6);
INSERT INTO "Car" ("Car_ID", "Brand", "Model", "Color", "Mileage", "Price", "Car_condition_ID", "Car_dealer_ID") VALUES (284, 'Audi', 'S8', 'Green', 55057, 12074.45, 1, 11);
INSERT INTO "Car" ("Car_ID", "Brand", "Model", "Color", "Mileage", "Price", "Car_condition_ID", "Car_dealer_ID") VALUES (285, 'Kia', 'Ceed', 'Black', 168471, 15047.8, 2, 7);
INSERT INTO "Car" ("Car_ID", "Brand", "Model", "Color", "Mileage", "Price", "Car_condition_ID", "Car_dealer_ID") VALUES (286, 'Mercedes', 'A-Class', 'Red', 23582, 52496.42, 3, 13);
INSERT INTO "Car" ("Car_ID", "Brand", "Model", "Color", "Mileage", "Price", "Car_condition_ID", "Car_dealer_ID") VALUES (287, 'Ford', 'Fiesta', 'Silver', 131870, 33743.49, 1, 6);
INSERT INTO "Car" ("Car_ID", "Brand", "Model", "Color", "Mileage", "Price", "Car_condition_ID", "Car_dealer_ID") VALUES (288, 'Toyota', 'Supra', 'Grey', 58565, 49039.28, 3, 3);
INSERT INTO "Car" ("Car_ID", "Brand", "Model", "Color", "Mileage", "Price", "Car_condition_ID", "Car_dealer_ID") VALUES (289, 'Ford', 'Edge', 'Silver', 34430, 60737.85, 1, 16);
INSERT INTO "Car" ("Car_ID", "Brand", "Model", "Color", "Mileage", "Price", "Car_condition_ID", "Car_dealer_ID") VALUES (290, 'Nissan', 'Ariya', 'Yellow', 19003, 54934.25, 3, 12);
INSERT INTO "Car" ("Car_ID", "Brand", "Model", "Color", "Mileage", "Price", "Car_condition_ID", "Car_dealer_ID") VALUES (291, 'Audi', 'A3', 'Green', 63827, 44327.21, 2, 11);
INSERT INTO "Car" ("Car_ID", "Brand", "Model", "Color", "Mileage", "Price", "Car_condition_ID", "Car_dealer_ID") VALUES (292, 'Volkswagen', 'Touareg', 'Yellow', 47484, 87190.93, 2, 27);
INSERT INTO "Car" ("Car_ID", "Brand", "Model", "Color", "Mileage", "Price", "Car_condition_ID", "Car_dealer_ID") VALUES (293, 'Kia', 'Sportage', 'Orange', 137375, 96288.84, 3, 5);
INSERT INTO "Car" ("Car_ID", "Brand", "Model", "Color", "Mileage", "Price", "Car_condition_ID", "Car_dealer_ID") VALUES (294, 'Kia', 'Picanto', 'Green', 8313, 58277.61, 2, 16);
INSERT INTO "Car" ("Car_ID", "Brand", "Model", "Color", "Mileage", "Price", "Car_condition_ID", "Car_dealer_ID") VALUES (295, 'Audi', 'S7', 'Red', 37223, 26509.86, 3, 2);
INSERT INTO "Car" ("Car_ID", "Brand", "Model", "Color", "Mileage", "Price", "Car_condition_ID", "Car_dealer_ID") VALUES (296, 'Nissan', 'Leaf', 'Black', 20623, 48850.81, 3, 28);
INSERT INTO "Car" ("Car_ID", "Brand", "Model", "Color", "Mileage", "Price", "Car_condition_ID", "Car_dealer_ID") VALUES (297, 'Volkswagen', 'Tiguan', 'Yellow', 2577, 63975.53, 1, 1);
INSERT INTO "Car" ("Car_ID", "Brand", "Model", "Color", "Mileage", "Price", "Car_condition_ID", "Car_dealer_ID") VALUES (298, 'Audi', 'A1', 'Orange', 116801, 45310.41, 3, 18);
INSERT INTO "Car" ("Car_ID", "Brand", "Model", "Color", "Mileage", "Price", "Car_condition_ID", "Car_dealer_ID") VALUES (299, 'Toyota', 'Corolla', 'Yellow', 197774, 50896.96, 3, 12);
INSERT INTO "Car" ("Car_ID", "Brand", "Model", "Color", "Mileage", "Price", "Car_condition_ID", "Car_dealer_ID") VALUES (300, 'Mercedes', 'GLA', 'Silver', 164534, 56315.47, 1, 8);
INSERT INTO "Car" ("Car_ID", "Brand", "Model", "Color", "Mileage", "Price", "Car_condition_ID", "Car_dealer_ID") VALUES (301, 'Volkswagen', 'ID.Buzz', 'Green', 140312, 97270.6, 1, 3);
INSERT INTO "Car" ("Car_ID", "Brand", "Model", "Color", "Mileage", "Price", "Car_condition_ID", "Car_dealer_ID") VALUES (302, 'Nissan', 'Leaf', 'Yellow', 129967, 41043.09, 1, 27);
INSERT INTO "Car" ("Car_ID", "Brand", "Model", "Color", "Mileage", "Price", "Car_condition_ID", "Car_dealer_ID") VALUES (303, 'BMW', '320i', 'Green', 88058, 57801.42, 3, 10);
INSERT INTO "Car" ("Car_ID", "Brand", "Model", "Color", "Mileage", "Price", "Car_condition_ID", "Car_dealer_ID") VALUES (304, 'Toyota', 'Supra', 'Grey', 58965, 30987.17, 2, 7);
INSERT INTO "Car" ("Car_ID", "Brand", "Model", "Color", "Mileage", "Price", "Car_condition_ID", "Car_dealer_ID") VALUES (305, 'Toyota', 'Prius', 'Orange', 123052, 67723.89, 1, 5);
INSERT INTO "Car" ("Car_ID", "Brand", "Model", "Color", "Mileage", "Price", "Car_condition_ID", "Car_dealer_ID") VALUES (306, 'Kia', 'Sorento', 'Blue', 88769, 45939.86, 3, 28);
INSERT INTO "Car" ("Car_ID", "Brand", "Model", "Color", "Mileage", "Price", "Car_condition_ID", "Car_dealer_ID") VALUES (307, 'Ford', 'Edge', 'Black', 196520, 33988.51, 3, 6);
INSERT INTO "Car" ("Car_ID", "Brand", "Model", "Color", "Mileage", "Price", "Car_condition_ID", "Car_dealer_ID") VALUES (308, 'Hyundai', 'i30', 'Yellow', 63141, 45622.49, 1, 16);
INSERT INTO "Car" ("Car_ID", "Brand", "Model", "Color", "Mileage", "Price", "Car_condition_ID", "Car_dealer_ID") VALUES (309, 'Kia', 'Picanto', 'Orange', 133044, 89592.13, 3, 14);
INSERT INTO "Car" ("Car_ID", "Brand", "Model", "Color", "Mileage", "Price", "Car_condition_ID", "Car_dealer_ID") VALUES (310, 'Mercedes', 'A-Class', 'Orange', 113083, 97238.28, 1, 29);
INSERT INTO "Car" ("Car_ID", "Brand", "Model", "Color", "Mileage", "Price", "Car_condition_ID", "Car_dealer_ID") VALUES (311, 'BMW', '118i', 'Blue', 44525, 7460.88, 1, 5);
INSERT INTO "Car" ("Car_ID", "Brand", "Model", "Color", "Mileage", "Price", "Car_condition_ID", "Car_dealer_ID") VALUES (312, 'Audi', 'SQ3', 'Blue', 171490, 73204.6, 3, 2);
INSERT INTO "Car" ("Car_ID", "Brand", "Model", "Color", "Mileage", "Price", "Car_condition_ID", "Car_dealer_ID") VALUES (313, 'Toyota', 'Supra', 'Silver', 34948, 75099.92, 1, 1);
INSERT INTO "Car" ("Car_ID", "Brand", "Model", "Color", "Mileage", "Price", "Car_condition_ID", "Car_dealer_ID") VALUES (314, 'Mercedes', 'A-Class', 'Red', 100304, 25963.84, 2, 3);
INSERT INTO "Car" ("Car_ID", "Brand", "Model", "Color", "Mileage", "Price", "Car_condition_ID", "Car_dealer_ID") VALUES (315, 'BMW', 'X1', 'White', 177863, 92088.41, 2, 10);
INSERT INTO "Car" ("Car_ID", "Brand", "Model", "Color", "Mileage", "Price", "Car_condition_ID", "Car_dealer_ID") VALUES (316, 'Ford', 'Puma', 'Red', 55564, 51550.78, 2, 19);
INSERT INTO "Car" ("Car_ID", "Brand", "Model", "Color", "Mileage", "Price", "Car_condition_ID", "Car_dealer_ID") VALUES (317, 'Kia', 'Sorento', 'Orange', 21347, 72007.57, 3, 16);
INSERT INTO "Car" ("Car_ID", "Brand", "Model", "Color", "Mileage", "Price", "Car_condition_ID", "Car_dealer_ID") VALUES (318, 'Toyota', 'Yaris', 'Silver', 84114, 15547.11, 2, 18);
INSERT INTO "Car" ("Car_ID", "Brand", "Model", "Color", "Mileage", "Price", "Car_condition_ID", "Car_dealer_ID") VALUES (319, 'BMW', '435i', 'Black', 160438, 66530.97, 2, 17);
INSERT INTO "Car" ("Car_ID", "Brand", "Model", "Color", "Mileage", "Price", "Car_condition_ID", "Car_dealer_ID") VALUES (320, 'Nissan', 'Leaf', 'Silver', 9778, 11527.33, 1, 7);
INSERT INTO "Car" ("Car_ID", "Brand", "Model", "Color", "Mileage", "Price", "Car_condition_ID", "Car_dealer_ID") VALUES (321, 'Kia', 'Ceed', 'Grey', 11841, 30363.67, 2, 8);
INSERT INTO "Car" ("Car_ID", "Brand", "Model", "Color", "Mileage", "Price", "Car_condition_ID", "Car_dealer_ID") VALUES (322, 'Ford', 'Mondeo', 'Grey', 179763, 81084.25, 2, 18);
INSERT INTO "Car" ("Car_ID", "Brand", "Model", "Color", "Mileage", "Price", "Car_condition_ID", "Car_dealer_ID") VALUES (323, 'Kia', 'Ceed', 'Blue', 100168, 91444.79, 3, 23);
INSERT INTO "Car" ("Car_ID", "Brand", "Model", "Color", "Mileage", "Price", "Car_condition_ID", "Car_dealer_ID") VALUES (324, 'Kia', 'Sportage', 'Green', 150115, 46052.13, 3, 13);
INSERT INTO "Car" ("Car_ID", "Brand", "Model", "Color", "Mileage", "Price", "Car_condition_ID", "Car_dealer_ID") VALUES (325, 'Volkswagen', 'Polo', 'Black', 145030, 8398.68, 1, 21);
INSERT INTO "Car" ("Car_ID", "Brand", "Model", "Color", "Mileage", "Price", "Car_condition_ID", "Car_dealer_ID") VALUES (326, 'Mercedes', 'CLA', 'Blue', 31040, 86006.65, 1, 9);
INSERT INTO "Car" ("Car_ID", "Brand", "Model", "Color", "Mileage", "Price", "Car_condition_ID", "Car_dealer_ID") VALUES (327, 'Kia', 'Stinger', 'Black', 73903, 32398.39, 3, 1);
INSERT INTO "Car" ("Car_ID", "Brand", "Model", "Color", "Mileage", "Price", "Car_condition_ID", "Car_dealer_ID") VALUES (328, 'Audi', 'A5', 'Red', 124959, 69051.57, 1, 9);
INSERT INTO "Car" ("Car_ID", "Brand", "Model", "Color", "Mileage", "Price", "Car_condition_ID", "Car_dealer_ID") VALUES (329, 'Toyota', 'Land Cruiser', 'Grey', 96584, 96572.57, 2, 25);
INSERT INTO "Car" ("Car_ID", "Brand", "Model", "Color", "Mileage", "Price", "Car_condition_ID", "Car_dealer_ID") VALUES (330, 'Hyundai', 'i10', 'Blue', 79636, 27600.83, 2, 8);
INSERT INTO "Car" ("Car_ID", "Brand", "Model", "Color", "Mileage", "Price", "Car_condition_ID", "Car_dealer_ID") VALUES (331, 'Nissan', 'X-Trail', 'Grey', 34208, 39633.73, 1, 22);
INSERT INTO "Car" ("Car_ID", "Brand", "Model", "Color", "Mileage", "Price", "Car_condition_ID", "Car_dealer_ID") VALUES (332, 'Hyundai', 'i10', 'Blue', 64802, 72913.19, 3, 26);
INSERT INTO "Car" ("Car_ID", "Brand", "Model", "Color", "Mileage", "Price", "Car_condition_ID", "Car_dealer_ID") VALUES (333, 'Audi', 'RS5', 'Yellow', 140083, 29226.27, 3, 28);
INSERT INTO "Car" ("Car_ID", "Brand", "Model", "Color", "Mileage", "Price", "Car_condition_ID", "Car_dealer_ID") VALUES (334, 'Ford', 'F-150', 'Silver', 116944, 65950.04, 3, 15);
INSERT INTO "Car" ("Car_ID", "Brand", "Model", "Color", "Mileage", "Price", "Car_condition_ID", "Car_dealer_ID") VALUES (335, 'BMW', '435i', 'Yellow', 161059, 94414.88, 1, 30);
INSERT INTO "Car" ("Car_ID", "Brand", "Model", "Color", "Mileage", "Price", "Car_condition_ID", "Car_dealer_ID") VALUES (336, 'Audi', 'A7', 'Silver', 49718, 51430.54, 3, 8);
INSERT INTO "Car" ("Car_ID", "Brand", "Model", "Color", "Mileage", "Price", "Car_condition_ID", "Car_dealer_ID") VALUES (337, 'Volkswagen', 'Tiguan', 'Black', 119008, 19647.78, 2, 22);
INSERT INTO "Car" ("Car_ID", "Brand", "Model", "Color", "Mileage", "Price", "Car_condition_ID", "Car_dealer_ID") VALUES (338, 'BMW', '520i', 'Silver', 69692, 65789.17, 3, 21);
INSERT INTO "Car" ("Car_ID", "Brand", "Model", "Color", "Mileage", "Price", "Car_condition_ID", "Car_dealer_ID") VALUES (339, 'Volkswagen', 'Golf', 'Orange', 105031, 83509.46, 1, 28);
INSERT INTO "Car" ("Car_ID", "Brand", "Model", "Color", "Mileage", "Price", "Car_condition_ID", "Car_dealer_ID") VALUES (340, 'Kia', 'Rio', 'Silver', 178963, 59215.75, 3, 28);
INSERT INTO "Car" ("Car_ID", "Brand", "Model", "Color", "Mileage", "Price", "Car_condition_ID", "Car_dealer_ID") VALUES (341, 'Ford', 'Puma', 'White', 100974, 56764.68, 3, 24);
INSERT INTO "Car" ("Car_ID", "Brand", "Model", "Color", "Mileage", "Price", "Car_condition_ID", "Car_dealer_ID") VALUES (342, 'Volkswagen', 'Passat', 'Red', 178108, 31702.51, 1, 27);
INSERT INTO "Car" ("Car_ID", "Brand", "Model", "Color", "Mileage", "Price", "Car_condition_ID", "Car_dealer_ID") VALUES (343, 'Audi', 'S4', 'Green', 14052, 63171.52, 3, 15);
INSERT INTO "Car" ("Car_ID", "Brand", "Model", "Color", "Mileage", "Price", "Car_condition_ID", "Car_dealer_ID") VALUES (344, 'Audi', 'A1', 'White', 168662, 61536.28, 1, 13);
INSERT INTO "Car" ("Car_ID", "Brand", "Model", "Color", "Mileage", "Price", "Car_condition_ID", "Car_dealer_ID") VALUES (345, 'Ford', 'Ranger', 'Black', 1590, 90140.21, 2, 14);
INSERT INTO "Car" ("Car_ID", "Brand", "Model", "Color", "Mileage", "Price", "Car_condition_ID", "Car_dealer_ID") VALUES (346, 'BMW', 'X6', 'Green', 5109, 36359.22, 3, 6);
INSERT INTO "Car" ("Car_ID", "Brand", "Model", "Color", "Mileage", "Price", "Car_condition_ID", "Car_dealer_ID") VALUES (347, 'Volkswagen', 'T-Cross', 'Red', 106979, 65597.88, 3, 11);
INSERT INTO "Car" ("Car_ID", "Brand", "Model", "Color", "Mileage", "Price", "Car_condition_ID", "Car_dealer_ID") VALUES (348, 'Ford', 'Explorer', 'Yellow', 71565, 84600.92, 3, 4);
INSERT INTO "Car" ("Car_ID", "Brand", "Model", "Color", "Mileage", "Price", "Car_condition_ID", "Car_dealer_ID") VALUES (349, 'Audi', 'S8', 'Black', 93934, 70498.39, 2, 1);
INSERT INTO "Car" ("Car_ID", "Brand", "Model", "Color", "Mileage", "Price", "Car_condition_ID", "Car_dealer_ID") VALUES (350, 'BMW', '118i', 'White', 26179, 51068.36, 1, 12);
INSERT INTO "Car" ("Car_ID", "Brand", "Model", "Color", "Mileage", "Price", "Car_condition_ID", "Car_dealer_ID") VALUES (351, 'BMW', '520i', 'Red', 168685, 18188.31, 1, 10);
INSERT INTO "Car" ("Car_ID", "Brand", "Model", "Color", "Mileage", "Price", "Car_condition_ID", "Car_dealer_ID") VALUES (352, 'Audi', 'S4', 'White', 131754, 9725.08, 1, 23);
INSERT INTO "Car" ("Car_ID", "Brand", "Model", "Color", "Mileage", "Price", "Car_condition_ID", "Car_dealer_ID") VALUES (353, 'Hyundai', 'i10', 'Yellow', 127565, 89783.74, 2, 21);
INSERT INTO "Car" ("Car_ID", "Brand", "Model", "Color", "Mileage", "Price", "Car_condition_ID", "Car_dealer_ID") VALUES (354, 'Mercedes', 'AMG GT', 'Grey', 38126, 92394.25, 3, 9);
INSERT INTO "Car" ("Car_ID", "Brand", "Model", "Color", "Mileage", "Price", "Car_condition_ID", "Car_dealer_ID") VALUES (355, 'BMW', 'X3', 'Black', 197766, 22249.55, 1, 11);
INSERT INTO "Car" ("Car_ID", "Brand", "Model", "Color", "Mileage", "Price", "Car_condition_ID", "Car_dealer_ID") VALUES (356, 'Hyundai', 'Kona', 'Silver', 156676, 85310.82, 2, 9);
INSERT INTO "Car" ("Car_ID", "Brand", "Model", "Color", "Mileage", "Price", "Car_condition_ID", "Car_dealer_ID") VALUES (357, 'Mercedes', 'A-Class', 'White', 37936, 43456.85, 3, 6);
INSERT INTO "Car" ("Car_ID", "Brand", "Model", "Color", "Mileage", "Price", "Car_condition_ID", "Car_dealer_ID") VALUES (358, 'Hyundai', 'i10', 'Yellow', 117334, 27251.34, 2, 25);
INSERT INTO "Car" ("Car_ID", "Brand", "Model", "Color", "Mileage", "Price", "Car_condition_ID", "Car_dealer_ID") VALUES (359, 'Hyundai', 'Santa Fe', 'Silver', 159552, 27452.67, 3, 6);
INSERT INTO "Car" ("Car_ID", "Brand", "Model", "Color", "Mileage", "Price", "Car_condition_ID", "Car_dealer_ID") VALUES (360, 'Kia', 'Rio', 'Yellow', 158487, 15054.76, 3, 4);
INSERT INTO "Car" ("Car_ID", "Brand", "Model", "Color", "Mileage", "Price", "Car_condition_ID", "Car_dealer_ID") VALUES (361, 'Volkswagen', 'T-Cross', 'Grey', 60973, 28703.53, 1, 30);
INSERT INTO "Car" ("Car_ID", "Brand", "Model", "Color", "Mileage", "Price", "Car_condition_ID", "Car_dealer_ID") VALUES (362, 'Nissan', 'Ariya', 'Red', 187226, 32279.19, 3, 1);
INSERT INTO "Car" ("Car_ID", "Brand", "Model", "Color", "Mileage", "Price", "Car_condition_ID", "Car_dealer_ID") VALUES (363, 'BMW', '435i', 'White', 87927, 79994.24, 2, 6);
INSERT INTO "Car" ("Car_ID", "Brand", "Model", "Color", "Mileage", "Price", "Car_condition_ID", "Car_dealer_ID") VALUES (364, 'BMW', '118i', 'Silver', 97605, 98131.25, 3, 17);
INSERT INTO "Car" ("Car_ID", "Brand", "Model", "Color", "Mileage", "Price", "Car_condition_ID", "Car_dealer_ID") VALUES (365, 'Mercedes', 'CLA', 'Green', 118883, 75429.16, 3, 17);
INSERT INTO "Car" ("Car_ID", "Brand", "Model", "Color", "Mileage", "Price", "Car_condition_ID", "Car_dealer_ID") VALUES (366, 'Nissan', 'Ariya', 'Yellow', 175264, 73246.63, 2, 3);
INSERT INTO "Car" ("Car_ID", "Brand", "Model", "Color", "Mileage", "Price", "Car_condition_ID", "Car_dealer_ID") VALUES (367, 'Mercedes', 'GLC', 'Orange', 91589, 13299.31, 1, 4);
INSERT INTO "Car" ("Car_ID", "Brand", "Model", "Color", "Mileage", "Price", "Car_condition_ID", "Car_dealer_ID") VALUES (368, 'Audi', 'A1', 'Silver', 38564, 19629.16, 1, 26);
INSERT INTO "Car" ("Car_ID", "Brand", "Model", "Color", "Mileage", "Price", "Car_condition_ID", "Car_dealer_ID") VALUES (369, 'Volkswagen', 'Arteon', 'Orange', 105275, 62281.44, 1, 26);
INSERT INTO "Car" ("Car_ID", "Brand", "Model", "Color", "Mileage", "Price", "Car_condition_ID", "Car_dealer_ID") VALUES (370, 'BMW', '540i', 'Blue', 158570, 93041.84, 1, 28);
INSERT INTO "Car" ("Car_ID", "Brand", "Model", "Color", "Mileage", "Price", "Car_condition_ID", "Car_dealer_ID") VALUES (371, 'BMW', 'M5', 'Silver', 55244, 12244.87, 1, 10);
INSERT INTO "Car" ("Car_ID", "Brand", "Model", "Color", "Mileage", "Price", "Car_condition_ID", "Car_dealer_ID") VALUES (372, 'Hyundai', 'i10', 'Black', 137377, 94839.33, 3, 19);
INSERT INTO "Car" ("Car_ID", "Brand", "Model", "Color", "Mileage", "Price", "Car_condition_ID", "Car_dealer_ID") VALUES (373, 'Hyundai', 'i10', 'Black', 119304, 86064.44, 2, 4);
INSERT INTO "Car" ("Car_ID", "Brand", "Model", "Color", "Mileage", "Price", "Car_condition_ID", "Car_dealer_ID") VALUES (374, 'BMW', '440i', 'Orange', 119643, 77372.5, 3, 2);
INSERT INTO "Car" ("Car_ID", "Brand", "Model", "Color", "Mileage", "Price", "Car_condition_ID", "Car_dealer_ID") VALUES (375, 'Ford', 'Explorer', 'Green', 170517, 42156.47, 1, 28);
INSERT INTO "Car" ("Car_ID", "Brand", "Model", "Color", "Mileage", "Price", "Car_condition_ID", "Car_dealer_ID") VALUES (376, 'BMW', 'X1', 'Yellow', 70636, 51179.53, 2, 15);
INSERT INTO "Car" ("Car_ID", "Brand", "Model", "Color", "Mileage", "Price", "Car_condition_ID", "Car_dealer_ID") VALUES (377, 'Toyota', 'Supra', 'Blue', 116120, 41647.24, 3, 5);
INSERT INTO "Car" ("Car_ID", "Brand", "Model", "Color", "Mileage", "Price", "Car_condition_ID", "Car_dealer_ID") VALUES (378, 'Toyota', 'Yaris', 'Red', 151521, 13907.39, 1, 28);
INSERT INTO "Car" ("Car_ID", "Brand", "Model", "Color", "Mileage", "Price", "Car_condition_ID", "Car_dealer_ID") VALUES (379, 'Ford', 'Mustang', 'White', 179994, 75571.59, 3, 1);
INSERT INTO "Car" ("Car_ID", "Brand", "Model", "Color", "Mileage", "Price", "Car_condition_ID", "Car_dealer_ID") VALUES (380, 'Kia', 'Stinger', 'White', 12703, 70004.62, 2, 5);
INSERT INTO "Car" ("Car_ID", "Brand", "Model", "Color", "Mileage", "Price", "Car_condition_ID", "Car_dealer_ID") VALUES (381, 'Nissan', 'Navara', 'White', 181646, 51884.83, 3, 6);
INSERT INTO "Car" ("Car_ID", "Brand", "Model", "Color", "Mileage", "Price", "Car_condition_ID", "Car_dealer_ID") VALUES (382, 'Audi', 'RS4', 'Grey', 48083, 48172.98, 1, 18);
INSERT INTO "Car" ("Car_ID", "Brand", "Model", "Color", "Mileage", "Price", "Car_condition_ID", "Car_dealer_ID") VALUES (383, 'Ford', 'Edge', 'Blue', 80136, 46125.39, 2, 9);
INSERT INTO "Car" ("Car_ID", "Brand", "Model", "Color", "Mileage", "Price", "Car_condition_ID", "Car_dealer_ID") VALUES (384, 'Hyundai', 'i30', 'White', 187659, 72686.77, 2, 3);
INSERT INTO "Car" ("Car_ID", "Brand", "Model", "Color", "Mileage", "Price", "Car_condition_ID", "Car_dealer_ID") VALUES (385, 'Mercedes', 'A-Class', 'Green', 193545, 22528.56, 1, 7);
INSERT INTO "Car" ("Car_ID", "Brand", "Model", "Color", "Mileage", "Price", "Car_condition_ID", "Car_dealer_ID") VALUES (386, 'Nissan', 'Leaf', 'Green', 180481, 55224.72, 3, 27);
INSERT INTO "Car" ("Car_ID", "Brand", "Model", "Color", "Mileage", "Price", "Car_condition_ID", "Car_dealer_ID") VALUES (387, 'Mercedes', 'C-Class', 'Yellow', 96453, 8342.74, 1, 22);
INSERT INTO "Car" ("Car_ID", "Brand", "Model", "Color", "Mileage", "Price", "Car_condition_ID", "Car_dealer_ID") VALUES (388, 'Mercedes', 'GLS', 'White', 87063, 52817.68, 3, 22);
INSERT INTO "Car" ("Car_ID", "Brand", "Model", "Color", "Mileage", "Price", "Car_condition_ID", "Car_dealer_ID") VALUES (389, 'Nissan', 'X-Trail', 'Orange', 153921, 25379.08, 2, 8);
INSERT INTO "Car" ("Car_ID", "Brand", "Model", "Color", "Mileage", "Price", "Car_condition_ID", "Car_dealer_ID") VALUES (390, 'Audi', 'S5', 'Black', 162636, 84866.23, 1, 25);
INSERT INTO "Car" ("Car_ID", "Brand", "Model", "Color", "Mileage", "Price", "Car_condition_ID", "Car_dealer_ID") VALUES (391, 'Volkswagen', 'Touareg', 'Yellow', 126815, 89857.56, 3, 15);
INSERT INTO "Car" ("Car_ID", "Brand", "Model", "Color", "Mileage", "Price", "Car_condition_ID", "Car_dealer_ID") VALUES (392, 'Volkswagen', 'Golf', 'Green', 90533, 26399.98, 3, 20);
INSERT INTO "Car" ("Car_ID", "Brand", "Model", "Color", "Mileage", "Price", "Car_condition_ID", "Car_dealer_ID") VALUES (393, 'Audi', 'RS4', 'Silver', 45849, 55944.23, 2, 14);
INSERT INTO "Car" ("Car_ID", "Brand", "Model", "Color", "Mileage", "Price", "Car_condition_ID", "Car_dealer_ID") VALUES (394, 'Toyota', 'RAV4', 'Grey', 45589, 57350.91, 1, 22);
INSERT INTO "Car" ("Car_ID", "Brand", "Model", "Color", "Mileage", "Price", "Car_condition_ID", "Car_dealer_ID") VALUES (395, 'Audi', 'RSQ7', 'Red', 151948, 6332.75, 2, 21);
INSERT INTO "Car" ("Car_ID", "Brand", "Model", "Color", "Mileage", "Price", "Car_condition_ID", "Car_dealer_ID") VALUES (396, 'Mercedes', 'GLE', 'Blue', 24673, 28781.85, 2, 10);
INSERT INTO "Car" ("Car_ID", "Brand", "Model", "Color", "Mileage", "Price", "Car_condition_ID", "Car_dealer_ID") VALUES (397, 'Toyota', 'Camry', 'Yellow', 32164, 77583.41, 1, 30);
INSERT INTO "Car" ("Car_ID", "Brand", "Model", "Color", "Mileage", "Price", "Car_condition_ID", "Car_dealer_ID") VALUES (398, 'BMW', 'M8', 'Black', 183258, 20157.79, 3, 11);
INSERT INTO "Car" ("Car_ID", "Brand", "Model", "Color", "Mileage", "Price", "Car_condition_ID", "Car_dealer_ID") VALUES (399, 'Ford', 'F-150', 'Black', 21109, 58388.49, 3, 14);
INSERT INTO "Car" ("Car_ID", "Brand", "Model", "Color", "Mileage", "Price", "Car_condition_ID", "Car_dealer_ID") VALUES (400, 'Audi', 'S3', 'Blue', 29557, 94234.21, 1, 2);
INSERT INTO "Car" ("Car_ID", "Brand", "Model", "Color", "Mileage", "Price", "Car_condition_ID", "Car_dealer_ID") VALUES (401, 'Nissan', 'X-Trail', 'Green', 84650, 8327.29, 1, 10);
INSERT INTO "Car" ("Car_ID", "Brand", "Model", "Color", "Mileage", "Price", "Car_condition_ID", "Car_dealer_ID") VALUES (402, 'Mercedes', 'GLC', 'Grey', 33303, 96221.09, 1, 21);
INSERT INTO "Car" ("Car_ID", "Brand", "Model", "Color", "Mileage", "Price", "Car_condition_ID", "Car_dealer_ID") VALUES (403, 'Nissan', 'Leaf', 'Silver', 108085, 82967.39, 1, 23);
INSERT INTO "Car" ("Car_ID", "Brand", "Model", "Color", "Mileage", "Price", "Car_condition_ID", "Car_dealer_ID") VALUES (404, 'BMW', 'X3', 'Blue', 177476, 81118.34, 2, 16);
INSERT INTO "Car" ("Car_ID", "Brand", "Model", "Color", "Mileage", "Price", "Car_condition_ID", "Car_dealer_ID") VALUES (405, 'Kia', 'Ceed', 'Black', 199899, 20954.31, 2, 12);
INSERT INTO "Car" ("Car_ID", "Brand", "Model", "Color", "Mileage", "Price", "Car_condition_ID", "Car_dealer_ID") VALUES (406, 'Ford', 'Puma', 'Black', 23387, 49666.24, 1, 1);
INSERT INTO "Car" ("Car_ID", "Brand", "Model", "Color", "Mileage", "Price", "Car_condition_ID", "Car_dealer_ID") VALUES (407, 'Kia', 'Picanto', 'Green', 32651, 70696.43, 1, 24);
INSERT INTO "Car" ("Car_ID", "Brand", "Model", "Color", "Mileage", "Price", "Car_condition_ID", "Car_dealer_ID") VALUES (408, 'Audi', 'S8', 'Green', 100846, 15398.07, 2, 12);
INSERT INTO "Car" ("Car_ID", "Brand", "Model", "Color", "Mileage", "Price", "Car_condition_ID", "Car_dealer_ID") VALUES (409, 'Ford', 'Kuga', 'Grey', 49181, 41021.28, 2, 23);
INSERT INTO "Car" ("Car_ID", "Brand", "Model", "Color", "Mileage", "Price", "Car_condition_ID", "Car_dealer_ID") VALUES (410, 'Ford', 'Ranger', 'Orange', 80616, 42293.81, 2, 24);
INSERT INTO "Car" ("Car_ID", "Brand", "Model", "Color", "Mileage", "Price", "Car_condition_ID", "Car_dealer_ID") VALUES (411, 'Ford', 'Kuga', 'Green', 145598, 88693.42, 3, 9);
INSERT INTO "Car" ("Car_ID", "Brand", "Model", "Color", "Mileage", "Price", "Car_condition_ID", "Car_dealer_ID") VALUES (412, 'Volkswagen', 'ID.Buzz', 'Green', 35390, 78314.81, 1, 4);
INSERT INTO "Car" ("Car_ID", "Brand", "Model", "Color", "Mileage", "Price", "Car_condition_ID", "Car_dealer_ID") VALUES (413, 'Toyota', 'Camry', 'Grey', 151849, 98037.48, 2, 14);
INSERT INTO "Car" ("Car_ID", "Brand", "Model", "Color", "Mileage", "Price", "Car_condition_ID", "Car_dealer_ID") VALUES (414, 'Mercedes', 'GLA', 'Yellow', 104451, 82685.92, 1, 9);
INSERT INTO "Car" ("Car_ID", "Brand", "Model", "Color", "Mileage", "Price", "Car_condition_ID", "Car_dealer_ID") VALUES (415, 'Mercedes', 'GLC', 'Red', 71878, 27253.36, 1, 22);
INSERT INTO "Car" ("Car_ID", "Brand", "Model", "Color", "Mileage", "Price", "Car_condition_ID", "Car_dealer_ID") VALUES (416, 'Volkswagen', 'ID.Buzz', 'Yellow', 150103, 69247.76, 3, 7);
INSERT INTO "Car" ("Car_ID", "Brand", "Model", "Color", "Mileage", "Price", "Car_condition_ID", "Car_dealer_ID") VALUES (417, 'Nissan', 'Leaf', 'Grey', 118030, 9205.89, 2, 29);
INSERT INTO "Car" ("Car_ID", "Brand", "Model", "Color", "Mileage", "Price", "Car_condition_ID", "Car_dealer_ID") VALUES (418, 'Hyundai', 'Ioniq 5', 'Green', 129423, 45052.25, 3, 20);
INSERT INTO "Car" ("Car_ID", "Brand", "Model", "Color", "Mileage", "Price", "Car_condition_ID", "Car_dealer_ID") VALUES (419, 'Mercedes', 'GLC', 'Blue', 40933, 81186.65, 3, 7);
INSERT INTO "Car" ("Car_ID", "Brand", "Model", "Color", "Mileage", "Price", "Car_condition_ID", "Car_dealer_ID") VALUES (420, 'Ford', 'Mondeo', 'Blue', 118676, 14382.47, 2, 24);
INSERT INTO "Car" ("Car_ID", "Brand", "Model", "Color", "Mileage", "Price", "Car_condition_ID", "Car_dealer_ID") VALUES (421, 'Audi', 'A3', 'Green', 141924, 50607.95, 2, 13);
INSERT INTO "Car" ("Car_ID", "Brand", "Model", "Color", "Mileage", "Price", "Car_condition_ID", "Car_dealer_ID") VALUES (422, 'Volkswagen', 'Tiguan', 'Red', 37125, 73020.3, 3, 15);
INSERT INTO "Car" ("Car_ID", "Brand", "Model", "Color", "Mileage", "Price", "Car_condition_ID", "Car_dealer_ID") VALUES (423, 'Audi', 'S7', 'Orange', 35721, 27206.46, 2, 14);
INSERT INTO "Car" ("Car_ID", "Brand", "Model", "Color", "Mileage", "Price", "Car_condition_ID", "Car_dealer_ID") VALUES (424, 'Kia', 'Ceed', 'Yellow', 33450, 70731.24, 1, 21);
INSERT INTO "Car" ("Car_ID", "Brand", "Model", "Color", "Mileage", "Price", "Car_condition_ID", "Car_dealer_ID") VALUES (425, 'Toyota', 'Camry', 'Silver', 38367, 67774.09, 1, 19);
INSERT INTO "Car" ("Car_ID", "Brand", "Model", "Color", "Mileage", "Price", "Car_condition_ID", "Car_dealer_ID") VALUES (426, 'Hyundai', 'i20', 'White', 124201, 45536.51, 2, 30);
INSERT INTO "Car" ("Car_ID", "Brand", "Model", "Color", "Mileage", "Price", "Car_condition_ID", "Car_dealer_ID") VALUES (427, 'Hyundai', 'Kona', 'Yellow', 113909, 29889.0, 2, 3);
INSERT INTO "Car" ("Car_ID", "Brand", "Model", "Color", "Mileage", "Price", "Car_condition_ID", "Car_dealer_ID") VALUES (428, 'Hyundai', 'Ioniq 6', 'Black', 53466, 20525.54, 3, 7);
INSERT INTO "Car" ("Car_ID", "Brand", "Model", "Color", "Mileage", "Price", "Car_condition_ID", "Car_dealer_ID") VALUES (429, 'BMW', 'M5', 'Blue', 198708, 9132.72, 2, 19);
INSERT INTO "Car" ("Car_ID", "Brand", "Model", "Color", "Mileage", "Price", "Car_condition_ID", "Car_dealer_ID") VALUES (430, 'Volkswagen', 'Tiguan', 'White', 188729, 95631.68, 2, 7);
INSERT INTO "Car" ("Car_ID", "Brand", "Model", "Color", "Mileage", "Price", "Car_condition_ID", "Car_dealer_ID") VALUES (431, 'Ford', 'Puma', 'Green', 91001, 9207.24, 1, 23);
INSERT INTO "Car" ("Car_ID", "Brand", "Model", "Color", "Mileage", "Price", "Car_condition_ID", "Car_dealer_ID") VALUES (432, 'Kia', 'Sorento', 'Yellow', 185284, 8555.9, 3, 27);
INSERT INTO "Car" ("Car_ID", "Brand", "Model", "Color", "Mileage", "Price", "Car_condition_ID", "Car_dealer_ID") VALUES (433, 'Nissan', 'Micra', 'Black', 65174, 46493.4, 1, 8);
INSERT INTO "Car" ("Car_ID", "Brand", "Model", "Color", "Mileage", "Price", "Car_condition_ID", "Car_dealer_ID") VALUES (434, 'BMW', 'X1', 'Grey', 28745, 51213.38, 1, 7);
INSERT INTO "Car" ("Car_ID", "Brand", "Model", "Color", "Mileage", "Price", "Car_condition_ID", "Car_dealer_ID") VALUES (435, 'Hyundai', 'Tucson', 'White', 144001, 19213.76, 2, 12);
INSERT INTO "Car" ("Car_ID", "Brand", "Model", "Color", "Mileage", "Price", "Car_condition_ID", "Car_dealer_ID") VALUES (436, 'Audi', 'S3', 'Silver', 82247, 37047.87, 2, 29);
INSERT INTO "Car" ("Car_ID", "Brand", "Model", "Color", "Mileage", "Price", "Car_condition_ID", "Car_dealer_ID") VALUES (437, 'Toyota', 'Highlander', 'Green', 134735, 36715.8, 2, 19);
INSERT INTO "Car" ("Car_ID", "Brand", "Model", "Color", "Mileage", "Price", "Car_condition_ID", "Car_dealer_ID") VALUES (438, 'Volkswagen', 'Polo', 'Orange', 42869, 25921.08, 3, 12);
INSERT INTO "Car" ("Car_ID", "Brand", "Model", "Color", "Mileage", "Price", "Car_condition_ID", "Car_dealer_ID") VALUES (439, 'BMW', '435i', 'Blue', 175618, 71227.88, 1, 21);
INSERT INTO "Car" ("Car_ID", "Brand", "Model", "Color", "Mileage", "Price", "Car_condition_ID", "Car_dealer_ID") VALUES (440, 'BMW', 'X4', 'Green', 136198, 61164.44, 2, 11);
INSERT INTO "Car" ("Car_ID", "Brand", "Model", "Color", "Mileage", "Price", "Car_condition_ID", "Car_dealer_ID") VALUES (441, 'Ford', 'Mustang', 'Silver', 95542, 73223.42, 2, 26);
INSERT INTO "Car" ("Car_ID", "Brand", "Model", "Color", "Mileage", "Price", "Car_condition_ID", "Car_dealer_ID") VALUES (442, 'Ford', 'Edge', 'Silver', 6648, 19467.01, 3, 30);
INSERT INTO "Car" ("Car_ID", "Brand", "Model", "Color", "Mileage", "Price", "Car_condition_ID", "Car_dealer_ID") VALUES (443, 'Kia', 'Picanto', 'Yellow', 177350, 42297.03, 2, 6);
INSERT INTO "Car" ("Car_ID", "Brand", "Model", "Color", "Mileage", "Price", "Car_condition_ID", "Car_dealer_ID") VALUES (444, 'Nissan', 'Qashqai', 'White', 76001, 7250.3, 3, 25);
INSERT INTO "Car" ("Car_ID", "Brand", "Model", "Color", "Mileage", "Price", "Car_condition_ID", "Car_dealer_ID") VALUES (445, 'Nissan', 'Ariya', 'Blue', 108567, 53496.22, 1, 26);
INSERT INTO "Car" ("Car_ID", "Brand", "Model", "Color", "Mileage", "Price", "Car_condition_ID", "Car_dealer_ID") VALUES (446, 'Ford', 'Kuga', 'Yellow', 108624, 15921.67, 1, 5);
INSERT INTO "Car" ("Car_ID", "Brand", "Model", "Color", "Mileage", "Price", "Car_condition_ID", "Car_dealer_ID") VALUES (447, 'Mercedes', 'GLE', 'Yellow', 186862, 20198.74, 2, 8);
INSERT INTO "Car" ("Car_ID", "Brand", "Model", "Color", "Mileage", "Price", "Car_condition_ID", "Car_dealer_ID") VALUES (448, 'Toyota', 'RAV4', 'Red', 62363, 29586.63, 3, 1);
INSERT INTO "Car" ("Car_ID", "Brand", "Model", "Color", "Mileage", "Price", "Car_condition_ID", "Car_dealer_ID") VALUES (449, 'Hyundai', 'i30', 'Silver', 22218, 47652.47, 2, 27);
INSERT INTO "Car" ("Car_ID", "Brand", "Model", "Color", "Mileage", "Price", "Car_condition_ID", "Car_dealer_ID") VALUES (450, 'Toyota', 'Highlander', 'White', 144748, 50845.34, 3, 3);
INSERT INTO "Car" ("Car_ID", "Brand", "Model", "Color", "Mileage", "Price", "Car_condition_ID", "Car_dealer_ID") VALUES (451, 'Ford', 'Kuga', 'Blue', 34316, 40118.59, 1, 28);
INSERT INTO "Car" ("Car_ID", "Brand", "Model", "Color", "Mileage", "Price", "Car_condition_ID", "Car_dealer_ID") VALUES (452, 'Audi', 'RS7', 'Silver', 198570, 35511.61, 2, 6);
INSERT INTO "Car" ("Car_ID", "Brand", "Model", "Color", "Mileage", "Price", "Car_condition_ID", "Car_dealer_ID") VALUES (453, 'Ford', 'Focus', 'Yellow', 3064, 33389.81, 1, 23);
INSERT INTO "Car" ("Car_ID", "Brand", "Model", "Color", "Mileage", "Price", "Car_condition_ID", "Car_dealer_ID") VALUES (454, 'Toyota', 'Highlander', 'White', 103772, 67802.23, 2, 23);
INSERT INTO "Car" ("Car_ID", "Brand", "Model", "Color", "Mileage", "Price", "Car_condition_ID", "Car_dealer_ID") VALUES (455, 'BMW', '118i', 'Orange', 107137, 7004.66, 3, 22);
INSERT INTO "Car" ("Car_ID", "Brand", "Model", "Color", "Mileage", "Price", "Car_condition_ID", "Car_dealer_ID") VALUES (456, 'Audi', 'RSQ5', 'Yellow', 64199, 63792.57, 3, 2);
INSERT INTO "Car" ("Car_ID", "Brand", "Model", "Color", "Mileage", "Price", "Car_condition_ID", "Car_dealer_ID") VALUES (457, 'Hyundai', 'Ioniq 6', 'Silver', 113144, 47218.59, 1, 28);
INSERT INTO "Car" ("Car_ID", "Brand", "Model", "Color", "Mileage", "Price", "Car_condition_ID", "Car_dealer_ID") VALUES (458, 'Audi', 'A4', 'White', 34904, 61562.09, 3, 13);
INSERT INTO "Car" ("Car_ID", "Brand", "Model", "Color", "Mileage", "Price", "Car_condition_ID", "Car_dealer_ID") VALUES (459, 'Kia', 'Ceed', 'Grey', 6228, 52414.2, 3, 25);
INSERT INTO "Car" ("Car_ID", "Brand", "Model", "Color", "Mileage", "Price", "Car_condition_ID", "Car_dealer_ID") VALUES (460, 'Audi', 'A7', 'White', 72142, 76121.81, 3, 16);
INSERT INTO "Car" ("Car_ID", "Brand", "Model", "Color", "Mileage", "Price", "Car_condition_ID", "Car_dealer_ID") VALUES (461, 'Nissan', 'Qashqai', 'Grey', 124968, 51718.03, 3, 4);
INSERT INTO "Car" ("Car_ID", "Brand", "Model", "Color", "Mileage", "Price", "Car_condition_ID", "Car_dealer_ID") VALUES (462, 'Kia', 'Sorento', 'Green', 137927, 59214.04, 2, 12);
INSERT INTO "Car" ("Car_ID", "Brand", "Model", "Color", "Mileage", "Price", "Car_condition_ID", "Car_dealer_ID") VALUES (463, 'Volkswagen', 'Arteon', 'Orange', 128718, 88485.14, 2, 29);
INSERT INTO "Car" ("Car_ID", "Brand", "Model", "Color", "Mileage", "Price", "Car_condition_ID", "Car_dealer_ID") VALUES (464, 'Toyota', 'Land Cruiser', 'Black', 30873, 84989.41, 1, 29);
INSERT INTO "Car" ("Car_ID", "Brand", "Model", "Color", "Mileage", "Price", "Car_condition_ID", "Car_dealer_ID") VALUES (465, 'Nissan', 'Qashqai', 'Green', 101548, 34675.29, 2, 20);
INSERT INTO "Car" ("Car_ID", "Brand", "Model", "Color", "Mileage", "Price", "Car_condition_ID", "Car_dealer_ID") VALUES (466, 'Hyundai', 'Ioniq 6', 'Yellow', 185671, 36657.64, 3, 13);
INSERT INTO "Car" ("Car_ID", "Brand", "Model", "Color", "Mileage", "Price", "Car_condition_ID", "Car_dealer_ID") VALUES (467, 'Nissan', 'X-Trail', 'Red', 100022, 58826.87, 3, 19);
INSERT INTO "Car" ("Car_ID", "Brand", "Model", "Color", "Mileage", "Price", "Car_condition_ID", "Car_dealer_ID") VALUES (468, 'Nissan', 'Juke', 'White', 1171, 24667.02, 3, 16);
INSERT INTO "Car" ("Car_ID", "Brand", "Model", "Color", "Mileage", "Price", "Car_condition_ID", "Car_dealer_ID") VALUES (469, 'Toyota', 'C-HR', 'Grey', 78185, 40196.75, 3, 17);
INSERT INTO "Car" ("Car_ID", "Brand", "Model", "Color", "Mileage", "Price", "Car_condition_ID", "Car_dealer_ID") VALUES (470, 'Audi', 'A4', 'Yellow', 171315, 87082.7, 2, 11);
INSERT INTO "Car" ("Car_ID", "Brand", "Model", "Color", "Mileage", "Price", "Car_condition_ID", "Car_dealer_ID") VALUES (471, 'Ford', 'Edge', 'Green', 17227, 89193.36, 1, 11);
INSERT INTO "Car" ("Car_ID", "Brand", "Model", "Color", "Mileage", "Price", "Car_condition_ID", "Car_dealer_ID") VALUES (472, 'Kia', 'Ceed', 'Silver', 175629, 83213.2, 1, 17);
INSERT INTO "Car" ("Car_ID", "Brand", "Model", "Color", "Mileage", "Price", "Car_condition_ID", "Car_dealer_ID") VALUES (473, 'Kia', 'Sportage', 'Orange', 170638, 38088.83, 1, 12);
INSERT INTO "Car" ("Car_ID", "Brand", "Model", "Color", "Mileage", "Price", "Car_condition_ID", "Car_dealer_ID") VALUES (474, 'Audi', 'RS6', 'Red', 13390, 29665.11, 2, 11);
INSERT INTO "Car" ("Car_ID", "Brand", "Model", "Color", "Mileage", "Price", "Car_condition_ID", "Car_dealer_ID") VALUES (475, 'Volkswagen', 'ID.4', 'Black', 190941, 45318.07, 1, 6);
INSERT INTO "Car" ("Car_ID", "Brand", "Model", "Color", "Mileage", "Price", "Car_condition_ID", "Car_dealer_ID") VALUES (476, 'Volkswagen', 'Polo', 'Silver', 4075, 59466.2, 2, 11);
INSERT INTO "Car" ("Car_ID", "Brand", "Model", "Color", "Mileage", "Price", "Car_condition_ID", "Car_dealer_ID") VALUES (477, 'Audi', 'S4', 'Red', 97705, 28050.33, 2, 4);
INSERT INTO "Car" ("Car_ID", "Brand", "Model", "Color", "Mileage", "Price", "Car_condition_ID", "Car_dealer_ID") VALUES (478, 'BMW', '420i', 'Silver', 188658, 96362.16, 1, 28);
INSERT INTO "Car" ("Car_ID", "Brand", "Model", "Color", "Mileage", "Price", "Car_condition_ID", "Car_dealer_ID") VALUES (479, 'Hyundai', 'Santa Fe', 'Blue', 103400, 36155.87, 1, 19);
INSERT INTO "Car" ("Car_ID", "Brand", "Model", "Color", "Mileage", "Price", "Car_condition_ID", "Car_dealer_ID") VALUES (480, 'Ford', 'Fiesta', 'White', 154795, 96326.9, 2, 25);
INSERT INTO "Car" ("Car_ID", "Brand", "Model", "Color", "Mileage", "Price", "Car_condition_ID", "Car_dealer_ID") VALUES (481, 'Hyundai', 'i20', 'Black', 141796, 90597.93, 3, 23);
INSERT INTO "Car" ("Car_ID", "Brand", "Model", "Color", "Mileage", "Price", "Car_condition_ID", "Car_dealer_ID") VALUES (482, 'Audi', 'RSQ7', 'Green', 136068, 24767.36, 3, 19);
INSERT INTO "Car" ("Car_ID", "Brand", "Model", "Color", "Mileage", "Price", "Car_condition_ID", "Car_dealer_ID") VALUES (483, 'Ford', 'Edge', 'Yellow', 103485, 24418.59, 1, 20);
INSERT INTO "Car" ("Car_ID", "Brand", "Model", "Color", "Mileage", "Price", "Car_condition_ID", "Car_dealer_ID") VALUES (484, 'Nissan', 'Navara', 'Orange', 142936, 21948.8, 2, 22);
INSERT INTO "Car" ("Car_ID", "Brand", "Model", "Color", "Mileage", "Price", "Car_condition_ID", "Car_dealer_ID") VALUES (485, 'Nissan', 'Qashqai', 'Red', 113523, 38910.7, 1, 29);
INSERT INTO "Car" ("Car_ID", "Brand", "Model", "Color", "Mileage", "Price", "Car_condition_ID", "Car_dealer_ID") VALUES (486, 'Audi', 'RS6', 'Silver', 188877, 17380.69, 2, 19);
INSERT INTO "Car" ("Car_ID", "Brand", "Model", "Color", "Mileage", "Price", "Car_condition_ID", "Car_dealer_ID") VALUES (487, 'Ford', 'F-150', 'Red', 85130, 32866.99, 1, 8);
INSERT INTO "Car" ("Car_ID", "Brand", "Model", "Color", "Mileage", "Price", "Car_condition_ID", "Car_dealer_ID") VALUES (488, 'Nissan', 'Ariya', 'Orange', 55844, 27749.8, 1, 5);
INSERT INTO "Car" ("Car_ID", "Brand", "Model", "Color", "Mileage", "Price", "Car_condition_ID", "Car_dealer_ID") VALUES (489, 'Mercedes', 'GLE', 'Black', 12965, 93858.45, 1, 11);
INSERT INTO "Car" ("Car_ID", "Brand", "Model", "Color", "Mileage", "Price", "Car_condition_ID", "Car_dealer_ID") VALUES (490, 'Ford', 'Explorer', 'Red', 182602, 71027.47, 3, 3);
INSERT INTO "Car" ("Car_ID", "Brand", "Model", "Color", "Mileage", "Price", "Car_condition_ID", "Car_dealer_ID") VALUES (491, 'Mercedes', 'GLS', 'Silver', 159662, 5265.91, 1, 2);
INSERT INTO "Car" ("Car_ID", "Brand", "Model", "Color", "Mileage", "Price", "Car_condition_ID", "Car_dealer_ID") VALUES (492, 'Toyota', 'C-HR', 'Black', 44260, 57930.19, 2, 26);
INSERT INTO "Car" ("Car_ID", "Brand", "Model", "Color", "Mileage", "Price", "Car_condition_ID", "Car_dealer_ID") VALUES (493, 'Mercedes', 'AMG GT', 'White', 74646, 90107.53, 2, 10);
INSERT INTO "Car" ("Car_ID", "Brand", "Model", "Color", "Mileage", "Price", "Car_condition_ID", "Car_dealer_ID") VALUES (494, 'Ford', 'Kuga', 'Black', 8157, 14374.23, 3, 18);
INSERT INTO "Car" ("Car_ID", "Brand", "Model", "Color", "Mileage", "Price", "Car_condition_ID", "Car_dealer_ID") VALUES (495, 'Kia', 'Stinger', 'Yellow', 199329, 20858.69, 2, 22);
INSERT INTO "Car" ("Car_ID", "Brand", "Model", "Color", "Mileage", "Price", "Car_condition_ID", "Car_dealer_ID") VALUES (496, 'Hyundai', 'Santa Fe', 'Yellow', 186517, 86523.9, 2, 30);
INSERT INTO "Car" ("Car_ID", "Brand", "Model", "Color", "Mileage", "Price", "Car_condition_ID", "Car_dealer_ID") VALUES (497, 'Kia', 'Stinger', 'White', 79117, 31317.34, 2, 12);
INSERT INTO "Car" ("Car_ID", "Brand", "Model", "Color", "Mileage", "Price", "Car_condition_ID", "Car_dealer_ID") VALUES (498, 'BMW', 'X1', 'Yellow', 9951, 63601.03, 3, 10);
INSERT INTO "Car" ("Car_ID", "Brand", "Model", "Color", "Mileage", "Price", "Car_condition_ID", "Car_dealer_ID") VALUES (499, 'BMW', '320i', 'Yellow', 186170, 86762.03, 2, 17);
INSERT INTO "Car" ("Car_ID", "Brand", "Model", "Color", "Mileage", "Price", "Car_condition_ID", "Car_dealer_ID") VALUES (500, 'Nissan', 'Ariya', 'Black', 157817, 31472.35, 3, 23);
INSERT INTO "Car" ("Car_ID", "Brand", "Model", "Color", "Mileage", "Price", "Car_condition_ID", "Car_dealer_ID") VALUES (501, 'Hyundai', 'Santa Fe', 'Grey', 140554, 67709.08, 3, 25);
INSERT INTO "Car" ("Car_ID", "Brand", "Model", "Color", "Mileage", "Price", "Car_condition_ID", "Car_dealer_ID") VALUES (502, 'Nissan', 'Leaf', 'Green', 140309, 90404.15, 1, 30);
INSERT INTO "Car" ("Car_ID", "Brand", "Model", "Color", "Mileage", "Price", "Car_condition_ID", "Car_dealer_ID") VALUES (503, 'Mercedes', 'C-Class', 'Red', 3598, 42218.13, 3, 29);
INSERT INTO "Car" ("Car_ID", "Brand", "Model", "Color", "Mileage", "Price", "Car_condition_ID", "Car_dealer_ID") VALUES (504, 'Toyota', 'Land Cruiser', 'Grey', 189663, 55312.02, 1, 19);
INSERT INTO "Car" ("Car_ID", "Brand", "Model", "Color", "Mileage", "Price", "Car_condition_ID", "Car_dealer_ID") VALUES (505, 'Kia', 'Picanto', 'Blue', 32525, 45862.17, 3, 26);
INSERT INTO "Car" ("Car_ID", "Brand", "Model", "Color", "Mileage", "Price", "Car_condition_ID", "Car_dealer_ID") VALUES (506, 'Audi', 'SQ3', 'White', 171803, 67454.39, 1, 1);
INSERT INTO "Car" ("Car_ID", "Brand", "Model", "Color", "Mileage", "Price", "Car_condition_ID", "Car_dealer_ID") VALUES (507, 'Toyota', 'Corolla', 'Silver', 136367, 22057.51, 3, 27);
INSERT INTO "Car" ("Car_ID", "Brand", "Model", "Color", "Mileage", "Price", "Car_condition_ID", "Car_dealer_ID") VALUES (508, 'Volkswagen', 'T-Cross', 'Orange', 99240, 78286.26, 2, 8);
INSERT INTO "Car" ("Car_ID", "Brand", "Model", "Color", "Mileage", "Price", "Car_condition_ID", "Car_dealer_ID") VALUES (509, 'Ford', 'Kuga', 'Grey', 77993, 25882.45, 3, 21);
INSERT INTO "Car" ("Car_ID", "Brand", "Model", "Color", "Mileage", "Price", "Car_condition_ID", "Car_dealer_ID") VALUES (510, 'Ford', 'Kuga', 'White', 48411, 10085.68, 3, 8);
INSERT INTO "Car" ("Car_ID", "Brand", "Model", "Color", "Mileage", "Price", "Car_condition_ID", "Car_dealer_ID") VALUES (511, 'Mercedes', 'E-Class', 'Orange', 111369, 52827.61, 3, 12);
INSERT INTO "Car" ("Car_ID", "Brand", "Model", "Color", "Mileage", "Price", "Car_condition_ID", "Car_dealer_ID") VALUES (512, 'BMW', '435i', 'Silver', 9500, 64376.03, 1, 29);
INSERT INTO "Car" ("Car_ID", "Brand", "Model", "Color", "Mileage", "Price", "Car_condition_ID", "Car_dealer_ID") VALUES (513, 'Toyota', 'Prius', 'Blue', 142043, 63696.8, 2, 21);
INSERT INTO "Car" ("Car_ID", "Brand", "Model", "Color", "Mileage", "Price", "Car_condition_ID", "Car_dealer_ID") VALUES (514, 'Kia', 'Sorento', 'Silver', 10737, 23739.14, 1, 12);
INSERT INTO "Car" ("Car_ID", "Brand", "Model", "Color", "Mileage", "Price", "Car_condition_ID", "Car_dealer_ID") VALUES (515, 'Toyota', 'Highlander', 'Black', 109266, 24755.3, 2, 23);
INSERT INTO "Car" ("Car_ID", "Brand", "Model", "Color", "Mileage", "Price", "Car_condition_ID", "Car_dealer_ID") VALUES (516, 'Mercedes', 'GLA', 'Silver', 53006, 42859.28, 1, 18);
INSERT INTO "Car" ("Car_ID", "Brand", "Model", "Color", "Mileage", "Price", "Car_condition_ID", "Car_dealer_ID") VALUES (517, 'Toyota', 'Camry', 'Green', 38462, 70166.87, 3, 20);
INSERT INTO "Car" ("Car_ID", "Brand", "Model", "Color", "Mileage", "Price", "Car_condition_ID", "Car_dealer_ID") VALUES (518, 'Hyundai', 'i30', 'White', 65239, 69136.63, 2, 26);
INSERT INTO "Car" ("Car_ID", "Brand", "Model", "Color", "Mileage", "Price", "Car_condition_ID", "Car_dealer_ID") VALUES (519, 'Toyota', 'Highlander', 'Black', 189866, 33131.93, 1, 3);
INSERT INTO "Car" ("Car_ID", "Brand", "Model", "Color", "Mileage", "Price", "Car_condition_ID", "Car_dealer_ID") VALUES (520, 'Ford', 'Mustang', 'Yellow', 157453, 47414.15, 2, 19);
INSERT INTO "Car" ("Car_ID", "Brand", "Model", "Color", "Mileage", "Price", "Car_condition_ID", "Car_dealer_ID") VALUES (521, 'Kia', 'Rio', 'Silver', 139596, 78179.42, 2, 23);
INSERT INTO "Car" ("Car_ID", "Brand", "Model", "Color", "Mileage", "Price", "Car_condition_ID", "Car_dealer_ID") VALUES (522, 'Hyundai', 'i20', 'Yellow', 133010, 56449.06, 1, 17);
INSERT INTO "Car" ("Car_ID", "Brand", "Model", "Color", "Mileage", "Price", "Car_condition_ID", "Car_dealer_ID") VALUES (523, 'Kia', 'EV6', 'Silver', 78193, 26762.85, 1, 30);
INSERT INTO "Car" ("Car_ID", "Brand", "Model", "Color", "Mileage", "Price", "Car_condition_ID", "Car_dealer_ID") VALUES (524, 'Volkswagen', 'Tiguan', 'White', 144649, 24625.91, 2, 19);
INSERT INTO "Car" ("Car_ID", "Brand", "Model", "Color", "Mileage", "Price", "Car_condition_ID", "Car_dealer_ID") VALUES (525, 'Ford', 'Fiesta', 'Blue', 94687, 19350.67, 2, 3);
INSERT INTO "Car" ("Car_ID", "Brand", "Model", "Color", "Mileage", "Price", "Car_condition_ID", "Car_dealer_ID") VALUES (526, 'BMW', '535i', 'Silver', 197501, 39219.79, 1, 1);
INSERT INTO "Car" ("Car_ID", "Brand", "Model", "Color", "Mileage", "Price", "Car_condition_ID", "Car_dealer_ID") VALUES (527, 'Hyundai', 'Ioniq 6', 'Green', 30863, 8069.73, 2, 17);
INSERT INTO "Car" ("Car_ID", "Brand", "Model", "Color", "Mileage", "Price", "Car_condition_ID", "Car_dealer_ID") VALUES (528, 'Hyundai', 'Ioniq 5', 'Black', 188079, 79237.2, 3, 18);
INSERT INTO "Car" ("Car_ID", "Brand", "Model", "Color", "Mileage", "Price", "Car_condition_ID", "Car_dealer_ID") VALUES (529, 'Toyota', 'Land Cruiser', 'White', 68799, 67373.19, 1, 9);
INSERT INTO "Car" ("Car_ID", "Brand", "Model", "Color", "Mileage", "Price", "Car_condition_ID", "Car_dealer_ID") VALUES (530, 'Nissan', 'Ariya', 'Grey', 85107, 91075.55, 3, 12);
INSERT INTO "Car" ("Car_ID", "Brand", "Model", "Color", "Mileage", "Price", "Car_condition_ID", "Car_dealer_ID") VALUES (531, 'Toyota', 'Land Cruiser', 'Orange', 16240, 46083.6, 3, 1);
INSERT INTO "Car" ("Car_ID", "Brand", "Model", "Color", "Mileage", "Price", "Car_condition_ID", "Car_dealer_ID") VALUES (532, 'Ford', 'Mustang', 'Yellow', 51126, 54736.62, 1, 21);
INSERT INTO "Car" ("Car_ID", "Brand", "Model", "Color", "Mileage", "Price", "Car_condition_ID", "Car_dealer_ID") VALUES (533, 'Hyundai', 'Kona', 'Green', 52986, 28592.93, 1, 26);
INSERT INTO "Car" ("Car_ID", "Brand", "Model", "Color", "Mileage", "Price", "Car_condition_ID", "Car_dealer_ID") VALUES (534, 'Hyundai', 'i20', 'Red', 106820, 10606.1, 3, 20);
INSERT INTO "Car" ("Car_ID", "Brand", "Model", "Color", "Mileage", "Price", "Car_condition_ID", "Car_dealer_ID") VALUES (535, 'Hyundai', 'Tucson', 'Green', 17925, 50298.91, 3, 4);
INSERT INTO "Car" ("Car_ID", "Brand", "Model", "Color", "Mileage", "Price", "Car_condition_ID", "Car_dealer_ID") VALUES (536, 'BMW', '335i', 'Orange', 109644, 67166.28, 3, 27);
INSERT INTO "Car" ("Car_ID", "Brand", "Model", "Color", "Mileage", "Price", "Car_condition_ID", "Car_dealer_ID") VALUES (537, 'Toyota', 'Camry', 'Green', 124218, 60831.71, 1, 29);
INSERT INTO "Car" ("Car_ID", "Brand", "Model", "Color", "Mileage", "Price", "Car_condition_ID", "Car_dealer_ID") VALUES (538, 'Kia', 'Sorento', 'Grey', 156241, 88469.8, 3, 10);
INSERT INTO "Car" ("Car_ID", "Brand", "Model", "Color", "Mileage", "Price", "Car_condition_ID", "Car_dealer_ID") VALUES (539, 'Nissan', 'Juke', 'Black', 12445, 76425.73, 3, 3);
INSERT INTO "Car" ("Car_ID", "Brand", "Model", "Color", "Mileage", "Price", "Car_condition_ID", "Car_dealer_ID") VALUES (540, 'Audi', 'RSQ7', 'Green', 96837, 45133.62, 3, 3);
INSERT INTO "Car" ("Car_ID", "Brand", "Model", "Color", "Mileage", "Price", "Car_condition_ID", "Car_dealer_ID") VALUES (541, 'Hyundai', 'Kona', 'Yellow', 65693, 24637.05, 2, 17);
INSERT INTO "Car" ("Car_ID", "Brand", "Model", "Color", "Mileage", "Price", "Car_condition_ID", "Car_dealer_ID") VALUES (542, 'Kia', 'Ceed', 'Grey', 86572, 39795.11, 2, 2);
INSERT INTO "Car" ("Car_ID", "Brand", "Model", "Color", "Mileage", "Price", "Car_condition_ID", "Car_dealer_ID") VALUES (543, 'Ford', 'Fiesta', 'Red', 124639, 52853.8, 2, 12);
INSERT INTO "Car" ("Car_ID", "Brand", "Model", "Color", "Mileage", "Price", "Car_condition_ID", "Car_dealer_ID") VALUES (544, 'Hyundai', 'Ioniq 5', 'Green', 71087, 16707.18, 3, 11);
INSERT INTO "Car" ("Car_ID", "Brand", "Model", "Color", "Mileage", "Price", "Car_condition_ID", "Car_dealer_ID") VALUES (545, 'BMW', '440i', 'Silver', 196043, 48869.18, 3, 8);
INSERT INTO "Car" ("Car_ID", "Brand", "Model", "Color", "Mileage", "Price", "Car_condition_ID", "Car_dealer_ID") VALUES (546, 'Mercedes', 'GLS', 'Blue', 152414, 76836.98, 2, 4);
INSERT INTO "Car" ("Car_ID", "Brand", "Model", "Color", "Mileage", "Price", "Car_condition_ID", "Car_dealer_ID") VALUES (547, 'Volkswagen', 'Golf', 'Yellow', 107654, 11593.98, 1, 9);
INSERT INTO "Car" ("Car_ID", "Brand", "Model", "Color", "Mileage", "Price", "Car_condition_ID", "Car_dealer_ID") VALUES (548, 'Mercedes', 'A-Class', 'Black', 67157, 13763.42, 1, 29);
INSERT INTO "Car" ("Car_ID", "Brand", "Model", "Color", "Mileage", "Price", "Car_condition_ID", "Car_dealer_ID") VALUES (549, 'Toyota', 'Corolla', 'Grey', 78432, 6686.37, 3, 26);
INSERT INTO "Car" ("Car_ID", "Brand", "Model", "Color", "Mileage", "Price", "Car_condition_ID", "Car_dealer_ID") VALUES (550, 'Kia', 'Sportage', 'Blue', 47571, 61899.06, 1, 27);
INSERT INTO "Car" ("Car_ID", "Brand", "Model", "Color", "Mileage", "Price", "Car_condition_ID", "Car_dealer_ID") VALUES (551, 'Ford', 'Mondeo', 'Orange', 176171, 10696.01, 2, 23);
INSERT INTO "Car" ("Car_ID", "Brand", "Model", "Color", "Mileage", "Price", "Car_condition_ID", "Car_dealer_ID") VALUES (552, 'Kia', 'Stinger', 'Black', 144911, 71841.56, 2, 29);
INSERT INTO "Car" ("Car_ID", "Brand", "Model", "Color", "Mileage", "Price", "Car_condition_ID", "Car_dealer_ID") VALUES (553, 'Hyundai', 'Ioniq 6', 'Silver', 71794, 75567.29, 1, 29);
INSERT INTO "Car" ("Car_ID", "Brand", "Model", "Color", "Mileage", "Price", "Car_condition_ID", "Car_dealer_ID") VALUES (554, 'BMW', '535i', 'Black', 81374, 96302.02, 2, 16);
INSERT INTO "Car" ("Car_ID", "Brand", "Model", "Color", "Mileage", "Price", "Car_condition_ID", "Car_dealer_ID") VALUES (555, 'Volkswagen', 'Arteon', 'Silver', 44792, 16390.86, 3, 11);
INSERT INTO "Car" ("Car_ID", "Brand", "Model", "Color", "Mileage", "Price", "Car_condition_ID", "Car_dealer_ID") VALUES (556, 'BMW', 'X1', 'Red', 4677, 28114.52, 3, 3);
INSERT INTO "Car" ("Car_ID", "Brand", "Model", "Color", "Mileage", "Price", "Car_condition_ID", "Car_dealer_ID") VALUES (557, 'Toyota', 'Supra', 'Yellow', 58373, 43369.87, 1, 5);
INSERT INTO "Car" ("Car_ID", "Brand", "Model", "Color", "Mileage", "Price", "Car_condition_ID", "Car_dealer_ID") VALUES (558, 'Ford', 'F-150', 'Red', 177882, 12870.52, 2, 16);
INSERT INTO "Car" ("Car_ID", "Brand", "Model", "Color", "Mileage", "Price", "Car_condition_ID", "Car_dealer_ID") VALUES (559, 'Audi', 'S6', 'White', 61355, 30312.05, 3, 15);
INSERT INTO "Car" ("Car_ID", "Brand", "Model", "Color", "Mileage", "Price", "Car_condition_ID", "Car_dealer_ID") VALUES (560, 'Nissan', 'Micra', 'Red', 22243, 90768.9, 3, 2);
INSERT INTO "Car" ("Car_ID", "Brand", "Model", "Color", "Mileage", "Price", "Car_condition_ID", "Car_dealer_ID") VALUES (561, 'Hyundai', 'Ioniq 5', 'Blue', 196028, 6547.16, 3, 9);
INSERT INTO "Car" ("Car_ID", "Brand", "Model", "Color", "Mileage", "Price", "Car_condition_ID", "Car_dealer_ID") VALUES (562, 'Toyota', 'Camry', 'Silver', 53318, 49976.57, 2, 13);
INSERT INTO "Car" ("Car_ID", "Brand", "Model", "Color", "Mileage", "Price", "Car_condition_ID", "Car_dealer_ID") VALUES (563, 'Toyota', 'C-HR', 'Grey', 66897, 82949.16, 1, 7);
INSERT INTO "Car" ("Car_ID", "Brand", "Model", "Color", "Mileage", "Price", "Car_condition_ID", "Car_dealer_ID") VALUES (564, 'Mercedes', 'GLC', 'White', 53397, 95238.49, 3, 30);
INSERT INTO "Car" ("Car_ID", "Brand", "Model", "Color", "Mileage", "Price", "Car_condition_ID", "Car_dealer_ID") VALUES (565, 'BMW', 'X6', 'Black', 120310, 75337.58, 3, 17);
INSERT INTO "Car" ("Car_ID", "Brand", "Model", "Color", "Mileage", "Price", "Car_condition_ID", "Car_dealer_ID") VALUES (566, 'Nissan', 'Qashqai', 'Blue', 136564, 49646.07, 3, 11);
INSERT INTO "Car" ("Car_ID", "Brand", "Model", "Color", "Mileage", "Price", "Car_condition_ID", "Car_dealer_ID") VALUES (567, 'Ford', 'Focus', 'Grey', 60094, 36560.63, 2, 24);
INSERT INTO "Car" ("Car_ID", "Brand", "Model", "Color", "Mileage", "Price", "Car_condition_ID", "Car_dealer_ID") VALUES (568, 'Toyota', 'Land Cruiser', 'Grey', 54319, 61668.75, 1, 5);
INSERT INTO "Car" ("Car_ID", "Brand", "Model", "Color", "Mileage", "Price", "Car_condition_ID", "Car_dealer_ID") VALUES (569, 'Toyota', 'Supra', 'Black', 192288, 66554.68, 1, 29);
INSERT INTO "Car" ("Car_ID", "Brand", "Model", "Color", "Mileage", "Price", "Car_condition_ID", "Car_dealer_ID") VALUES (570, 'BMW', 'M5', 'Red', 125713, 5092.58, 1, 15);
INSERT INTO "Car" ("Car_ID", "Brand", "Model", "Color", "Mileage", "Price", "Car_condition_ID", "Car_dealer_ID") VALUES (571, 'Nissan', 'Qashqai', 'Grey', 31473, 82842.28, 2, 10);
INSERT INTO "Car" ("Car_ID", "Brand", "Model", "Color", "Mileage", "Price", "Car_condition_ID", "Car_dealer_ID") VALUES (572, 'Kia', 'Rio', 'White', 152362, 16101.94, 3, 16);
INSERT INTO "Car" ("Car_ID", "Brand", "Model", "Color", "Mileage", "Price", "Car_condition_ID", "Car_dealer_ID") VALUES (573, 'Ford', 'Ranger', 'Silver', 145025, 46910.43, 1, 15);
INSERT INTO "Car" ("Car_ID", "Brand", "Model", "Color", "Mileage", "Price", "Car_condition_ID", "Car_dealer_ID") VALUES (574, 'Audi', 'Q3', 'Grey', 12989, 32327.91, 1, 20);
INSERT INTO "Car" ("Car_ID", "Brand", "Model", "Color", "Mileage", "Price", "Car_condition_ID", "Car_dealer_ID") VALUES (575, 'Nissan', 'Leaf', 'Green', 139556, 58288.11, 3, 16);
INSERT INTO "Car" ("Car_ID", "Brand", "Model", "Color", "Mileage", "Price", "Car_condition_ID", "Car_dealer_ID") VALUES (576, 'Kia', 'Rio', 'Blue', 124927, 29226.66, 1, 17);
INSERT INTO "Car" ("Car_ID", "Brand", "Model", "Color", "Mileage", "Price", "Car_condition_ID", "Car_dealer_ID") VALUES (577, 'Ford', 'Edge', 'Black', 178245, 35217.48, 2, 19);
INSERT INTO "Car" ("Car_ID", "Brand", "Model", "Color", "Mileage", "Price", "Car_condition_ID", "Car_dealer_ID") VALUES (578, 'Volkswagen', 'Golf', 'Yellow', 109788, 22666.32, 2, 1);
INSERT INTO "Car" ("Car_ID", "Brand", "Model", "Color", "Mileage", "Price", "Car_condition_ID", "Car_dealer_ID") VALUES (579, 'Audi', 'A4', 'Blue', 97091, 77242.21, 2, 24);
INSERT INTO "Car" ("Car_ID", "Brand", "Model", "Color", "Mileage", "Price", "Car_condition_ID", "Car_dealer_ID") VALUES (580, 'Kia', 'EV6', 'Black', 138384, 90751.77, 2, 19);
INSERT INTO "Car" ("Car_ID", "Brand", "Model", "Color", "Mileage", "Price", "Car_condition_ID", "Car_dealer_ID") VALUES (581, 'Audi', 'RS5', 'Yellow', 18963, 13909.72, 1, 12);
INSERT INTO "Car" ("Car_ID", "Brand", "Model", "Color", "Mileage", "Price", "Car_condition_ID", "Car_dealer_ID") VALUES (582, 'Mercedes', 'GLA', 'Grey', 46429, 42317.27, 2, 2);
INSERT INTO "Car" ("Car_ID", "Brand", "Model", "Color", "Mileage", "Price", "Car_condition_ID", "Car_dealer_ID") VALUES (583, 'Volkswagen', 'ID.Buzz', 'White', 24265, 79876.49, 1, 28);
INSERT INTO "Car" ("Car_ID", "Brand", "Model", "Color", "Mileage", "Price", "Car_condition_ID", "Car_dealer_ID") VALUES (584, 'Hyundai', 'Ioniq 5', 'Yellow', 152850, 8930.43, 3, 14);
INSERT INTO "Car" ("Car_ID", "Brand", "Model", "Color", "Mileage", "Price", "Car_condition_ID", "Car_dealer_ID") VALUES (585, 'Nissan', 'Micra', 'Grey', 187730, 35141.76, 2, 18);
INSERT INTO "Car" ("Car_ID", "Brand", "Model", "Color", "Mileage", "Price", "Car_condition_ID", "Car_dealer_ID") VALUES (586, 'Audi', 'RS5', 'Silver', 1591, 47864.36, 2, 28);
INSERT INTO "Car" ("Car_ID", "Brand", "Model", "Color", "Mileage", "Price", "Car_condition_ID", "Car_dealer_ID") VALUES (587, 'Mercedes', 'GLA', 'Silver', 75599, 45836.73, 1, 13);
INSERT INTO "Car" ("Car_ID", "Brand", "Model", "Color", "Mileage", "Price", "Car_condition_ID", "Car_dealer_ID") VALUES (588, 'Kia', 'Ceed', 'Orange', 151860, 59026.24, 3, 8);
INSERT INTO "Car" ("Car_ID", "Brand", "Model", "Color", "Mileage", "Price", "Car_condition_ID", "Car_dealer_ID") VALUES (589, 'Nissan', 'Micra', 'Green', 157162, 95424.12, 3, 24);
INSERT INTO "Car" ("Car_ID", "Brand", "Model", "Color", "Mileage", "Price", "Car_condition_ID", "Car_dealer_ID") VALUES (590, 'Audi', 'SQ5', 'Black', 63809, 85297.97, 1, 14);
INSERT INTO "Car" ("Car_ID", "Brand", "Model", "Color", "Mileage", "Price", "Car_condition_ID", "Car_dealer_ID") VALUES (591, 'Ford', 'Focus', 'Yellow', 35100, 44158.94, 3, 7);
INSERT INTO "Car" ("Car_ID", "Brand", "Model", "Color", "Mileage", "Price", "Car_condition_ID", "Car_dealer_ID") VALUES (592, 'Ford', 'Edge', 'Black', 50394, 43286.03, 2, 20);
INSERT INTO "Car" ("Car_ID", "Brand", "Model", "Color", "Mileage", "Price", "Car_condition_ID", "Car_dealer_ID") VALUES (593, 'Hyundai', 'i10', 'Orange', 85869, 50580.85, 1, 29);
INSERT INTO "Car" ("Car_ID", "Brand", "Model", "Color", "Mileage", "Price", "Car_condition_ID", "Car_dealer_ID") VALUES (594, 'Toyota', 'Corolla', 'Orange', 60636, 41335.5, 2, 12);
INSERT INTO "Car" ("Car_ID", "Brand", "Model", "Color", "Mileage", "Price", "Car_condition_ID", "Car_dealer_ID") VALUES (595, 'Hyundai', 'i20', 'Orange', 150046, 67942.73, 2, 26);
INSERT INTO "Car" ("Car_ID", "Brand", "Model", "Color", "Mileage", "Price", "Car_condition_ID", "Car_dealer_ID") VALUES (596, 'Toyota', 'Prius', 'Orange', 118739, 26661.47, 3, 11);
INSERT INTO "Car" ("Car_ID", "Brand", "Model", "Color", "Mileage", "Price", "Car_condition_ID", "Car_dealer_ID") VALUES (597, 'Ford', 'Mustang', 'Green', 116073, 72197.02, 1, 12);
INSERT INTO "Car" ("Car_ID", "Brand", "Model", "Color", "Mileage", "Price", "Car_condition_ID", "Car_dealer_ID") VALUES (598, 'Volkswagen', 'T-Cross', 'Yellow', 30554, 12311.28, 1, 2);
INSERT INTO "Car" ("Car_ID", "Brand", "Model", "Color", "Mileage", "Price", "Car_condition_ID", "Car_dealer_ID") VALUES (599, 'Hyundai', 'i10', 'Yellow', 4485, 11168.79, 2, 9);
INSERT INTO "Car" ("Car_ID", "Brand", "Model", "Color", "Mileage", "Price", "Car_condition_ID", "Car_dealer_ID") VALUES (600, 'BMW', '440i', 'Green', 152523, 71536.07, 3, 18);
INSERT INTO "Position_history" ("Position_history_ID", "Date_start", "Date_end", "Position_ID", "Employee_ID") VALUES (1, '2014-12-24', NULL, 1, 1);
INSERT INTO "Position_history" ("Position_history_ID", "Date_start", "Date_end", "Position_ID", "Employee_ID") VALUES (2, '2014-10-14', NULL, 1, 2);
INSERT INTO "Position_history" ("Position_history_ID", "Date_start", "Date_end", "Position_ID", "Employee_ID") VALUES (3, '2021-10-08', NULL, 2, 3);
INSERT INTO "Position_history" ("Position_history_ID", "Date_start", "Date_end", "Position_ID", "Employee_ID") VALUES (4, '2017-12-17', NULL, 2, 4);
INSERT INTO "Position_history" ("Position_history_ID", "Date_start", "Date_end", "Position_ID", "Employee_ID") VALUES (5, '2019-01-20', NULL, 2, 5);
INSERT INTO "Position_history" ("Position_history_ID", "Date_start", "Date_end", "Position_ID", "Employee_ID") VALUES (6, '2020-10-26', NULL, 3, 6);
INSERT INTO "Position_history" ("Position_history_ID", "Date_start", "Date_end", "Position_ID", "Employee_ID") VALUES (7, '2020-03-24', NULL, 3, 7);
INSERT INTO "Position_history" ("Position_history_ID", "Date_start", "Date_end", "Position_ID", "Employee_ID") VALUES (8, '2024-10-13', NULL, 2, 8);
INSERT INTO "Position_history" ("Position_history_ID", "Date_start", "Date_end", "Position_ID", "Employee_ID") VALUES (9, '2024-04-16', NULL, 2, 9);
INSERT INTO "Position_history" ("Position_history_ID", "Date_start", "Date_end", "Position_ID", "Employee_ID") VALUES (10, '2022-08-06', NULL, 1, 10);
INSERT INTO "Position_history" ("Position_history_ID", "Date_start", "Date_end", "Position_ID", "Employee_ID") VALUES (11, '2020-07-18', NULL, 3, 11);
INSERT INTO "Position_history" ("Position_history_ID", "Date_start", "Date_end", "Position_ID", "Employee_ID") VALUES (12, '2017-03-11', NULL, 1, 12);
INSERT INTO "Position_history" ("Position_history_ID", "Date_start", "Date_end", "Position_ID", "Employee_ID") VALUES (13, '2023-01-25', NULL, 1, 13);
INSERT INTO "Position_history" ("Position_history_ID", "Date_start", "Date_end", "Position_ID", "Employee_ID") VALUES (14, '2017-12-19', NULL, 2, 14);
INSERT INTO "Position_history" ("Position_history_ID", "Date_start", "Date_end", "Position_ID", "Employee_ID") VALUES (15, '2018-01-11', NULL, 2, 15);
INSERT INTO "Position_history" ("Position_history_ID", "Date_start", "Date_end", "Position_ID", "Employee_ID") VALUES (16, '2020-11-08', NULL, 1, 16);
INSERT INTO "Position_history" ("Position_history_ID", "Date_start", "Date_end", "Position_ID", "Employee_ID") VALUES (17, '2024-08-18', NULL, 2, 17);
INSERT INTO "Position_history" ("Position_history_ID", "Date_start", "Date_end", "Position_ID", "Employee_ID") VALUES (18, '2019-03-19', NULL, 2, 18);
INSERT INTO "Position_history" ("Position_history_ID", "Date_start", "Date_end", "Position_ID", "Employee_ID") VALUES (19, '2019-12-10', NULL, 2, 19);
INSERT INTO "Position_history" ("Position_history_ID", "Date_start", "Date_end", "Position_ID", "Employee_ID") VALUES (20, '2021-06-26', NULL, 3, 20);
INSERT INTO "Position_history" ("Position_history_ID", "Date_start", "Date_end", "Position_ID", "Employee_ID") VALUES (21, '2017-06-09', NULL, 1, 21);
INSERT INTO "Position_history" ("Position_history_ID", "Date_start", "Date_end", "Position_ID", "Employee_ID") VALUES (22, '2016-10-06', NULL, 3, 22);
INSERT INTO "Position_history" ("Position_history_ID", "Date_start", "Date_end", "Position_ID", "Employee_ID") VALUES (23, '2016-04-22', NULL, 1, 23);
INSERT INTO "Position_history" ("Position_history_ID", "Date_start", "Date_end", "Position_ID", "Employee_ID") VALUES (24, '2015-02-24', NULL, 2, 24);
INSERT INTO "Position_history" ("Position_history_ID", "Date_start", "Date_end", "Position_ID", "Employee_ID") VALUES (25, '2015-05-07', NULL, 3, 25);
INSERT INTO "Position_history" ("Position_history_ID", "Date_start", "Date_end", "Position_ID", "Employee_ID") VALUES (26, '2018-05-16', NULL, 3, 26);
INSERT INTO "Position_history" ("Position_history_ID", "Date_start", "Date_end", "Position_ID", "Employee_ID") VALUES (27, '2020-05-04', NULL, 2, 27);
INSERT INTO "Position_history" ("Position_history_ID", "Date_start", "Date_end", "Position_ID", "Employee_ID") VALUES (28, '2016-07-03', NULL, 2, 28);
INSERT INTO "Position_history" ("Position_history_ID", "Date_start", "Date_end", "Position_ID", "Employee_ID") VALUES (29, '2019-12-24', NULL, 3, 29);
INSERT INTO "Position_history" ("Position_history_ID", "Date_start", "Date_end", "Position_ID", "Employee_ID") VALUES (30, '2019-06-02', NULL, 2, 30);
INSERT INTO "Position_history" ("Position_history_ID", "Date_start", "Date_end", "Position_ID", "Employee_ID") VALUES (31, '2015-02-04', NULL, 2, 31);
INSERT INTO "Position_history" ("Position_history_ID", "Date_start", "Date_end", "Position_ID", "Employee_ID") VALUES (32, '2016-12-07', NULL, 2, 32);
INSERT INTO "Position_history" ("Position_history_ID", "Date_start", "Date_end", "Position_ID", "Employee_ID") VALUES (33, '2017-07-04', NULL, 2, 33);
INSERT INTO "Position_history" ("Position_history_ID", "Date_start", "Date_end", "Position_ID", "Employee_ID") VALUES (34, '2024-03-26', NULL, 3, 34);
INSERT INTO "Position_history" ("Position_history_ID", "Date_start", "Date_end", "Position_ID", "Employee_ID") VALUES (35, '2015-06-28', NULL, 3, 35);
INSERT INTO "Position_history" ("Position_history_ID", "Date_start", "Date_end", "Position_ID", "Employee_ID") VALUES (36, '2022-06-19', NULL, 3, 36);
INSERT INTO "Position_history" ("Position_history_ID", "Date_start", "Date_end", "Position_ID", "Employee_ID") VALUES (37, '2017-07-18', NULL, 3, 37);
INSERT INTO "Position_history" ("Position_history_ID", "Date_start", "Date_end", "Position_ID", "Employee_ID") VALUES (38, '2016-12-11', NULL, 3, 38);
INSERT INTO "Position_history" ("Position_history_ID", "Date_start", "Date_end", "Position_ID", "Employee_ID") VALUES (39, '2021-06-23', NULL, 2, 39);
INSERT INTO "Position_history" ("Position_history_ID", "Date_start", "Date_end", "Position_ID", "Employee_ID") VALUES (40, '2016-08-13', NULL, 3, 40);
INSERT INTO "Position_history" ("Position_history_ID", "Date_start", "Date_end", "Position_ID", "Employee_ID") VALUES (41, '2016-02-17', NULL, 2, 41);
INSERT INTO "Position_history" ("Position_history_ID", "Date_start", "Date_end", "Position_ID", "Employee_ID") VALUES (42, '2020-12-07', NULL, 2, 42);
INSERT INTO "Position_history" ("Position_history_ID", "Date_start", "Date_end", "Position_ID", "Employee_ID") VALUES (43, '2019-12-06', NULL, 1, 43);
INSERT INTO "Position_history" ("Position_history_ID", "Date_start", "Date_end", "Position_ID", "Employee_ID") VALUES (44, '2023-03-08', NULL, 1, 44);
INSERT INTO "Position_history" ("Position_history_ID", "Date_start", "Date_end", "Position_ID", "Employee_ID") VALUES (45, '2017-02-10', NULL, 2, 45);
INSERT INTO "Position_history" ("Position_history_ID", "Date_start", "Date_end", "Position_ID", "Employee_ID") VALUES (46, '2024-01-10', NULL, 3, 46);
INSERT INTO "Position_history" ("Position_history_ID", "Date_start", "Date_end", "Position_ID", "Employee_ID") VALUES (47, '2018-12-13', NULL, 2, 47);
INSERT INTO "Position_history" ("Position_history_ID", "Date_start", "Date_end", "Position_ID", "Employee_ID") VALUES (48, '2019-03-31', NULL, 1, 48);
INSERT INTO "Position_history" ("Position_history_ID", "Date_start", "Date_end", "Position_ID", "Employee_ID") VALUES (49, '2022-10-17', NULL, 1, 49);
INSERT INTO "Position_history" ("Position_history_ID", "Date_start", "Date_end", "Position_ID", "Employee_ID") VALUES (50, '2014-08-11', NULL, 1, 50);
INSERT INTO "Position_history" ("Position_history_ID", "Date_start", "Date_end", "Position_ID", "Employee_ID") VALUES (51, '2017-08-13', NULL, 1, 51);
INSERT INTO "Position_history" ("Position_history_ID", "Date_start", "Date_end", "Position_ID", "Employee_ID") VALUES (52, '2014-12-18', NULL, 1, 52);
INSERT INTO "Position_history" ("Position_history_ID", "Date_start", "Date_end", "Position_ID", "Employee_ID") VALUES (53, '2024-01-09', NULL, 2, 53);
INSERT INTO "Position_history" ("Position_history_ID", "Date_start", "Date_end", "Position_ID", "Employee_ID") VALUES (54, '2022-11-27', NULL, 2, 54);
INSERT INTO "Position_history" ("Position_history_ID", "Date_start", "Date_end", "Position_ID", "Employee_ID") VALUES (55, '2019-02-27', NULL, 2, 55);
INSERT INTO "Position_history" ("Position_history_ID", "Date_start", "Date_end", "Position_ID", "Employee_ID") VALUES (56, '2019-05-30', NULL, 1, 56);
INSERT INTO "Position_history" ("Position_history_ID", "Date_start", "Date_end", "Position_ID", "Employee_ID") VALUES (57, '2019-03-27', NULL, 3, 57);
INSERT INTO "Position_history" ("Position_history_ID", "Date_start", "Date_end", "Position_ID", "Employee_ID") VALUES (58, '2018-02-09', NULL, 2, 58);
INSERT INTO "Position_history" ("Position_history_ID", "Date_start", "Date_end", "Position_ID", "Employee_ID") VALUES (59, '2016-10-06', NULL, 3, 59);
INSERT INTO "Position_history" ("Position_history_ID", "Date_start", "Date_end", "Position_ID", "Employee_ID") VALUES (60, '2014-02-28', NULL, 3, 60);
INSERT INTO "Position_history" ("Position_history_ID", "Date_start", "Date_end", "Position_ID", "Employee_ID") VALUES (61, '2023-09-09', NULL, 1, 61);
INSERT INTO "Position_history" ("Position_history_ID", "Date_start", "Date_end", "Position_ID", "Employee_ID") VALUES (62, '2019-12-31', NULL, 2, 62);
INSERT INTO "Position_history" ("Position_history_ID", "Date_start", "Date_end", "Position_ID", "Employee_ID") VALUES (63, '2018-05-05', NULL, 1, 63);
INSERT INTO "Position_history" ("Position_history_ID", "Date_start", "Date_end", "Position_ID", "Employee_ID") VALUES (64, '2021-07-15', NULL, 3, 64);
INSERT INTO "Position_history" ("Position_history_ID", "Date_start", "Date_end", "Position_ID", "Employee_ID") VALUES (65, '2015-12-13', NULL, 1, 65);
INSERT INTO "Position_history" ("Position_history_ID", "Date_start", "Date_end", "Position_ID", "Employee_ID") VALUES (66, '2016-01-04', NULL, 3, 66);
INSERT INTO "Position_history" ("Position_history_ID", "Date_start", "Date_end", "Position_ID", "Employee_ID") VALUES (67, '2016-11-26', NULL, 1, 67);
INSERT INTO "Position_history" ("Position_history_ID", "Date_start", "Date_end", "Position_ID", "Employee_ID") VALUES (68, '2015-12-10', NULL, 2, 68);
INSERT INTO "Position_history" ("Position_history_ID", "Date_start", "Date_end", "Position_ID", "Employee_ID") VALUES (69, '2021-02-08', NULL, 2, 69);
INSERT INTO "Position_history" ("Position_history_ID", "Date_start", "Date_end", "Position_ID", "Employee_ID") VALUES (70, '2022-01-14', NULL, 2, 70);
INSERT INTO "Position_history" ("Position_history_ID", "Date_start", "Date_end", "Position_ID", "Employee_ID") VALUES (71, '2019-04-21', NULL, 2, 71);
INSERT INTO "Position_history" ("Position_history_ID", "Date_start", "Date_end", "Position_ID", "Employee_ID") VALUES (72, '2016-08-09', NULL, 3, 72);
INSERT INTO "Position_history" ("Position_history_ID", "Date_start", "Date_end", "Position_ID", "Employee_ID") VALUES (73, '2021-04-08', NULL, 2, 73);
INSERT INTO "Position_history" ("Position_history_ID", "Date_start", "Date_end", "Position_ID", "Employee_ID") VALUES (74, '2014-02-06', NULL, 1, 74);
INSERT INTO "Position_history" ("Position_history_ID", "Date_start", "Date_end", "Position_ID", "Employee_ID") VALUES (75, '2016-10-20', NULL, 3, 75);
INSERT INTO "Position_history" ("Position_history_ID", "Date_start", "Date_end", "Position_ID", "Employee_ID") VALUES (76, '2016-12-07', NULL, 2, 76);
INSERT INTO "Position_history" ("Position_history_ID", "Date_start", "Date_end", "Position_ID", "Employee_ID") VALUES (77, '2017-07-17', NULL, 3, 77);
INSERT INTO "Position_history" ("Position_history_ID", "Date_start", "Date_end", "Position_ID", "Employee_ID") VALUES (78, '2019-07-11', NULL, 3, 78);
INSERT INTO "Position_history" ("Position_history_ID", "Date_start", "Date_end", "Position_ID", "Employee_ID") VALUES (79, '2018-01-14', NULL, 3, 79);
INSERT INTO "Position_history" ("Position_history_ID", "Date_start", "Date_end", "Position_ID", "Employee_ID") VALUES (80, '2019-11-28', NULL, 2, 80);
INSERT INTO "Position_history" ("Position_history_ID", "Date_start", "Date_end", "Position_ID", "Employee_ID") VALUES (81, '2021-05-21', NULL, 3, 81);
INSERT INTO "Position_history" ("Position_history_ID", "Date_start", "Date_end", "Position_ID", "Employee_ID") VALUES (82, '2022-11-01', NULL, 1, 82);
INSERT INTO "Position_history" ("Position_history_ID", "Date_start", "Date_end", "Position_ID", "Employee_ID") VALUES (83, '2024-12-19', NULL, 3, 83);
INSERT INTO "Position_history" ("Position_history_ID", "Date_start", "Date_end", "Position_ID", "Employee_ID") VALUES (84, '2024-11-17', NULL, 1, 84);
INSERT INTO "Position_history" ("Position_history_ID", "Date_start", "Date_end", "Position_ID", "Employee_ID") VALUES (85, '2014-03-06', NULL, 2, 85);
INSERT INTO "Position_history" ("Position_history_ID", "Date_start", "Date_end", "Position_ID", "Employee_ID") VALUES (86, '2016-03-25', NULL, 1, 86);
INSERT INTO "Position_history" ("Position_history_ID", "Date_start", "Date_end", "Position_ID", "Employee_ID") VALUES (87, '2024-05-09', NULL, 1, 87);
INSERT INTO "Position_history" ("Position_history_ID", "Date_start", "Date_end", "Position_ID", "Employee_ID") VALUES (88, '2024-07-07', NULL, 1, 88);
INSERT INTO "Position_history" ("Position_history_ID", "Date_start", "Date_end", "Position_ID", "Employee_ID") VALUES (89, '2020-03-19', NULL, 2, 89);
INSERT INTO "Position_history" ("Position_history_ID", "Date_start", "Date_end", "Position_ID", "Employee_ID") VALUES (90, '2015-07-17', NULL, 1, 90);
INSERT INTO "Position_history" ("Position_history_ID", "Date_start", "Date_end", "Position_ID", "Employee_ID") VALUES (91, '2017-02-24', NULL, 1, 91);
INSERT INTO "Position_history" ("Position_history_ID", "Date_start", "Date_end", "Position_ID", "Employee_ID") VALUES (92, '2015-12-31', NULL, 3, 92);
INSERT INTO "Position_history" ("Position_history_ID", "Date_start", "Date_end", "Position_ID", "Employee_ID") VALUES (93, '2023-09-14', NULL, 3, 93);
INSERT INTO "Position_history" ("Position_history_ID", "Date_start", "Date_end", "Position_ID", "Employee_ID") VALUES (94, '2017-07-20', NULL, 3, 94);
INSERT INTO "Position_history" ("Position_history_ID", "Date_start", "Date_end", "Position_ID", "Employee_ID") VALUES (95, '2022-10-28', NULL, 2, 95);
INSERT INTO "Position_history" ("Position_history_ID", "Date_start", "Date_end", "Position_ID", "Employee_ID") VALUES (96, '2024-09-18', NULL, 1, 96);
INSERT INTO "Position_history" ("Position_history_ID", "Date_start", "Date_end", "Position_ID", "Employee_ID") VALUES (97, '2022-05-07', NULL, 3, 97);
INSERT INTO "Position_history" ("Position_history_ID", "Date_start", "Date_end", "Position_ID", "Employee_ID") VALUES (98, '2017-10-26', NULL, 1, 98);
INSERT INTO "Position_history" ("Position_history_ID", "Date_start", "Date_end", "Position_ID", "Employee_ID") VALUES (99, '2018-05-31', NULL, 1, 99);
INSERT INTO "Position_history" ("Position_history_ID", "Date_start", "Date_end", "Position_ID", "Employee_ID") VALUES (100, '2024-02-24', NULL, 3, 100);
INSERT INTO "Login_credentials" ("Login_credentials_ID", "Login", "Password") VALUES (3, 'boQuZHoCC', 'Nu6MLCTL3hWVP');
INSERT INTO "Login_credentials" ("Login_credentials_ID", "Login", "Password") VALUES (4, 'KWXXBrycE', 'UILlAwiO686YrQsx');
INSERT INTO "Login_credentials" ("Login_credentials_ID", "Login", "Password") VALUES (5, 'ZOJTbBL', 'dRkkeocO');
INSERT INTO "Login_credentials" ("Login_credentials_ID", "Login", "Password") VALUES (8, 'NjMewoJT', 'AevzsjFOAN6wtmC');
INSERT INTO "Login_credentials" ("Login_credentials_ID", "Login", "Password") VALUES (9, 'OJWEl', 'dxVd9m0mjWwE');
INSERT INTO "Login_credentials" ("Login_credentials_ID", "Login", "Password") VALUES (14, 'PrhxZG', 'uqdx1bNWDWe');
INSERT INTO "Login_credentials" ("Login_credentials_ID", "Login", "Password") VALUES (15, 'SMWFv', '9KKe1ZTmE0Uk');
INSERT INTO "Login_credentials" ("Login_credentials_ID", "Login", "Password") VALUES (17, 'JxCeTU', '9epk9OfhuNcFAiSl');
INSERT INTO "Login_credentials" ("Login_credentials_ID", "Login", "Password") VALUES (18, 'oUjBwaaKB', 'V6FWr2nP');
INSERT INTO "Login_credentials" ("Login_credentials_ID", "Login", "Password") VALUES (19, 'bLfLlQByxs', 'O11Li2BW3RS');
INSERT INTO "Login_credentials" ("Login_credentials_ID", "Login", "Password") VALUES (24, 'SXchUelQ', 'DTiJYXiZHa0');
INSERT INTO "Login_credentials" ("Login_credentials_ID", "Login", "Password") VALUES (27, 'fHCGFU', '3PXr3l4lqzQaGeN');
INSERT INTO "Login_credentials" ("Login_credentials_ID", "Login", "Password") VALUES (28, 'QvhBCgaBZ', 'fofJ7iwY4tCzpqcu');
INSERT INTO "Login_credentials" ("Login_credentials_ID", "Login", "Password") VALUES (30, 'pSrJYAo', 'WQyAtfSYEG2');
INSERT INTO "Login_credentials" ("Login_credentials_ID", "Login", "Password") VALUES (31, 'DTpnnAUDA', 'svmXcyrF3DXuB');
INSERT INTO "Login_credentials" ("Login_credentials_ID", "Login", "Password") VALUES (32, 'nwsUVG', 'lljbmALifxhV');
INSERT INTO "Login_credentials" ("Login_credentials_ID", "Login", "Password") VALUES (33, 'GBYVH', 'qSWyGLLjrtyrRN');
INSERT INTO "Login_credentials" ("Login_credentials_ID", "Login", "Password") VALUES (39, 'cqnjz', 'xwuqk4A7t');
INSERT INTO "Login_credentials" ("Login_credentials_ID", "Login", "Password") VALUES (41, 'cfuTKJnyZs', 'jP3MgSu02PK7');
INSERT INTO "Login_credentials" ("Login_credentials_ID", "Login", "Password") VALUES (42, 'YHIENdfJj', 'TZbAhzGpoP3rA');
INSERT INTO "Login_credentials" ("Login_credentials_ID", "Login", "Password") VALUES (45, 'myfpup', '3hDzyfQZihXG');
INSERT INTO "Login_credentials" ("Login_credentials_ID", "Login", "Password") VALUES (47, 'bDYiGPTZO', 'bjLbECy36z01');
INSERT INTO "Login_credentials" ("Login_credentials_ID", "Login", "Password") VALUES (53, 'ulhefYk', 'HUbTfS9Rl0');
INSERT INTO "Login_credentials" ("Login_credentials_ID", "Login", "Password") VALUES (54, 'exOYoetZ', 'n7r1Au1bCOzUi');
INSERT INTO "Login_credentials" ("Login_credentials_ID", "Login", "Password") VALUES (55, 'IMHpdfH', '5F1MdKsdj');
INSERT INTO "Login_credentials" ("Login_credentials_ID", "Login", "Password") VALUES (58, 'TfAStC', '3h2VomNK7tx8b9AB');
INSERT INTO "Login_credentials" ("Login_credentials_ID", "Login", "Password") VALUES (62, 'wNAShlDp', 'WqZBbb4e');
INSERT INTO "Login_credentials" ("Login_credentials_ID", "Login", "Password") VALUES (68, 'decYl', 'Typ52a3LCqTpWf');
INSERT INTO "Login_credentials" ("Login_credentials_ID", "Login", "Password") VALUES (69, 'tuCrsRBWU', 'oA652selpc');
INSERT INTO "Login_credentials" ("Login_credentials_ID", "Login", "Password") VALUES (70, 'dQaalUiW', 'YR83g0U9b3');
INSERT INTO "Login_credentials" ("Login_credentials_ID", "Login", "Password") VALUES (71, 'ZcSanYtSLh', 'w6K5lk4Au5Jgly1');
INSERT INTO "Login_credentials" ("Login_credentials_ID", "Login", "Password") VALUES (73, 'omziunz', 'MzvZfKtzEEn2ym');
INSERT INTO "Login_credentials" ("Login_credentials_ID", "Login", "Password") VALUES (76, 'EZHkcrJ', 'otMNJW1h');
INSERT INTO "Login_credentials" ("Login_credentials_ID", "Login", "Password") VALUES (80, 'vDnuVYDc', 'nm9ZyGOfjzd4o');
INSERT INTO "Login_credentials" ("Login_credentials_ID", "Login", "Password") VALUES (85, 'vkOMou', 'i9x328CyJ');
INSERT INTO "Login_credentials" ("Login_credentials_ID", "Login", "Password") VALUES (89, 'vagSdaiQu', '2f60v4g0HknvD5');
INSERT INTO "Login_credentials" ("Login_credentials_ID", "Login", "Password") VALUES (95, 'qsbgFuN', '3FFPLnp26');
UPDATE "Employee" SET "Login_credentials_ID" = 3 WHERE "Employee_ID" = 3;
UPDATE "Employee" SET "Login_credentials_ID" = 4 WHERE "Employee_ID" = 4;
UPDATE "Employee" SET "Login_credentials_ID" = 5 WHERE "Employee_ID" = 5;
UPDATE "Employee" SET "Login_credentials_ID" = 8 WHERE "Employee_ID" = 8;
UPDATE "Employee" SET "Login_credentials_ID" = 9 WHERE "Employee_ID" = 9;
UPDATE "Employee" SET "Login_credentials_ID" = 14 WHERE "Employee_ID" = 14;
UPDATE "Employee" SET "Login_credentials_ID" = 15 WHERE "Employee_ID" = 15;
UPDATE "Employee" SET "Login_credentials_ID" = 17 WHERE "Employee_ID" = 17;
UPDATE "Employee" SET "Login_credentials_ID" = 18 WHERE "Employee_ID" = 18;
UPDATE "Employee" SET "Login_credentials_ID" = 19 WHERE "Employee_ID" = 19;
UPDATE "Employee" SET "Login_credentials_ID" = 24 WHERE "Employee_ID" = 24;
UPDATE "Employee" SET "Login_credentials_ID" = 27 WHERE "Employee_ID" = 27;
UPDATE "Employee" SET "Login_credentials_ID" = 28 WHERE "Employee_ID" = 28;
UPDATE "Employee" SET "Login_credentials_ID" = 30 WHERE "Employee_ID" = 30;
UPDATE "Employee" SET "Login_credentials_ID" = 31 WHERE "Employee_ID" = 31;
UPDATE "Employee" SET "Login_credentials_ID" = 32 WHERE "Employee_ID" = 32;
UPDATE "Employee" SET "Login_credentials_ID" = 33 WHERE "Employee_ID" = 33;
UPDATE "Employee" SET "Login_credentials_ID" = 39 WHERE "Employee_ID" = 39;
UPDATE "Employee" SET "Login_credentials_ID" = 41 WHERE "Employee_ID" = 41;
UPDATE "Employee" SET "Login_credentials_ID" = 42 WHERE "Employee_ID" = 42;
UPDATE "Employee" SET "Login_credentials_ID" = 45 WHERE "Employee_ID" = 45;
UPDATE "Employee" SET "Login_credentials_ID" = 47 WHERE "Employee_ID" = 47;
UPDATE "Employee" SET "Login_credentials_ID" = 53 WHERE "Employee_ID" = 53;
UPDATE "Employee" SET "Login_credentials_ID" = 54 WHERE "Employee_ID" = 54;
UPDATE "Employee" SET "Login_credentials_ID" = 55 WHERE "Employee_ID" = 55;
UPDATE "Employee" SET "Login_credentials_ID" = 58 WHERE "Employee_ID" = 58;
UPDATE "Employee" SET "Login_credentials_ID" = 62 WHERE "Employee_ID" = 62;
UPDATE "Employee" SET "Login_credentials_ID" = 68 WHERE "Employee_ID" = 68;
UPDATE "Employee" SET "Login_credentials_ID" = 69 WHERE "Employee_ID" = 69;
UPDATE "Employee" SET "Login_credentials_ID" = 70 WHERE "Employee_ID" = 70;
UPDATE "Employee" SET "Login_credentials_ID" = 71 WHERE "Employee_ID" = 71;
UPDATE "Employee" SET "Login_credentials_ID" = 73 WHERE "Employee_ID" = 73;
UPDATE "Employee" SET "Login_credentials_ID" = 76 WHERE "Employee_ID" = 76;
UPDATE "Employee" SET "Login_credentials_ID" = 80 WHERE "Employee_ID" = 80;
UPDATE "Employee" SET "Login_credentials_ID" = 85 WHERE "Employee_ID" = 85;
UPDATE "Employee" SET "Login_credentials_ID" = 89 WHERE "Employee_ID" = 89;
UPDATE "Employee" SET "Login_credentials_ID" = 95 WHERE "Employee_ID" = 95;
